AccountId,Name,RegistrationDate,AddressId,EngagementStageId,Email,Timezone,CreatedDate,ModifiedDate,SourceSystemId,SourceId
e5ebde91-fcd8-4644-88d7-25f9bc03a87a,Pilgrim's Pride,2015-08-20 04:45:14.249971,f3b1eb05-e3d6-4dc5-b5e8-039a94c0d849,422fbd86-e43c-4781-bde3-aada1b45317f,arts1819@example.com,America/New_York,2025-07-30 16:33:05.306764,2025-07-30 16:33:05.306764,54926422-54e6-4789-91e9-b65f107e7bed,bb05204b-9818-4e53-9036-6b29b936b0fb
eb35638b-de9c-4729-a915-517c1384d971,Enrich Garden Services,2014-10-10 07:45:31.252102,ecd380ef-d00f-4286-b988-5c97fccb4565,422fbd86-e43c-4781-bde3-aada1b45317f,perspectives1910@outlook.com,UTC,2025-07-30 16:33:05.306764,2025-07-30 16:33:05.306764,1cea9fe0-18aa-47c6-bcbe-7044cedbb504,bb05204b-9818-4e53-9036-6b29b936b0fb
be1ec15a-2dfa-42ba-a0af-d924e15464a3,Blockbuster Inc.,2008-05-01 06:55:36.252244,4d020fcb-2a19-44f9-978d-d572ef1ebbe4,422fbd86-e43c-4781-bde3-aada1b45317f,express2029@example.org,UTC,2025-07-30 16:33:05.306764,2025-07-30 16:33:05.306764,c31e8b7d-2822-4a47-87ce-16d7a21c631f,bb05204b-9818-4e53-9036-6b29b936b0fb
c076987c-8f33-4db7-8ef4-580a774e9424,Enrich Garden Services,2010-04-06 12:03:25.252337,dab860db-078d-4cbf-bd7f-b7bc4580b98b,1d5af409-96bd-4aba-9ebb-458bb49ab709,manual1821@yahoo.com,UTC,2025-07-30 16:33:05.306764,2025-07-30 16:33:05.306764,b7e7a363-7636-4230-857e-c2f64bcc967d,bb05204b-9818-4e53-9036-6b29b936b0fb
eb80d0d0-7d73-436d-b90a-22e3e8c1d47f,Biggby Coffee,2008-07-03 10:01:57.252429,14cdc2d2-3ba2-4e1c-a5d2-1d54ef90d55d,3cb73a5b-bc71-44ac-bc58-7eb88e6fad14,half1895@example.com,America/New_York,2025-07-30 16:33:05.306764,2025-07-30 16:33:05.306764,1810e257-46dc-4565-9c18-a808c99ed3be,bb05204b-9818-4e53-9036-6b29b936b0fb
cb7b5432-5d44-4522-b52b-3644731a241f,Snap-on Tools,2013-05-21 01:41:17.252520,60ec215b-dc7e-485e-8714-3fd0523c6b65,1d5af409-96bd-4aba-9ebb-458bb49ab709,dare1826@yahoo.com,Europe/London,2025-07-30 16:33:05.306764,2025-07-30 16:33:05.306764,e8f35b9e-15d9-41a4-ada6-c46164aac93f,bb05204b-9818-4e53-9036-6b29b936b0fb
aba1d9fe-422c-4e55-b8c9-8978ac35a619,Johnson & Johnson,2018-03-13 22:59:43.252608,b030c956-ccd1-45d9-be5d-516fefea2378,422fbd86-e43c-4781-bde3-aada1b45317f,improvements2059@protonmail.com,Europe/Prague,2025-07-30 16:33:05.306764,2025-07-30 16:33:05.306764,f096e679-1466-4dab-8a50-46df88686c8c,bb05204b-9818-4e53-9036-6b29b936b0fb
f325c4bc-172f-49b8-ab50-39969ed2a1bb,Northrop Grumman,2008-06-16 08:27:34.252695,5e46f90e-fd55-491a-a1a4-06153454b4df,422fbd86-e43c-4781-bde3-aada1b45317f,mary1900@outlook.com,Europe/London,2025-07-30 16:33:05.306764,2025-07-30 16:33:05.306764,2c2e4cb4-2a35-45df-bb0e-43c424b64494,bb05204b-9818-4e53-9036-6b29b936b0fb
31710fb5-e9bd-462c-8910-cf6378a3f168,Avis Budget Group,2018-03-19 21:07:10.252785,3fb615a9-8899-4bff-a90d-8e4e0ad13089,1d5af409-96bd-4aba-9ebb-458bb49ab709,self1913@gmail.com,Europe/London,2025-07-30 16:33:05.306764,2025-07-30 16:33:05.306764,a72a2648-8045-4546-acbb-43e4da3b556c,bb05204b-9818-4e53-9036-6b29b936b0fb
4bcb2d81-83ce-4205-91dd-ee88728b0b62,"PalmSource, Inc.",2020-04-14 00:09:52.252955,90482a06-d7d9-4762-ae75-b1783da07cce,422fbd86-e43c-4781-bde3-aada1b45317f,marijuana1824@protonmail.com,Europe/London,2025-07-30 16:33:05.306764,2025-07-30 16:33:05.306764,d92bf495-865c-452c-8591-399effb16203,bb05204b-9818-4e53-9036-6b29b936b0fb
40a2a662-09ae-4c75-b7a0-939890fd9b80,Motorola,2016-11-14 02:54:03.253073,7ee5ce83-1594-4e9b-bad9-d97dc5add9c9,422fbd86-e43c-4781-bde3-aada1b45317f,searching2019@yandex.com,Europe/Prague,2025-07-30 16:33:05.306764,2025-07-30 16:33:05.306764,816b60b5-5238-4870-a42a-e256cd8271f6,bb05204b-9818-4e53-9036-6b29b936b0fb
0f65435a-7a6a-411e-9cd2-6b8ee9d77985,American Eagle Outfitters,2006-02-15 01:42:12.253171,4d73150c-1429-40b1-80e5-b5b190599af9,903cdea3-1e89-4418-81c9-99a7a7a25da2,stevens2037@outlook.com,Europe/London,2025-07-30 16:33:05.306764,2025-07-30 16:33:05.306764,d81d06cf-ca89-4bfd-8567-55c2979063f6,bb05204b-9818-4e53-9036-6b29b936b0fb
23a50e8d-63e4-477e-9c0e-9ff4c395d490,Forum Communications,2006-02-11 17:50:16.253286,598ea7da-6504-4810-9f71-8450afb6c9c0,3cb73a5b-bc71-44ac-bc58-7eb88e6fad14,echo1896@live.com,Australia/Sydney,2025-07-30 16:33:05.306764,2025-07-30 16:33:05.306764,e71384b4-393a-446a-9d1a-333b55d1432f,bb05204b-9818-4e53-9036-6b29b936b0fb
14d970bd-fee4-4b7e-8d3e-942c571ac5f3,ManPower,2019-08-11 07:23:02.253382,0ce3c4b5-46c9-40ef-91f4-dfd9c57fc165,903cdea3-1e89-4418-81c9-99a7a7a25da2,symphony1972@protonmail.com,America/New_York,2025-07-30 16:33:05.306764,2025-07-30 16:33:05.306764,16c028a5-0179-40d5-911a-7f8636765577,bb05204b-9818-4e53-9036-6b29b936b0fb
1eed8daf-c055-407c-b273-262bb4dac90a,Buena Vista Realty Service,2012-02-06 06:43:56.253476,e0447705-6197-4190-9b6a-d452f95073ac,3cb73a5b-bc71-44ac-bc58-7eb88e6fad14,programmer1990@gmail.com,Europe/Prague,2025-07-30 16:33:05.306764,2025-07-30 16:33:05.306764,b67ed809-5f48-4ba3-ab18-3277b13c78aa,bb05204b-9818-4e53-9036-6b29b936b0fb
13d1280b-70b3-429d-9063-c20f7121b5d3,Sexy Babe,2019-05-09 21:04:18.253563,7e2c722c-2412-4ff1-a151-8a9d1afc1670,3cb73a5b-bc71-44ac-bc58-7eb88e6fad14,away1972@gmail.com,Australia/Sydney,2025-07-30 16:33:05.306764,2025-07-30 16:33:05.306764,efc5b960-b575-4dae-b4f0-d0fe710afc58,bb05204b-9818-4e53-9036-6b29b936b0fb
beebf0f0-25bf-45cb-99a9-6e168017efb6,WWW Realty,2025-07-13 03:05:20.253647,f691211a-72eb-4048-a811-50b85d8a1248,903cdea3-1e89-4418-81c9-99a7a7a25da2,alternative1882@example.org,Asia/Tokyo,2025-07-30 16:33:05.306764,2025-07-30 16:33:05.306764,cbd8d3fc-ac5f-41a1-b8e7-4cb06d60a461,bb05204b-9818-4e53-9036-6b29b936b0fb
6c3f6076-4014-43f7-b69b-5326dd4c934e,Dynatronics Accessories,2006-07-03 21:29:59.253730,1786e073-b94d-43e1-b013-e43980cb8c45,903cdea3-1e89-4418-81c9-99a7a7a25da2,spencer1917@yahoo.com,Asia/Tokyo,2025-07-30 16:33:05.306764,2025-07-30 16:33:05.306764,1cc42144-9d70-4981-83ef-4222c55032cb,bb05204b-9818-4e53-9036-6b29b936b0fb
89f2fe56-1b2c-4f90-aae5-b83c7658552f,Eden Lawn Service,2021-09-20 06:27:43.253811,547669e3-6a58-4424-ad71-f3ec8efaeb97,1d5af409-96bd-4aba-9ebb-458bb49ab709,claire2093@outlook.com,Asia/Kolkata,2025-07-30 16:33:05.306764,2025-07-30 16:33:05.306764,1541495c-9ef8-4483-808a-4759375b24f8,bb05204b-9818-4e53-9036-6b29b936b0fb
cdfd8c29-4fee-4912-a7ba-1b4fa5a9baab,Fruit of the Loom,2014-11-12 19:41:04.253910,ab70e2b7-2af3-4b50-b075-a08d4a1ba953,422fbd86-e43c-4781-bde3-aada1b45317f,motel1853@live.com,America/New_York,2025-07-30 16:33:05.306764,2025-07-30 16:33:05.306764,34009b47-0b79-48a3-b8f1-f317a1b65bac,bb05204b-9818-4e53-9036-6b29b936b0fb
3ce674d7-1633-4139-92de-0fd9724d9c0e,Audiovox,2016-07-05 21:07:32.254007,6c8d5f0d-c4d9-430f-bb20-d93d4ce92bf9,422fbd86-e43c-4781-bde3-aada1b45317f,sitting1997@yahoo.com,America/New_York,2025-07-30 16:33:05.306764,2025-07-30 16:33:05.306764,9e42a7ce-4b44-426c-b4cb-ea63700feeac,bb05204b-9818-4e53-9036-6b29b936b0fb
1ab3f4e8-1e21-4659-8916-d1e8f7a54ced,NBC Universal,2020-02-18 08:32:04.254090,7849de93-ae12-46d4-9c6c-9ae386ccf05a,422fbd86-e43c-4781-bde3-aada1b45317f,operational2023@example.org,Europe/Prague,2025-07-30 16:33:05.306764,2025-07-30 16:33:05.306764,5f5c082f-94c5-4593-b3c6-668debe0f1b1,bb05204b-9818-4e53-9036-6b29b936b0fb
c5d42ace-0a46-4a4f-87a7-9ccc764a339b,Bountiful Harvest Health Food Store,2018-11-26 01:16:25.254173,83314cc6-a20c-45a8-9f52-585c3314cbc6,903cdea3-1e89-4418-81c9-99a7a7a25da2,tar1952@yahoo.com,America/New_York,2025-07-30 16:33:05.306764,2025-07-30 16:33:05.306764,947efeb7-7862-483c-a6c9-9a902008186d,bb05204b-9818-4e53-9036-6b29b936b0fb
fed8d0ef-8f9f-4db2-bac1-5fd4031f3338,BlueLinx Holdings,2024-06-23 19:46:44.254255,2f10c21e-001d-46d8-b8a8-2a5230cf7d67,3cb73a5b-bc71-44ac-bc58-7eb88e6fad14,sometimes1981@example.com,America/New_York,2025-07-30 16:33:05.306764,2025-07-30 16:33:05.306764,1b294df2-09ea-486c-8e4f-53623cd29a0c,bb05204b-9818-4e53-9036-6b29b936b0fb
7beb4e5a-fd34-435b-a071-0aca5ae6b85c,Houlihan's,2018-08-30 17:51:54.254341,e3326790-8307-4eff-a9ff-879d6fba038a,422fbd86-e43c-4781-bde3-aada1b45317f,doing2023@example.com,Europe/London,2025-07-30 16:33:05.306764,2025-07-30 16:33:05.306764,5e3a35ca-42bb-4573-b301-ca03279e110b,bb05204b-9818-4e53-9036-6b29b936b0fb
e1ec26b5-eb49-4609-ac48-dc7a90a861ff,QCR Holdings,2024-01-23 22:43:11.254425,304ac5a1-1023-49af-857a-6fa0e6e011b7,422fbd86-e43c-4781-bde3-aada1b45317f,oxford1976@example.com,Europe/London,2025-07-30 16:33:05.306764,2025-07-30 16:33:05.306764,0e3b80fc-b73d-4a35-bcbc-67edf1951d6b,bb05204b-9818-4e53-9036-6b29b936b0fb
dd904662-45c6-4aae-87cd-f11571c5412c,Lawn N' Order Garden Care,2018-08-04 06:48:30.254506,ea1e8368-6410-4b12-be2b-f6615d44c6f9,1d5af409-96bd-4aba-9ebb-458bb49ab709,transmit1999@outlook.com,America/Los_Angeles,2025-07-30 16:33:05.306764,2025-07-30 16:33:05.306764,b4a39222-f746-4193-b6ee-de87367fb24f,bb05204b-9818-4e53-9036-6b29b936b0fb
80368c3a-4113-40c5-b5ea-fa1563724dc8,Clear Channel Communications,2024-02-21 10:19:12.254587,831edbb6-285b-4e67-abcb-d88fbb69e0b4,3cb73a5b-bc71-44ac-bc58-7eb88e6fad14,breach2059@protonmail.com,UTC,2025-07-30 16:33:05.306764,2025-07-30 16:33:05.306764,197581bb-d997-48d4-b6cc-40283b8c59e5,bb05204b-9818-4e53-9036-6b29b936b0fb
2884a727-85f4-472c-98ca-327822438f57,Office Depot,2018-04-11 23:54:13.254668,cfe40b90-5239-48e5-b2f7-7789e0586944,3cb73a5b-bc71-44ac-bc58-7eb88e6fad14,read1859@live.com,Australia/Sydney,2025-07-30 16:33:05.306764,2025-07-30 16:33:05.306764,470ba8e9-8897-4641-84de-6a4ca01104ef,bb05204b-9818-4e53-9036-6b29b936b0fb
b014cb09-d718-4d20-a642-33adac7c173e,Hilton Hotels Corporation,2012-09-07 00:11:19.254903,0e34bbd7-d8d2-4924-b3d1-dabcae2e9eec,1d5af409-96bd-4aba-9ebb-458bb49ab709,forestry2080@yandex.com,Europe/London,2025-07-30 16:33:05.306764,2025-07-30 16:33:05.306764,fb10b932-2904-433a-9d25-c8fc553a62b1,bb05204b-9818-4e53-9036-6b29b936b0fb
bf9c8b09-3011-4fb0-991d-c3f5b166e072,Principal Financial Group,2018-07-29 22:04:44.255000,d534320d-169d-4a27-9430-939279c9e77c,1d5af409-96bd-4aba-9ebb-458bb49ab709,pilot1860@protonmail.com,Europe/London,2025-07-30 16:33:05.306764,2025-07-30 16:33:05.306764,b76f3924-5545-463d-a20f-e0832d68fb03,bb05204b-9818-4e53-9036-6b29b936b0fb
3105096e-8487-46fb-8104-534755075228,Magna Solution,2006-06-01 21:31:41.255085,e1d350f0-de7f-4a73-8a0a-b2898c4236aa,1d5af409-96bd-4aba-9ebb-458bb49ab709,typically1850@yahoo.com,Europe/Prague,2025-07-30 16:33:05.306764,2025-07-30 16:33:05.306764,fd9a222f-548d-485c-ba16-464e45b827a3,bb05204b-9818-4e53-9036-6b29b936b0fb
ebddf3f0-05b1-4dce-8da6-61362d633674,Omni Source,2009-05-29 16:40:24.255167,22b58fdb-f514-4f1f-a8cb-3948315c93ea,3cb73a5b-bc71-44ac-bc58-7eb88e6fad14,hood1840@protonmail.com,America/Los_Angeles,2025-07-30 16:33:05.306764,2025-07-30 16:33:05.306764,8c9a50fd-9234-48dc-ac93-cd45a6536b72,bb05204b-9818-4e53-9036-6b29b936b0fb
db4941dd-d4c9-4c94-87be-501b52d0b0c7,Triumph Group,2022-04-20 16:15:44.255260,b58676d4-25b6-4a27-ae00-71951ad88f5a,3cb73a5b-bc71-44ac-bc58-7eb88e6fad14,faq1993@outlook.com,America/Los_Angeles,2025-07-30 16:33:05.306764,2025-07-30 16:33:05.306764,19469d3a-7f58-4d06-9805-d6a20ffc0b05,bb05204b-9818-4e53-9036-6b29b936b0fb
075d1307-c7c6-4b4b-9831-b2c6917d6343,Doculabs,2019-05-20 10:00:10.255345,64dc6de0-d941-4fe5-b0d8-db8fac84cd70,422fbd86-e43c-4781-bde3-aada1b45317f,locations1955@live.com,Australia/Sydney,2025-07-30 16:33:05.306764,2025-07-30 16:33:05.306764,a6265737-16eb-4ebf-9e36-11f44aae4bbc,bb05204b-9818-4e53-9036-6b29b936b0fb
bc4126d6-ba29-4cbe-bbe5-33034343a2ab,Citrix,2023-06-29 09:33:22.255428,0eb8479e-2cb1-4871-b1f2-89bc03364a9c,1d5af409-96bd-4aba-9ebb-458bb49ab709,vessels1890@yandex.com,America/Los_Angeles,2025-07-30 16:33:05.306764,2025-07-30 16:33:05.306764,4f3c5ee4-3d7d-4193-86e4-e9869d47dbcf,bb05204b-9818-4e53-9036-6b29b936b0fb
c60c40fb-7f4f-4584-a9e2-56c31e582a71,Gartner,2010-09-05 17:50:29.255509,b1e7059a-c64e-4c08-9f40-3e55ead3c8ad,422fbd86-e43c-4781-bde3-aada1b45317f,easter1928@yahoo.com,Asia/Tokyo,2025-07-30 16:33:05.306764,2025-07-30 16:33:05.306764,3552c804-f4b4-4115-8d37-45b746e9165b,bb05204b-9818-4e53-9036-6b29b936b0fb
8e74bcc3-6a2f-408e-a903-5bc06e4c8084,New Balance,2011-09-08 10:22:33.255590,a3c00ac1-bef0-4f53-9970-10690001441c,903cdea3-1e89-4418-81c9-99a7a7a25da2,twiki1995@live.com,UTC,2025-07-30 16:33:05.306764,2025-07-30 16:33:05.306764,49f3c5dc-dca6-48c2-a7e9-cdfa1518f2ee,bb05204b-9818-4e53-9036-6b29b936b0fb
8c647758-e03f-4895-8220-ef1576f3b63c,Red Hat,2023-09-29 08:19:35.255671,ac33d0ab-29af-4f07-af49-0c7f6b900321,1d5af409-96bd-4aba-9ebb-458bb49ab709,supplement2015@duck.com,Australia/Sydney,2025-07-30 16:33:05.306764,2025-07-30 16:33:05.306764,bbf9a6b5-6566-44c5-91ce-b58d2b6de3be,bb05204b-9818-4e53-9036-6b29b936b0fb
8f584a1e-cfbd-4905-92df-84f5d46f1a1e,General Motors,2009-04-28 08:06:29.255754,21684b69-ee93-46a3-8887-9301d8b15c0a,3cb73a5b-bc71-44ac-bc58-7eb88e6fad14,absence2084@outlook.com,Asia/Tokyo,2025-07-30 16:33:05.306764,2025-07-30 16:33:05.306764,ab414e67-f07f-4298-9181-29ea97cca477,bb05204b-9818-4e53-9036-6b29b936b0fb
7b38078f-dc89-4013-9a1f-0010a5dcc9c3,Aon Corporation,2012-10-01 08:10:00.255834,f8c0dd97-cde5-4e34-b598-ffc929a75803,3cb73a5b-bc71-44ac-bc58-7eb88e6fad14,ebony1922@gmail.com,Europe/London,2025-07-30 16:33:05.306764,2025-07-30 16:33:05.306764,9cf2813b-ba74-4c46-ada7-69fe30c89377,bb05204b-9818-4e53-9036-6b29b936b0fb
7473897f-e2bd-4f1d-832a-72a201f43d01,Alienware,2006-12-30 14:14:13.255915,4ba19e87-6a1e-4583-808c-25eddda79047,903cdea3-1e89-4418-81c9-99a7a7a25da2,refined2044@protonmail.com,Europe/London,2025-07-30 16:33:05.306764,2025-07-30 16:33:05.306764,6e7bb0ec-41f0-43d5-9eab-1ad3cd3484f2,bb05204b-9818-4e53-9036-6b29b936b0fb
521314b2-704f-41cd-a062-1c38184f71c6,Reliable Guidance,2021-03-05 00:21:57.256006,5465e3fd-bc39-4709-80b5-e323947319b2,422fbd86-e43c-4781-bde3-aada1b45317f,entered2095@yahoo.com,Europe/London,2025-07-30 16:33:05.306764,2025-07-30 16:33:05.306764,3974954a-cb37-4180-8f8b-705e3a3d2d98,bb05204b-9818-4e53-9036-6b29b936b0fb
28fa369f-6ea4-4e62-b95c-69186e9e38f0,SanDisk,2021-10-20 14:43:28.256087,49683636-9be9-4e30-aa21-88ede4ca95e9,3cb73a5b-bc71-44ac-bc58-7eb88e6fad14,leo2058@example.com,Europe/London,2025-07-30 16:33:05.306764,2025-07-30 16:33:05.306764,d9f297a0-9d39-4aa0-9e05-bff9e622f978,bb05204b-9818-4e53-9036-6b29b936b0fb
583d200e-9706-4876-9e76-9f648cc0cd2e,Infinite Wealth Planners,2020-12-14 14:11:30.256167,a0ae0eb8-ef71-4090-8569-8952c675f6c9,422fbd86-e43c-4781-bde3-aada1b45317f,cookie2065@example.org,Europe/London,2025-07-30 16:33:05.306764,2025-07-30 16:33:05.306764,cf1ceba5-bb4e-471f-aa28-530bf694d453,bb05204b-9818-4e53-9036-6b29b936b0fb
c3e85263-4cc2-453c-9891-7dfc29742192,Red Hat,2012-08-02 20:10:34.256271,89d45522-a54f-4814-854f-d8897604a2fd,903cdea3-1e89-4418-81c9-99a7a7a25da2,kinase1934@example.com,UTC,2025-07-30 16:33:05.306764,2025-07-30 16:33:05.306764,bce467f6-1b3e-452d-8184-2aca1effbb74,bb05204b-9818-4e53-9036-6b29b936b0fb
96640a7f-2b76-4abe-baf1-176248f6706f,Wise Solutions,2010-04-08 19:23:34.256349,c928662d-451a-4d93-8461-94ba534fc40e,1d5af409-96bd-4aba-9ebb-458bb49ab709,arkansas2083@duck.com,Asia/Tokyo,2025-07-30 16:33:05.306764,2025-07-30 16:33:05.306764,294781d1-e7cb-4a88-be0e-36352865096d,bb05204b-9818-4e53-9036-6b29b936b0fb
7245355f-c175-4abb-a2af-c456ab7f7c45,Apache Software Foundation,2006-12-26 15:18:01.256426,655c3563-3a56-47eb-a52b-4cc9da6bb3b7,422fbd86-e43c-4781-bde3-aada1b45317f,grave1955@protonmail.com,Australia/Sydney,2025-07-30 16:33:05.306764,2025-07-30 16:33:05.306764,f86fbb03-d5af-41c8-8fec-a700533ecaed,bb05204b-9818-4e53-9036-6b29b936b0fb
49011f72-570e-4bd3-95ed-82997c01f4c6,Fluor Corp,2013-12-14 03:14:41.256504,7bf6a554-db7b-4c55-a881-6ba57928dbba,422fbd86-e43c-4781-bde3-aada1b45317f,visibility1845@example.org,America/Los_Angeles,2025-07-30 16:33:05.306764,2025-07-30 16:33:05.306764,8c1cf811-51bc-44b1-9cf0-7f5cea25fe8d,bb05204b-9818-4e53-9036-6b29b936b0fb
9905133c-96a5-424c-970f-0849da21ea1f,Hi-Point Firearms,2023-05-27 20:40:08.256586,4abf6205-6861-4d68-866c-59755161d683,422fbd86-e43c-4781-bde3-aada1b45317f,allow1813@protonmail.com,Europe/Prague,2025-07-30 16:33:05.306764,2025-07-30 16:33:05.306764,00fb3858-5f35-4791-810b-c2aaa71ec5f1,bb05204b-9818-4e53-9036-6b29b936b0fb
4021962b-704a-46af-bca7-6d00ecbb4764,Borders Group,2014-08-16 16:04:30.256683,99985158-a943-4190-a176-5308aa66c163,422fbd86-e43c-4781-bde3-aada1b45317f,bride1932@protonmail.com,Australia/Sydney,2025-07-30 16:33:05.306764,2025-07-30 16:33:05.306764,836068a2-2b93-4c56-863e-715fa66480bf,bb05204b-9818-4e53-9036-6b29b936b0fb
23626621-b92f-471b-9c56-e969530b8969,Destiny Realty Solutions,2023-04-27 09:42:05.256777,f8d193dd-0703-4565-8b94-92920ae5a70f,1d5af409-96bd-4aba-9ebb-458bb49ab709,reduce1927@live.com,Europe/London,2025-07-30 16:33:05.306764,2025-07-30 16:33:05.306764,bfc18f78-aaa4-4a51-8837-dcff4bb053d0,bb05204b-9818-4e53-9036-6b29b936b0fb
fe8451eb-cee8-4061-bbc7-bfc05f789fe0,Matrix Architectural Service,2017-12-30 12:27:01.256854,1b9f1685-2e94-42ca-8a0d-5912e7e40ca5,903cdea3-1e89-4418-81c9-99a7a7a25da2,postings1924@yandex.com,Europe/London,2025-07-30 16:33:05.306764,2025-07-30 16:33:05.306764,c397f909-73c4-4d86-b80f-c88d7b67e2e9,bb05204b-9818-4e53-9036-6b29b936b0fb
95ad0f09-9221-4083-9382-bfb6a57b486b,Exelon Corporation,2014-07-25 10:02:09.256931,9686a115-8121-4c7b-bde9-d1fe17a31901,422fbd86-e43c-4781-bde3-aada1b45317f,nobody2060@example.org,Asia/Tokyo,2025-07-30 16:33:05.306764,2025-07-30 16:33:05.306764,370a73b6-9a8d-4d19-9022-8841662cbfa3,bb05204b-9818-4e53-9036-6b29b936b0fb
80da1d8b-6d68-4f66-bf90-7189111bff27,Vibrant Man,2016-10-25 21:26:48.257010,2a61fe0a-b3cb-4c63-9dd1-5b6d052da7fd,422fbd86-e43c-4781-bde3-aada1b45317f,cindy1857@live.com,Asia/Tokyo,2025-07-30 16:33:05.306764,2025-07-30 16:33:05.306764,e410d46e-c466-45cc-a9eb-57019562e2e3,bb05204b-9818-4e53-9036-6b29b936b0fb
007c6057-533e-4451-8547-e39309fbb28c,Magna Gases,2013-06-05 19:52:45.257089,30fe1cfd-58dd-4eb6-bf9c-df93526eb700,422fbd86-e43c-4781-bde3-aada1b45317f,friend1915@example.com,Europe/Prague,2025-07-30 16:33:05.306764,2025-07-30 16:33:05.306764,b291a6b3-a092-465a-a7ae-ac3ac1149512,bb05204b-9818-4e53-9036-6b29b936b0fb
4ba28a1c-1361-43fd-af64-a45b6db5be9e,Platinum Interior Design,2019-09-26 15:57:12.257166,440eab13-e5be-48fb-ab29-60c04d269908,422fbd86-e43c-4781-bde3-aada1b45317f,cell1872@gmail.com,Europe/London,2025-07-30 16:33:05.306764,2025-07-30 16:33:05.306764,6aefe879-92ff-4ae1-9c01-bda7d550d3e8,bb05204b-9818-4e53-9036-6b29b936b0fb
e987ced0-c1eb-4f9f-87b2-ac42eefcb470,Grade A Investment,2023-10-21 05:36:32.257279,f7034c68-451e-458b-938c-29d731911e11,3cb73a5b-bc71-44ac-bc58-7eb88e6fad14,lucia2079@example.org,Europe/London,2025-07-30 16:33:05.306764,2025-07-30 16:33:05.306764,1fbea1f2-d901-4505-b2d1-c05fa95ee7eb,bb05204b-9818-4e53-9036-6b29b936b0fb
b0a44c08-21b1-4516-b765-5bab7617b856,Avant Garde Interior Designs,2012-01-14 11:55:43.257382,68b00e4e-4b08-430b-a5a0-b73512d08796,3cb73a5b-bc71-44ac-bc58-7eb88e6fad14,films1805@outlook.com,America/New_York,2025-07-30 16:33:05.306764,2025-07-30 16:33:05.306764,7fbc335c-ac3b-44fc-852b-6a9bcf294dc7,bb05204b-9818-4e53-9036-6b29b936b0fb
0d9cec1c-8a9a-4dae-be3d-c9caea9ef7ee,Kingston Technology,2020-08-01 02:19:26.257476,78c651c6-b004-457f-898e-4e886e2091b8,1d5af409-96bd-4aba-9ebb-458bb49ab709,inventory1857@outlook.com,Asia/Tokyo,2025-07-30 16:33:05.306764,2025-07-30 16:33:05.306764,6b347728-1528-4a1f-8dcc-42d88f4438c0,bb05204b-9818-4e53-9036-6b29b936b0fb
98d8b538-d40c-4a1e-aace-03bb1477efbf,Eureka,2017-06-08 04:28:32.257570,7ba24188-1975-408a-abd7-ce52a4ba740f,3cb73a5b-bc71-44ac-bc58-7eb88e6fad14,terminals1949@outlook.com,UTC,2025-07-30 16:33:05.306764,2025-07-30 16:33:05.306764,e1810fa0-1134-4e8d-b1ac-5e8d6cb243f6,bb05204b-9818-4e53-9036-6b29b936b0fb
7155516b-19c4-480c-a890-c2a38198dab4,Esselte,2025-03-08 09:42:51.257675,2dd0ba13-71d7-4ef7-a893-089c8c92ac6a,422fbd86-e43c-4781-bde3-aada1b45317f,edition1918@example.org,Australia/Sydney,2025-07-30 16:33:05.306764,2025-07-30 16:33:05.306764,87159c3f-49a6-489b-b81e-db31ae50940a,bb05204b-9818-4e53-9036-6b29b936b0fb
429ca524-aa7c-450d-ab60-76fd8b6d30fc,Ariba,2021-10-19 14:30:03.257790,01189291-c5ce-4b06-97e1-a932854bafd4,3cb73a5b-bc71-44ac-bc58-7eb88e6fad14,oliver1944@protonmail.com,America/Los_Angeles,2025-07-30 16:33:05.306764,2025-07-30 16:33:05.306764,f5bb18c8-8e76-4245-9f74-087d7ae007db,bb05204b-9818-4e53-9036-6b29b936b0fb
a84789b9-56e5-4130-8cb2-ca7e9483d06a,Darden Restaurants,2014-05-29 12:05:22.257978,7e799112-6afb-41f8-9323-c3cac1e8208e,1d5af409-96bd-4aba-9ebb-458bb49ab709,parks1851@outlook.com,Europe/Prague,2025-07-30 16:33:05.306764,2025-07-30 16:33:05.306764,cf4a1b98-4b02-4ace-9d50-c62adcc278a7,bb05204b-9818-4e53-9036-6b29b936b0fb
18875024-4331-4f80-93de-03ec4af5468b,ManPower,2014-10-02 00:01:57.258077,e8ae4843-515e-4085-a47e-caece4dcbd84,3cb73a5b-bc71-44ac-bc58-7eb88e6fad14,surname1959@yandex.com,UTC,2025-07-30 16:33:05.306764,2025-07-30 16:33:05.306764,75ed07bc-3f52-467b-8a78-6cac2c2df9bf,bb05204b-9818-4e53-9036-6b29b936b0fb
87f84fe1-cd92-4c09-b149-c2f824e2cf53,Target Corporation,2017-10-26 18:51:07.258200,0a21d93b-baaf-4c0e-a59e-94d6664b4bbb,1d5af409-96bd-4aba-9ebb-458bb49ab709,necessity2029@example.com,America/New_York,2025-07-30 16:33:05.306764,2025-07-30 16:33:05.306764,584f3571-efb4-4847-b89e-4a09b7421c89,bb05204b-9818-4e53-9036-6b29b936b0fb
42db216e-d419-4f53-961c-cc582dda60ed,MagnaSolution,2007-08-16 05:22:35.258309,bf837b43-8a9e-4067-86ca-93f440771728,1d5af409-96bd-4aba-9ebb-458bb49ab709,evaluated2034@example.com,Europe/London,2025-07-30 16:33:05.306764,2025-07-30 16:33:05.306764,f012d298-4549-4af3-877d-91a64df21296,bb05204b-9818-4e53-9036-6b29b936b0fb
c8bd8c63-2e0a-410c-a99c-5432a6fae506,Mission You,2015-03-14 02:04:16.258407,02a181ad-f0c1-4ab1-9417-2b18913badcd,422fbd86-e43c-4781-bde3-aada1b45317f,builds1823@outlook.com,Europe/Prague,2025-07-30 16:33:05.306764,2025-07-30 16:33:05.306764,8cb089bd-d500-4787-848c-921686fab4e3,bb05204b-9818-4e53-9036-6b29b936b0fb
d4ea71ac-184e-48e9-9a06-abda390e3e4e,Hot Topic,2009-08-02 16:55:36.258504,811ddf49-6890-4891-a3c3-05a964e0e43e,3cb73a5b-bc71-44ac-bc58-7eb88e6fad14,touring1876@yahoo.com,Asia/Tokyo,2025-07-30 16:33:05.306764,2025-07-30 16:33:05.306764,a9c01535-1b25-4af3-ae44-e8425a94433d,bb05204b-9818-4e53-9036-6b29b936b0fb
1d52cec0-4fe1-4ad0-a21f-0d367aa0ce43,Rollins Inc.,2021-07-03 16:16:14.258595,57a876e8-823b-474d-a6a4-501b3cde0108,422fbd86-e43c-4781-bde3-aada1b45317f,likelihood2000@example.com,Europe/Prague,2025-07-30 16:33:05.306764,2025-07-30 16:33:05.306764,c0c27239-c493-4246-8884-9cafa35f2df8,bb05204b-9818-4e53-9036-6b29b936b0fb
3c98a729-97c0-425d-a1a9-5321297b73ed,"Fred Meyer, Inc.",2018-06-08 01:05:43.258660,95958c6e-fccd-48cc-8965-9c2b7ae8ef70,3cb73a5b-bc71-44ac-bc58-7eb88e6fad14,external2005@live.com,Asia/Kolkata,2025-07-30 16:33:05.306764,2025-07-30 16:33:05.306764,a5c1d99f-a55c-4b44-8c62-25bf0a72d87a,bb05204b-9818-4e53-9036-6b29b936b0fb
117a807e-43df-43d6-b26b-b710fd395af3,Always,2006-03-19 16:32:18.258711,e63cd3b9-b524-4f5b-83cd-cff884461c92,3cb73a5b-bc71-44ac-bc58-7eb88e6fad14,harbor2035@example.com,Europe/Prague,2025-07-30 16:33:05.306764,2025-07-30 16:33:05.306764,43f42810-1145-4426-84d6-6c6b48e27ea8,bb05204b-9818-4e53-9036-6b29b936b0fb
37e4c317-cfa1-49ce-b1e3-85ac515d427b,Magna Solution,2023-08-29 10:12:53.258760,cc750577-f50f-474c-a9b2-24105317bf50,1d5af409-96bd-4aba-9ebb-458bb49ab709,saturday1928@example.org,Europe/Prague,2025-07-30 16:33:05.306764,2025-07-30 16:33:05.306764,89797e50-e18e-4c68-b998-624f3fbaddeb,bb05204b-9818-4e53-9036-6b29b936b0fb
45752b97-c81a-42a6-b8dc-29180d687ef0,ACN Inc.,2017-03-09 19:46:33.258809,e48e559e-c959-4ece-836b-0904a34a0387,903cdea3-1e89-4418-81c9-99a7a7a25da2,desktop1906@yahoo.com,Asia/Kolkata,2025-07-30 16:33:05.306764,2025-07-30 16:33:05.306764,e64460ff-dca1-4998-9b4f-c79de04d9b98,bb05204b-9818-4e53-9036-6b29b936b0fb
cb2e927c-0029-4a8c-89a4-3ab295a11454,Custom Lawn Service,2023-12-26 22:51:42.258857,ec3363f0-d510-431b-9361-b18352e7e6fa,3cb73a5b-bc71-44ac-bc58-7eb88e6fad14,amendments1832@yahoo.com,Australia/Sydney,2025-07-30 16:33:05.306764,2025-07-30 16:33:05.306764,afd41b8d-1d08-4a79-8104-bb459ff991dc,bb05204b-9818-4e53-9036-6b29b936b0fb
2fe6169b-1b50-4287-b3d9-847771930957,House of Gas,2023-06-19 09:40:35.258907,37f4985c-782b-4f83-a0c4-bba98f90d7a4,422fbd86-e43c-4781-bde3-aada1b45317f,selection1917@yahoo.com,Asia/Kolkata,2025-07-30 16:33:05.306764,2025-07-30 16:33:05.306764,026d9d03-55b5-49c4-be04-98ab869accf2,bb05204b-9818-4e53-9036-6b29b936b0fb
450c0e0d-0fe8-4be3-81bd-25227d606440,Airgas,2025-02-11 15:02:23.258955,5adef837-92df-4105-8932-438b329b96a7,903cdea3-1e89-4418-81c9-99a7a7a25da2,imported2016@example.org,America/New_York,2025-07-30 16:33:05.306764,2025-07-30 16:33:05.306764,7a1e5326-fcc6-4e0e-b0a1-65d4ad49adfd,bb05204b-9818-4e53-9036-6b29b936b0fb
7a6ca2ab-11ae-4b06-a4b3-d372e1ba0195,Interplay Entertainment,2024-03-02 14:16:32.259006,7dccf455-563c-4d39-8f4e-86a941474874,422fbd86-e43c-4781-bde3-aada1b45317f,starting1901@live.com,Australia/Sydney,2025-07-30 16:33:05.306764,2025-07-30 16:33:05.306764,ea53f8f8-78af-49b7-9c39-b410c3806483,bb05204b-9818-4e53-9036-6b29b936b0fb
8ee8f698-b323-4875-a5bf-df69ec508060,Shirokiya,2018-07-17 23:40:38.259076,8761b203-38fb-4710-bda7-851a1987d142,422fbd86-e43c-4781-bde3-aada1b45317f,suited1833@example.org,Europe/London,2025-07-30 16:33:05.306764,2025-07-30 16:33:05.306764,9d8de318-fff5-45a5-963f-f54209ade427,bb05204b-9818-4e53-9036-6b29b936b0fb
8dfb8be1-31ad-44f2-8466-305853138918,Open Interface,2021-05-28 21:07:00.259142,43db88bc-2405-4376-bf09-84a34d977fc3,1d5af409-96bd-4aba-9ebb-458bb49ab709,advantage2009@outlook.com,Europe/Prague,2025-07-30 16:33:05.306764,2025-07-30 16:33:05.306764,cb18f99d-277a-4b2d-91ac-980479dd4a4e,bb05204b-9818-4e53-9036-6b29b936b0fb
4d94de76-438a-47a4-bcde-0de30cbc1b37,Eastman Chemical Company,2023-09-02 01:29:01.259193,f47ae4f5-0d0c-4f07-beed-1e5c760103a0,903cdea3-1e89-4418-81c9-99a7a7a25da2,sessions2059@example.org,Asia/Tokyo,2025-07-30 16:33:05.306764,2025-07-30 16:33:05.306764,e54008dd-002b-4147-a818-5deb37235bd1,bb05204b-9818-4e53-9036-6b29b936b0fb
0b7eac5f-810e-486b-a5ba-c140120c53d2,Integra Design,2011-09-30 06:40:41.259257,657aabdf-7065-4821-bd22-b79f2fb5a9ca,3cb73a5b-bc71-44ac-bc58-7eb88e6fad14,exciting2016@example.org,Europe/London,2025-07-30 16:33:05.306764,2025-07-30 16:33:05.306764,9dcf546a-594b-40b9-ba33-cd88e450a404,bb05204b-9818-4e53-9036-6b29b936b0fb
1e2ea9d0-af52-4815-97a4-ac1e2a21f83f,Belk,2022-12-07 07:53:10.259363,01a03f42-5e57-4baa-ac1d-4101e06acea4,422fbd86-e43c-4781-bde3-aada1b45317f,coordinates1862@outlook.com,Europe/Prague,2025-07-30 16:33:05.306764,2025-07-30 16:33:05.306764,03fa7455-03b8-4645-b096-4f88912124f2,bb05204b-9818-4e53-9036-6b29b936b0fb
29a0a6a0-5499-428d-a68e-10c35af4c884,The Lawn Guru,2022-03-23 16:36:10.259433,72152bab-b67a-4729-a802-15d45cd8c75a,1d5af409-96bd-4aba-9ebb-458bb49ab709,proceedings2048@example.com,Asia/Tokyo,2025-07-30 16:33:05.306764,2025-07-30 16:33:05.306764,c44dec04-0ce1-4dba-b296-e801c7405cfd,bb05204b-9818-4e53-9036-6b29b936b0fb
ddf7d2c5-e3ec-4101-92c1-9529652380a9,Soyo Group,2007-06-27 22:14:13.259511,1f7ed867-7675-407d-a743-9d9179e0dc39,3cb73a5b-bc71-44ac-bc58-7eb88e6fad14,spreading1886@protonmail.com,Asia/Tokyo,2025-07-30 16:33:05.306764,2025-07-30 16:33:05.306764,11df1924-54bb-458c-b8bb-90ca0078f874,bb05204b-9818-4e53-9036-6b29b936b0fb
f1cea10f-a1f6-41ae-9372-f71035d71d39,Gold Touch,2007-10-23 12:55:39.259562,316e0f77-8ba3-4639-97e7-18c236d4f441,3cb73a5b-bc71-44ac-bc58-7eb88e6fad14,higher1818@yahoo.com,Europe/London,2025-07-30 16:33:05.306764,2025-07-30 16:33:05.306764,76d02654-9a9e-4b46-93b7-1b44e67afdb5,bb05204b-9818-4e53-9036-6b29b936b0fb
9d34c73d-0ca6-4100-8eee-23a699caf469,West Liberty Foods,2020-07-26 05:20:37.259611,474db3ed-6274-4a8d-8d69-4984eb257ece,422fbd86-e43c-4781-bde3-aada1b45317f,dec2095@live.com,UTC,2025-07-30 16:33:05.306764,2025-07-30 16:33:05.306764,203c13f0-aa8c-4aa3-94be-5c8a3529d98f,bb05204b-9818-4e53-9036-6b29b936b0fb
ed3a8d4c-58bd-45b8-b5f4-9541e4a10bb3,Mattel,2018-10-03 10:12:48.259701,7cf00984-d5f4-4d5f-97e4-5ff9c652e463,1d5af409-96bd-4aba-9ebb-458bb49ab709,inf1839@example.com,America/New_York,2025-07-30 16:33:05.306764,2025-07-30 16:33:05.306764,3505d994-fe92-453c-8fe2-17de46b7d27f,bb05204b-9818-4e53-9036-6b29b936b0fb
c7473d33-f195-43d2-8ae3-292ebedf4675,Delta Air Lines,2020-08-18 22:09:03.259749,d8a6fc84-6ada-45fb-bcd7-282d9cdc9522,1d5af409-96bd-4aba-9ebb-458bb49ab709,previous1903@yahoo.com,America/Los_Angeles,2025-07-30 16:33:05.306764,2025-07-30 16:33:05.306764,f8cfbf78-5121-4e78-b14a-0fddd23c1796,bb05204b-9818-4e53-9036-6b29b936b0fb
39cb053f-c910-4469-836a-4e784584eef7,Komerci,2011-04-20 07:15:29.259798,89633f1f-9323-4bff-9a58-e91a0291b483,903cdea3-1e89-4418-81c9-99a7a7a25da2,leads1945@outlook.com,Europe/London,2025-07-30 16:33:05.306764,2025-07-30 16:33:05.306764,a83fc998-756a-4785-8123-0238473ff9eb,bb05204b-9818-4e53-9036-6b29b936b0fb
66f3883e-04c8-499c-b563-06a0b41b982e,Colt Defense,2019-05-02 17:12:12.259846,1213fc4c-3f70-4ea7-af98-ca79cccc689c,1d5af409-96bd-4aba-9ebb-458bb49ab709,darwin1976@gmail.com,America/New_York,2025-07-30 16:33:05.306764,2025-07-30 16:33:05.306764,7242e6c6-76d8-4bc6-9a83-dcb309512390,bb05204b-9818-4e53-9036-6b29b936b0fb
a3925659-3ff1-4719-a423-738de5e0045e,Full Color,2015-01-18 13:45:42.259894,24197ad7-6804-462d-8417-782a753ab9c9,3cb73a5b-bc71-44ac-bc58-7eb88e6fad14,surrounding1836@example.com,UTC,2025-07-30 16:33:05.306764,2025-07-30 16:33:05.306764,4658301c-11fd-45d3-b386-745159803dcb,bb05204b-9818-4e53-9036-6b29b936b0fb
f7e5e138-e0c6-43a4-b4e2-85446a7b889c,QVC,2023-06-28 07:02:58.259943,d8fc2446-842e-4a86-b26d-6162623c611c,1d5af409-96bd-4aba-9ebb-458bb49ab709,hamburg1964@outlook.com,Asia/Kolkata,2025-07-30 16:33:05.306764,2025-07-30 16:33:05.306764,68d5d144-1c90-425d-8d46-50f37dcdb3b7,bb05204b-9818-4e53-9036-6b29b936b0fb
145e38bd-0409-4416-beb9-b26a572d33b0,Kerr-McGee,2016-03-12 09:40:47.259994,b138a927-eb4d-41d8-828c-cae173c5d6ea,903cdea3-1e89-4418-81c9-99a7a7a25da2,warned1811@yandex.com,Asia/Kolkata,2025-07-30 16:33:05.306764,2025-07-30 16:33:05.306764,3edec698-aabf-4cf6-84fd-842d8c2ca01e,bb05204b-9818-4e53-9036-6b29b936b0fb
ac737731-0b71-48d4-ac80-7a40bee1eb30,Nutri G,2020-07-21 06:37:16.260057,ec19f1b7-0203-41de-9838-a605425c8302,3cb73a5b-bc71-44ac-bc58-7eb88e6fad14,shadows1832@outlook.com,America/Los_Angeles,2025-07-30 16:33:05.306764,2025-07-30 16:33:05.306764,a24bf2b1-612b-40b8-a8d7-49dbc41ef87c,bb05204b-9818-4e53-9036-6b29b936b0fb
1bae8f02-9dcf-4308-b71d-244b58d868fb,Arbitron,2022-05-11 03:23:17.260103,6b2255ee-cb87-4b39-a36b-31b9ab0e7e05,422fbd86-e43c-4781-bde3-aada1b45317f,navigation1945@gmail.com,Asia/Tokyo,2025-07-30 16:33:05.306764,2025-07-30 16:33:05.306764,8376fe33-2bd5-4f73-90b9-f7bacc14a483,bb05204b-9818-4e53-9036-6b29b936b0fb
e9d6e599-7fe2-4278-a576-2aabce406acd,Electronics Source,2018-08-01 02:11:10.260152,4e3dca39-93d2-4dcf-9465-65307b244721,422fbd86-e43c-4781-bde3-aada1b45317f,toronto2053@live.com,Asia/Kolkata,2025-07-30 16:33:05.306764,2025-07-30 16:33:05.306764,8597d6ba-92c7-43fe-a485-45dde6be47ed,bb05204b-9818-4e53-9036-6b29b936b0fb
ca25e0e5-6fe7-4aed-a35e-b8ebb9b1711b,Motorola,2009-03-15 11:53:29.260199,6b1df38c-0215-445e-9160-14e0f6ef6b00,1d5af409-96bd-4aba-9ebb-458bb49ab709,charitable2013@outlook.com,UTC,2025-07-30 16:33:05.306764,2025-07-30 16:33:05.306764,5e0c05b5-3187-4ac4-9d7b-0281c9b171a9,bb05204b-9818-4e53-9036-6b29b936b0fb
352f1daf-6652-43ca-af18-4f141b8cdcde,Pro Property Maintenance,2016-09-18 10:22:30.260248,1af6164c-12fa-4451-aebb-ecf1d05b0692,1d5af409-96bd-4aba-9ebb-458bb49ab709,subjective1983@yandex.com,Australia/Sydney,2025-07-30 16:33:05.306764,2025-07-30 16:33:05.306764,4bbabd2e-c552-48af-b90c-5e2be5021a31,bb05204b-9818-4e53-9036-6b29b936b0fb
d704f719-4e15-4e55-b413-35554d394636,DynCorp International,2020-05-06 18:15:54.260312,7841fb2e-6a1f-470e-ac17-9dfc343cb7d1,422fbd86-e43c-4781-bde3-aada1b45317f,greeting1976@live.com,Australia/Sydney,2025-07-30 16:33:05.306764,2025-07-30 16:33:05.306764,1f62cb0a-14b2-4773-b018-2d4eeae71183,bb05204b-9818-4e53-9036-6b29b936b0fb
3c8cb731-e9ce-4ad5-9e9f-aef04ed8fcc7,Advance Auto Parts,2006-07-21 06:15:24.260361,ce7db4ec-2760-44b3-a466-bc41e6a58093,3cb73a5b-bc71-44ac-bc58-7eb88e6fad14,corrected2096@protonmail.com,Asia/Tokyo,2025-07-30 16:33:05.306764,2025-07-30 16:33:05.306764,226ec5b1-2e84-47a2-8847-613142f636cf,bb05204b-9818-4e53-9036-6b29b936b0fb
60564db8-b046-4a31-a8c0-31d9baa96dae,Spherion,2009-09-29 15:37:18.260436,dc6c950e-07c6-4a23-8cf6-d8665c53d926,422fbd86-e43c-4781-bde3-aada1b45317f,furthermore2015@yahoo.com,Asia/Tokyo,2025-07-30 16:33:05.306764,2025-07-30 16:33:05.306764,45a1b56e-21e7-4616-ab4e-87c74d932c70,bb05204b-9818-4e53-9036-6b29b936b0fb
94a9cd86-9af8-496d-ad15-a71a64d06c28,Gartner,2010-12-06 02:23:06.260487,8348cee8-5e3e-44a6-b258-6f63a01f25e8,903cdea3-1e89-4418-81c9-99a7a7a25da2,benz1972@example.org,Europe/Prague,2025-07-30 16:33:05.306764,2025-07-30 16:33:05.306764,0a3047eb-7633-477c-a60b-097c34c15003,bb05204b-9818-4e53-9036-6b29b936b0fb
e8aea69b-0574-4862-8f14-477470aa1dad,Dean Foods,2023-05-19 10:35:17.260536,13eec17c-ebfe-4704-b8c6-5a58b909e348,903cdea3-1e89-4418-81c9-99a7a7a25da2,patch2006@duck.com,America/New_York,2025-07-30 16:33:05.306764,2025-07-30 16:33:05.306764,a2a8aae3-a748-4d1b-850d-d66ec4bbec64,bb05204b-9818-4e53-9036-6b29b936b0fb
2aabc335-d9d4-4ef7-9df4-9a5524f982e8,Advanced Micro Devices,2015-02-09 15:51:33.260584,060e1b98-fcb8-45c2-9d75-a0badeac0f8e,1d5af409-96bd-4aba-9ebb-458bb49ab709,fabric2008@yandex.com,Australia/Sydney,2025-07-30 16:33:05.306764,2025-07-30 16:33:05.306764,295153d9-4db0-4524-834c-48b079dce2c3,bb05204b-9818-4e53-9036-6b29b936b0fb
d715e88c-694f-4ae9-aedb-864219b4e69d,Oreck Corporation,2023-10-23 06:40:45.260633,d16a02c9-01c3-4d2b-950f-226c058d0903,903cdea3-1e89-4418-81c9-99a7a7a25da2,bbc1824@yahoo.com,Asia/Kolkata,2025-07-30 16:33:05.306764,2025-07-30 16:33:05.306764,38fbab57-9127-4f84-a59e-76f09bdafc92,bb05204b-9818-4e53-9036-6b29b936b0fb
3cd0cdd7-7110-4a1e-b3ae-5fe035d3597d,Hastings Entertainment,2012-03-30 06:22:59.260682,1e925d63-81b8-46e0-9aac-f9e8b1a1e41a,422fbd86-e43c-4781-bde3-aada1b45317f,evaluated1928@example.org,Europe/London,2025-07-30 16:33:05.306764,2025-07-30 16:33:05.306764,ab04c2b6-73bc-4bde-8030-5ac4ef1f2002,bb05204b-9818-4e53-9036-6b29b936b0fb
b35d308b-709a-42f7-9c38-91cd8c18cf00,AK Steel Holding,2023-12-08 09:20:03.260741,2719324b-9ecd-41a9-b737-e662e3367dcb,422fbd86-e43c-4781-bde3-aada1b45317f,seventh1863@yahoo.com,Europe/Prague,2025-07-30 16:33:05.306764,2025-07-30 16:33:05.306764,bb074b2e-cb6a-4164-b52b-f346aae20360,bb05204b-9818-4e53-9036-6b29b936b0fb
243a3f67-a007-4891-a74d-9416b78a0898,Avnet,2007-05-27 01:46:10.260793,718263b8-0a94-4266-95ee-f2c5494b8c9a,1d5af409-96bd-4aba-9ebb-458bb49ab709,wondering1950@example.com,UTC,2025-07-30 16:33:05.306764,2025-07-30 16:33:05.306764,8bbd8533-5fff-4558-9a9f-e59be843dc5a,bb05204b-9818-4e53-9036-6b29b936b0fb
f02472c7-16f8-4ee1-8073-011428f212b9,Pilgrim's Pride,2018-12-05 03:52:28.260842,41aff31d-37b6-4832-a407-15430b7b9e89,903cdea3-1e89-4418-81c9-99a7a7a25da2,offers2002@gmail.com,Europe/Prague,2025-07-30 16:33:05.306764,2025-07-30 16:33:05.306764,dd4ec042-0633-42e4-826c-526577dc97a8,bb05204b-9818-4e53-9036-6b29b936b0fb
96600b60-3867-4e3d-b1b4-f23e9d4b807c,Netobill,2019-01-27 12:14:40.260891,3315a9fe-73d6-4869-a742-4a038b077033,1d5af409-96bd-4aba-9ebb-458bb49ab709,introduction2084@example.org,UTC,2025-07-30 16:33:05.306764,2025-07-30 16:33:05.306764,dce82471-7bdf-424b-b63f-058526ccbf22,bb05204b-9818-4e53-9036-6b29b936b0fb
0fcd951b-aeec-427e-99d5-18ed143e69b7,Werner Enterprises,2011-11-05 21:36:03.260942,3c99320d-bdba-4bd2-b666-fe2c0bc88bb8,422fbd86-e43c-4781-bde3-aada1b45317f,households1886@protonmail.com,Europe/Prague,2025-07-30 16:33:05.306764,2025-07-30 16:33:05.306764,e2ba2466-a071-46bb-b901-19fb73659057,bb05204b-9818-4e53-9036-6b29b936b0fb
42df211a-6960-4a03-8c7d-fd11355b9db0,Netcordia,2016-09-18 14:07:46.260992,087958bd-2e64-4948-bc55-15da89c89bd2,1d5af409-96bd-4aba-9ebb-458bb49ab709,pointing1861@yahoo.com,America/New_York,2025-07-30 16:33:05.306764,2025-07-30 16:33:05.306764,05d5583a-42ba-41c7-8367-3e985dfb9b7c,bb05204b-9818-4e53-9036-6b29b936b0fb
9dbf7382-3ada-4fd3-8021-9ec14d30786b,IBM,2006-02-05 14:29:31.261041,b89bf089-5516-403a-b3f1-f77d7b6338d8,1d5af409-96bd-4aba-9ebb-458bb49ab709,satisfaction1962@yandex.com,America/New_York,2025-07-30 16:33:05.306764,2025-07-30 16:33:05.306764,d184ef33-5e3b-47e2-a651-828548ec65f4,bb05204b-9818-4e53-9036-6b29b936b0fb
9ef81a2a-adb6-4ee4-a217-b7049fa01599,PC Power and Cooling,2021-05-15 02:21:47.261089,8569f985-1767-4f4c-8836-82a458f23b0e,1d5af409-96bd-4aba-9ebb-458bb49ab709,household2008@outlook.com,Australia/Sydney,2025-07-30 16:33:05.306764,2025-07-30 16:33:05.306764,453428ce-4716-4e30-9cd5-144d6606ca3a,bb05204b-9818-4e53-9036-6b29b936b0fb
47dc6a0c-2d63-4aac-91a8-0997eb3f9cfa,Capitalcorp,2008-05-15 10:30:51.261137,28e8ae91-0ce1-4244-8f5d-301123dcad76,3cb73a5b-bc71-44ac-bc58-7eb88e6fad14,postcard1899@duck.com,Asia/Tokyo,2025-07-30 16:33:05.306764,2025-07-30 16:33:05.306764,418f7528-3ddd-4a81-94ed-e67c05d5c16d,bb05204b-9818-4e53-9036-6b29b936b0fb
e240adac-749a-4938-a482-78ab72efb161,Pilgrim's Pride,2012-06-28 06:51:39.261186,b0944eb9-fe49-4204-9078-f5ca838e05a4,903cdea3-1e89-4418-81c9-99a7a7a25da2,updates1833@yandex.com,America/Los_Angeles,2025-07-30 16:33:05.306764,2025-07-30 16:33:05.306764,5e874f52-0b41-425c-ba78-8725533dabb9,bb05204b-9818-4e53-9036-6b29b936b0fb
c2cb6c6c-493a-477e-ac41-f9d3e9ab2d7c,Whole Foods Market,2023-04-06 17:23:33.261234,2f453fd8-1ec5-48ac-b7eb-9041467c4f0a,3cb73a5b-bc71-44ac-bc58-7eb88e6fad14,phantom1947@gmail.com,Australia/Sydney,2025-07-30 16:33:05.306764,2025-07-30 16:33:05.306764,f91460a1-7953-44ef-b3aa-78ab98773da9,bb05204b-9818-4e53-9036-6b29b936b0fb
051d6284-975d-42d0-987b-666dfd96b302,Jones Soda Co.,2013-10-20 08:00:54.261283,644d5f7e-6c1f-4737-bcb2-f22a5ec35014,422fbd86-e43c-4781-bde3-aada1b45317f,urw2036@protonmail.com,UTC,2025-07-30 16:33:05.306764,2025-07-30 16:33:05.306764,353e2b7c-1e96-4b63-a438-7eef0a131a66,bb05204b-9818-4e53-9036-6b29b936b0fb
28773941-ee4a-42e2-9ec2-bdbc5b3d1dbd,Kerr-McGee,2024-10-24 07:24:36.261331,4a43298a-e81e-466b-bc29-a6a222637838,422fbd86-e43c-4781-bde3-aada1b45317f,ensemble1871@gmail.com,Asia/Kolkata,2025-07-30 16:33:05.306764,2025-07-30 16:33:05.306764,b2a286db-a2d4-4304-9d63-e20e8722c882,bb05204b-9818-4e53-9036-6b29b936b0fb
f9c47d1b-8d86-4bbc-944b-fea99cb34f36,NBC Universal,2012-09-01 21:59:57.261379,9633c4a4-1605-4799-8ecf-c3930dcf9172,903cdea3-1e89-4418-81c9-99a7a7a25da2,judge1829@yandex.com,Asia/Kolkata,2025-07-30 16:33:05.306764,2025-07-30 16:33:05.306764,bbbbcfec-6390-4f0f-9adf-d3934446e2de,bb05204b-9818-4e53-9036-6b29b936b0fb
f310a93f-4080-4711-af01-6caf8c2f2c8f,Caterpillar Inc.,2018-04-29 21:49:04.261427,faffeae6-c316-4b74-9b34-284be448ddfb,422fbd86-e43c-4781-bde3-aada1b45317f,maiden1957@example.org,America/Los_Angeles,2025-07-30 16:33:05.306764,2025-07-30 16:33:05.306764,aefcfd34-6f8a-4599-9239-e5000fc1d2db,bb05204b-9818-4e53-9036-6b29b936b0fb
7cc11fe4-5ae5-42e5-9fe7-5116a7a998d8,Towers Perrin,2019-10-13 04:49:01.261475,ee00284c-b2d7-4c90-bfaf-006501d47533,1d5af409-96bd-4aba-9ebb-458bb49ab709,posting1945@outlook.com,Europe/Prague,2025-07-30 16:33:05.306764,2025-07-30 16:33:05.306764,6c08de74-0e3b-472f-ac5d-8e06e7edceac,bb05204b-9818-4e53-9036-6b29b936b0fb
ebd28d0d-0e64-41f8-822d-f4308e1074c9,Adaptas,2013-01-11 04:29:57.261524,9a36c8f5-2afe-4b3b-931b-ab0faf4de283,1d5af409-96bd-4aba-9ebb-458bb49ab709,villages1808@gmail.com,Asia/Kolkata,2025-07-30 16:33:05.306764,2025-07-30 16:33:05.306764,e0803ff8-4a15-4418-905f-5790fc64b413,bb05204b-9818-4e53-9036-6b29b936b0fb
9c344710-83e6-43b7-98ed-331d3bc871bc,Romp,2020-09-24 20:31:27.261588,8f59507f-0fe0-4e5b-b0ac-e0b317719770,1d5af409-96bd-4aba-9ebb-458bb49ab709,meetings1898@gmail.com,Australia/Sydney,2025-07-30 16:33:05.306764,2025-07-30 16:33:05.306764,93f3ae79-cb16-4723-ba19-ae6bdc8c6e17,bb05204b-9818-4e53-9036-6b29b936b0fb
066140fd-7c45-46f3-878a-454ac3d4c5be,Myspace,2013-08-25 20:55:00.261637,540cee65-936f-4d99-a670-b72c91037964,1d5af409-96bd-4aba-9ebb-458bb49ab709,pace2007@protonmail.com,Australia/Sydney,2025-07-30 16:33:05.306764,2025-07-30 16:33:05.306764,7da8d20e-f3a7-4196-a295-95e6d69e15c4,bb05204b-9818-4e53-9036-6b29b936b0fb
e1e539d9-b59c-422c-b63e-dba436d01ca5,Clear Channel Communications,2005-11-16 18:56:10.261729,ee4b9abf-8ec2-4dcc-bf07-09e462195fc0,3cb73a5b-bc71-44ac-bc58-7eb88e6fad14,thriller2044@duck.com,Australia/Sydney,2025-07-30 16:33:05.306764,2025-07-30 16:33:05.306764,7a9eb36f-3b9e-4dcf-901a-fe490bd7a1e8,bb05204b-9818-4e53-9036-6b29b936b0fb
e765ab92-6c33-45b3-9400-6e95bdb0c2b0,Modern Realty,2022-08-26 13:28:41.261786,dc9e7411-9a7a-4457-a6a6-6de01ab7fe65,422fbd86-e43c-4781-bde3-aada1b45317f,oasis2096@gmail.com,America/Los_Angeles,2025-07-30 16:33:05.306764,2025-07-30 16:33:05.306764,a8e053df-0d3a-411b-a5a5-6de4bd4c1b7a,bb05204b-9818-4e53-9036-6b29b936b0fb
1d2ede06-1be8-4197-b991-27efc1b22a94,Frontier Airlines,2022-10-10 15:04:07.261840,11e4fa6c-d6e9-4f93-924b-2132581bea2d,903cdea3-1e89-4418-81c9-99a7a7a25da2,animals1829@duck.com,Australia/Sydney,2025-07-30 16:33:05.306764,2025-07-30 16:33:05.306764,5e55588e-a940-4a79-8dec-59a339df450e,bb05204b-9818-4e53-9036-6b29b936b0fb
cedcfb8c-2baf-4356-8ab4-4cc5f89a917a,Copeland's,2014-07-06 08:16:22.261931,d6787c9d-39ef-4ff8-975d-3d8bd17e1854,422fbd86-e43c-4781-bde3-aada1b45317f,host1887@gmail.com,America/Los_Angeles,2025-07-30 16:33:05.306764,2025-07-30 16:33:05.306764,e3079bae-c1b3-4ff9-9fab-cabf0daec8f4,bb05204b-9818-4e53-9036-6b29b936b0fb
2494cb95-fe5f-4894-9d0e-cdef1cf408f8,Netcom Business Services,2021-12-19 12:53:32.261992,c09ee1b0-f675-4561-88c0-a78b14aef0bc,422fbd86-e43c-4781-bde3-aada1b45317f,retrieved1825@example.org,Asia/Tokyo,2025-07-30 16:33:05.306764,2025-07-30 16:33:05.306764,abd0eb56-d399-4b85-8c9a-7aa1b51139b0,bb05204b-9818-4e53-9036-6b29b936b0fb
29475552-31a1-4d0c-b94d-236e18ea4e19,BNSF Railway,2016-05-03 15:40:44.262041,ef958219-62a0-4252-bf5f-54d8d6cf8592,903cdea3-1e89-4418-81c9-99a7a7a25da2,gourmet1951@yahoo.com,Europe/Prague,2025-07-30 16:33:05.306764,2025-07-30 16:33:05.306764,0f55b1d9-0d76-4b06-97c4-f27fc2b27e7d,bb05204b-9818-4e53-9036-6b29b936b0fb
a23ca56d-449a-41a2-9a5f-9a7718e5a9c1,General Electric,2012-07-09 17:15:28.262089,e8a54c0f-2fa5-40b6-9c33-246d6b85d9fc,903cdea3-1e89-4418-81c9-99a7a7a25da2,colony1833@example.com,Europe/London,2025-07-30 16:33:05.306764,2025-07-30 16:33:05.306764,e5b26896-7f2c-4c9c-bb3e-5b230a134127,bb05204b-9818-4e53-9036-6b29b936b0fb
043c8fe2-221b-4cc4-a501-25efef4a36a8,Red Hat,2015-02-27 10:23:18.262137,5bfa4d22-03d9-4d48-bfda-d032a46c9427,1d5af409-96bd-4aba-9ebb-458bb49ab709,indicated1854@outlook.com,UTC,2025-07-30 16:33:05.306764,2025-07-30 16:33:05.306764,17abeb86-6798-4878-9c41-8124c02c0b97,bb05204b-9818-4e53-9036-6b29b936b0fb
eb309adf-5071-4c0d-9e13-46f4d8b8e3e3,Numark,2012-01-26 06:19:31.262185,0f5db7ee-41a3-40e4-83cf-c08a39db8fa3,1d5af409-96bd-4aba-9ebb-458bb49ab709,guided1946@example.com,UTC,2025-07-30 16:33:05.306764,2025-07-30 16:33:05.306764,a4f499c4-3b5a-4406-b672-b34fa3be4675,bb05204b-9818-4e53-9036-6b29b936b0fb
3697a4f4-a9e8-4145-84e3-55726af4e141,Qualcomm,2009-09-12 10:16:03.262232,38794c01-9959-46c7-ae1d-534d7ab33e41,3cb73a5b-bc71-44ac-bc58-7eb88e6fad14,image1886@example.org,Asia/Tokyo,2025-07-30 16:33:05.306764,2025-07-30 16:33:05.306764,206036ff-4d63-45f9-b79a-b225ca41d882,bb05204b-9818-4e53-9036-6b29b936b0fb
e56ac69f-4300-477a-9134-9614e3595e5d,Borders Group,2023-10-22 01:12:20.262279,7fc1a97d-72b0-4f9e-b391-5976492b47fe,422fbd86-e43c-4781-bde3-aada1b45317f,station1942@yahoo.com,America/New_York,2025-07-30 16:33:05.306764,2025-07-30 16:33:05.306764,10d654ad-e94d-4be4-a9dd-5bd90cdedc2e,bb05204b-9818-4e53-9036-6b29b936b0fb
953f2e03-8202-488d-ad46-c62fd15c6692,A Plus Lawn Care,2015-03-19 17:00:44.262326,32067792-3c3d-41d1-9dfc-d6edfd2e1efb,1d5af409-96bd-4aba-9ebb-458bb49ab709,sum1910@live.com,Asia/Tokyo,2025-07-30 16:33:05.306764,2025-07-30 16:33:05.306764,c41e0921-792e-4944-80a7-fc60343f756b,bb05204b-9818-4e53-9036-6b29b936b0fb
d414c781-7bf5-49c8-b4b4-12b79da10a5f,Bucyrus International,2014-10-17 16:58:49.262372,4baf925f-50d8-4cbd-b4df-a92dc9589a5f,422fbd86-e43c-4781-bde3-aada1b45317f,dates1861@yandex.com,Asia/Kolkata,2025-07-30 16:33:05.306764,2025-07-30 16:33:05.306764,b1481402-acd2-491b-8a81-a690929b6e50,bb05204b-9818-4e53-9036-6b29b936b0fb
d8bd9b1f-db0f-47c0-8ca9-bd32a325fc03,Mutual of Omaha,2016-12-23 12:40:15.262418,5cee61f1-aa07-47a9-824e-9adf3d23db2c,3cb73a5b-bc71-44ac-bc58-7eb88e6fad14,consistently2015@example.com,Australia/Sydney,2025-07-30 16:33:05.306764,2025-07-30 16:33:05.306764,c395f1b9-533a-4ad8-afcc-4e4e03e14def,bb05204b-9818-4e53-9036-6b29b936b0fb
a3cf16a2-300e-4c1a-9829-f32919a8007e,Houlihan's,2024-09-13 15:16:44.262465,fbc13a25-9463-41d9-8a34-08cd6eb2981f,422fbd86-e43c-4781-bde3-aada1b45317f,mailto1956@gmail.com,America/New_York,2025-07-30 16:33:05.306764,2025-07-30 16:33:05.306764,6e08ba99-7858-4c09-9b92-f495b7f8328c,bb05204b-9818-4e53-9036-6b29b936b0fb
5f96a263-8a99-48bb-bdeb-4513d3e2e43c,The Fox and Hound,2019-05-09 03:50:53.262511,0699d9e5-245b-4fff-9550-17a989cd9383,3cb73a5b-bc71-44ac-bc58-7eb88e6fad14,replacing1938@outlook.com,Australia/Sydney,2025-07-30 16:33:05.306764,2025-07-30 16:33:05.306764,f086cb88-7609-43a2-9602-d70fb2d04916,bb05204b-9818-4e53-9036-6b29b936b0fb
513b068e-8b04-4df1-9594-3842b1ff10e7,Bushmaster Firearms International,2016-04-03 22:12:01.262557,8af78a46-1701-4e7f-804c-40cf70506c1c,1d5af409-96bd-4aba-9ebb-458bb49ab709,will2036@duck.com,Asia/Kolkata,2025-07-30 16:33:05.306764,2025-07-30 16:33:05.306764,43571d85-8efc-426c-9a9d-d196de80f796,bb05204b-9818-4e53-9036-6b29b936b0fb
1a6bfd16-fe02-47d4-bfa2-48819c9e217c,Twitter,2013-03-25 01:28:22.262604,78ffcccd-7383-4cb9-8d38-1a9d6b8658c8,3cb73a5b-bc71-44ac-bc58-7eb88e6fad14,disputes1837@yandex.com,Europe/London,2025-07-30 16:33:05.306764,2025-07-30 16:33:05.306764,ba8d1d25-df4f-465b-958e-068fbf3c51a3,bb05204b-9818-4e53-9036-6b29b936b0fb
9b8ed542-d2a8-4a3f-86d2-c4faef35a87b,ConocoPhillips,2005-10-06 11:46:06.262669,3a32aed5-de1a-4a1e-9ff4-f663b55fb84e,422fbd86-e43c-4781-bde3-aada1b45317f,reaching1823@yandex.com,America/New_York,2025-07-30 16:33:05.306764,2025-07-30 16:33:05.306764,6eb086aa-805e-4df3-bfa7-91d18c61737a,bb05204b-9818-4e53-9036-6b29b936b0fb
9f18f488-d603-4fa2-86a4-4c434bd81cad,Maxaprofit,2011-06-20 00:48:19.262731,7a5aa23d-02d1-4e09-9f25-54a45110edf4,3cb73a5b-bc71-44ac-bc58-7eb88e6fad14,carter1800@yandex.com,Australia/Sydney,2025-07-30 16:33:05.306764,2025-07-30 16:33:05.306764,80c85cc3-d246-4ab5-8370-84c825a1edab,bb05204b-9818-4e53-9036-6b29b936b0fb
72b02012-042c-47a1-adcf-04219e7ad559,Kurzweil Educational Systems,2005-08-27 16:22:20.262778,3cb2aa90-2f7a-45ef-b69d-1af89d5f81e5,903cdea3-1e89-4418-81c9-99a7a7a25da2,freebsd1909@protonmail.com,America/Los_Angeles,2025-07-30 16:33:05.306764,2025-07-30 16:33:05.306764,c4c7eddb-e59a-494d-8c65-7f9d76a65308,bb05204b-9818-4e53-9036-6b29b936b0fb
b44f445e-ebf6-4020-82e0-aecd58d32008,Modern Realty,2012-03-22 23:33:41.262824,47329c77-bbcf-478e-93a5-bd40c286af0a,3cb73a5b-bc71-44ac-bc58-7eb88e6fad14,composer1939@yandex.com,Australia/Sydney,2025-07-30 16:33:05.306764,2025-07-30 16:33:05.306764,7bd4f646-1ed0-45bd-a504-e07807cec659,bb05204b-9818-4e53-9036-6b29b936b0fb
6daef71b-e35c-4534-93f2-49890f080fc8,Devon Energy,2008-08-08 02:01:45.262870,6cebc408-e8e9-47a5-8dc4-c3da3cb6f3e8,422fbd86-e43c-4781-bde3-aada1b45317f,transportation1842@yahoo.com,America/Los_Angeles,2025-07-30 16:33:05.306764,2025-07-30 16:33:05.306764,f9f3c2b2-d9e3-450c-bd89-82273f0bcf70,bb05204b-9818-4e53-9036-6b29b936b0fb
45f8d707-2733-42ec-8b9e-ab40d7910ea2,Citigroup,2025-05-19 04:50:10.262923,ffb42691-32f7-41b8-8aca-fa377c4ad27e,1d5af409-96bd-4aba-9ebb-458bb49ab709,cricket1864@protonmail.com,America/Los_Angeles,2025-07-30 16:33:05.306764,2025-07-30 16:33:05.306764,d7107b46-52de-4935-940c-cb5ccf6d3fbc,bb05204b-9818-4e53-9036-6b29b936b0fb
08e27737-2359-4d25-be8c-dd18c59b0d19,Red Hat,2014-04-29 08:15:31.262972,3a2b5770-b866-4e8a-a114-4658b7ebc6bd,422fbd86-e43c-4781-bde3-aada1b45317f,salmon2021@duck.com,Asia/Tokyo,2025-07-30 16:33:05.306764,2025-07-30 16:33:05.306764,a932ec01-6e12-4a61-ab31-2b09796686cd,bb05204b-9818-4e53-9036-6b29b936b0fb
62cd7656-5886-470a-a15b-9e913c4ccc44,U.S. Steel,2017-07-23 22:39:45.263019,a94694f1-80a9-4944-b4f5-1de975348445,1d5af409-96bd-4aba-9ebb-458bb49ab709,ash2059@duck.com,Asia/Tokyo,2025-07-30 16:33:05.306764,2025-07-30 16:33:05.306764,15a21df7-a4cc-4d41-8f94-9e132baada6b,bb05204b-9818-4e53-9036-6b29b936b0fb
4da306a4-127f-4948-90a7-fb63e9ab0c31,Lennox International,2006-04-12 13:34:40.263066,b984e819-2da0-44bd-bf22-b1ca1f9398b8,903cdea3-1e89-4418-81c9-99a7a7a25da2,maine2011@live.com,Asia/Tokyo,2025-07-30 16:33:05.306764,2025-07-30 16:33:05.306764,57d9222a-8eff-49db-857e-692ce6f02ef1,bb05204b-9818-4e53-9036-6b29b936b0fb
e3046753-34b9-4209-ba6b-94c0030887fa,Parts and Pieces,2018-06-13 06:50:26.263113,bd683ac5-7f31-44b4-8adc-acfc83d0701e,422fbd86-e43c-4781-bde3-aada1b45317f,diverse2068@duck.com,Asia/Tokyo,2025-07-30 16:33:05.306764,2025-07-30 16:33:05.306764,eb3c6637-283b-4d4e-bb15-0edb5a117354,bb05204b-9818-4e53-9036-6b29b936b0fb
4c79dc23-cfce-495d-bd3e-1ef0f028edda,Service Corporation International,2012-06-02 11:09:51.263175,ecd60682-d71b-4a5a-b595-70df5f511741,422fbd86-e43c-4781-bde3-aada1b45317f,accept2003@outlook.com,Europe/Prague,2025-07-30 16:33:05.306764,2025-07-30 16:33:05.306764,a19fa207-6aa1-4421-ad7f-4640078979cb,bb05204b-9818-4e53-9036-6b29b936b0fb
7a4f6d28-91fb-423e-9a40-4f5beebebfbc,WellPoint,2017-07-22 11:22:48.263223,672ad143-8f58-44fe-bccf-1a8b010f3ef4,422fbd86-e43c-4781-bde3-aada1b45317f,angels1997@yandex.com,Europe/London,2025-07-30 16:33:05.306764,2025-07-30 16:33:05.306764,b73eed41-6624-4db3-98f9-25e0ae653df0,bb05204b-9818-4e53-9036-6b29b936b0fb
e77cec73-cafa-4724-bdc1-ade80516ff08,EnviroSource Design,2007-08-15 02:38:19.263268,c9da7463-9783-4b6c-a2ac-b407e7c81350,903cdea3-1e89-4418-81c9-99a7a7a25da2,zdnet1891@duck.com,Asia/Tokyo,2025-07-30 16:33:05.306764,2025-07-30 16:33:05.306764,fba24eec-c7a7-4fc8-b73a-fb172bf9639a,bb05204b-9818-4e53-9036-6b29b936b0fb
03486af4-ee1c-4bd6-9412-f709879fac05,Progressive Corporation,2023-03-06 19:16:08.263410,8ae5d797-e0b9-4de0-b358-553580f28b77,1d5af409-96bd-4aba-9ebb-458bb49ab709,alberta1800@example.org,Asia/Tokyo,2025-07-30 16:33:05.306764,2025-07-30 16:33:05.306764,05882e5e-1d38-4aa9-832e-7956cb1cbd5f,bb05204b-9818-4e53-9036-6b29b936b0fb
be27b095-259f-4b4e-ac44-6bd42889fe97,Auto-Owners Insurance,2024-07-26 14:38:31.263483,22b71bdf-db68-451a-abce-a649827b5f9a,903cdea3-1e89-4418-81c9-99a7a7a25da2,mothers2027@gmail.com,Australia/Sydney,2025-07-30 16:33:05.306764,2025-07-30 16:33:05.306764,97164011-ee9c-4a4d-82f3-269ce2d89a81,bb05204b-9818-4e53-9036-6b29b936b0fb
9f2e389c-761b-4638-a854-0ccd79e8e3fe,Brinker International,2010-05-05 17:58:36.263538,cef1d1cc-cc2a-4863-82c3-fb521118cf1c,903cdea3-1e89-4418-81c9-99a7a7a25da2,wrap1885@outlook.com,Europe/London,2025-07-30 16:33:05.306764,2025-07-30 16:33:05.306764,bcf29614-6ec7-4b06-b492-72a5f2c8a00e,bb05204b-9818-4e53-9036-6b29b936b0fb
3e55bb09-7b12-40a0-8aa9-c11ff487d5a3,AC Lens,2021-10-28 01:18:41.263589,cf4ee9bc-afaa-44ff-b31c-17ba84659e24,1d5af409-96bd-4aba-9ebb-458bb49ab709,humidity2062@duck.com,Europe/London,2025-07-30 16:33:05.306764,2025-07-30 16:33:05.306764,bfb5e046-0422-4f63-9772-c1bb112d26bb,bb05204b-9818-4e53-9036-6b29b936b0fb
768af629-865f-4ec2-bd8b-ba1d2745f2fb,Opticomp,2018-08-20 14:05:10.263640,7f7dd671-6b6c-4a6d-9ea9-ed30b31432ad,1d5af409-96bd-4aba-9ebb-458bb49ab709,magic2068@example.com,UTC,2025-07-30 16:33:05.306764,2025-07-30 16:33:05.306764,2687cd4c-505f-4e0c-9371-4077dfb51745,bb05204b-9818-4e53-9036-6b29b936b0fb
e39c0cb9-5475-491c-8ff2-3a3bfb92028a,Brinker International,2019-02-20 09:35:29.263691,26198090-2099-4960-aa10-108b18add727,903cdea3-1e89-4418-81c9-99a7a7a25da2,fragrances1812@outlook.com,Europe/London,2025-07-30 16:33:05.306764,2025-07-30 16:33:05.306764,aeb0ba49-7b5f-4a3b-afb1-9371d6b919cf,bb05204b-9818-4e53-9036-6b29b936b0fb
2f72ec20-3052-4233-9017-de224d934f9f,Human Kinetics,2022-11-16 18:23:23.263772,3428c316-1638-4eb9-8453-79146bb3e1ae,422fbd86-e43c-4781-bde3-aada1b45317f,proxy1862@outlook.com,Europe/Prague,2025-07-30 16:33:05.306764,2025-07-30 16:33:05.306764,e42ce67f-e609-4936-a728-4af7721c8224,bb05204b-9818-4e53-9036-6b29b936b0fb
06a9739a-80d1-4e48-a251-b8ac079f8227,Muscle Factory,2013-12-27 10:13:41.263819,4a689368-a44d-4cf0-b7a6-5e25b7f49cb5,1d5af409-96bd-4aba-9ebb-458bb49ab709,catalog1964@live.com,Asia/Kolkata,2025-07-30 16:33:05.306764,2025-07-30 16:33:05.306764,4f8b0d53-4d45-4177-bfdc-d72d7ca10df8,bb05204b-9818-4e53-9036-6b29b936b0fb
ca9697b5-2e11-487e-85de-4470ac6a0e1c,Architectural Genie,2007-01-23 12:03:04.263866,dad17d9d-48d4-4bfd-815e-a1a266947fee,3cb73a5b-bc71-44ac-bc58-7eb88e6fad14,ssl1977@live.com,America/Los_Angeles,2025-07-30 16:33:05.306764,2025-07-30 16:33:05.306764,c3164c7c-2d7e-4a5d-b0bc-87bddae27c67,bb05204b-9818-4e53-9036-6b29b936b0fb
f8965f3b-e4a1-491f-a65b-668973c8006d,Quincy Newspapers,2019-05-10 10:04:48.263916,97d883cc-e3e4-40d9-a263-358da9274ba2,903cdea3-1e89-4418-81c9-99a7a7a25da2,efficiently1884@live.com,Asia/Kolkata,2025-07-30 16:33:05.306764,2025-07-30 16:33:05.306764,45d5bf1a-3de9-4c34-8fd3-ad451b6d595f,bb05204b-9818-4e53-9036-6b29b936b0fb
46d8a712-6991-4055-880a-91ac51e811d0,Domtar,2012-06-14 06:22:50.263964,3171faa3-192c-4be7-bdec-5ce5caa47de9,422fbd86-e43c-4781-bde3-aada1b45317f,russian2036@example.org,Asia/Tokyo,2025-07-30 16:33:05.306764,2025-07-30 16:33:05.306764,0a686ba2-29a1-4fee-960c-48058a2162f0,bb05204b-9818-4e53-9036-6b29b936b0fb
a5ff21a3-28ec-45d1-8b18-a506c64ad0a4,Raytheon,2009-11-02 19:55:55.264011,b7a3a00d-c7c1-4466-ad77-9901d268e99a,903cdea3-1e89-4418-81c9-99a7a7a25da2,incl2082@yahoo.com,Europe/Prague,2025-07-30 16:33:05.306764,2025-07-30 16:33:05.306764,d2545f2e-e0d8-49e3-a8ad-82959d0cb6ca,bb05204b-9818-4e53-9036-6b29b936b0fb
b142b93b-91a6-403c-93fa-6098c15562e2,Gore-Tex,2024-12-05 02:19:57.264056,463328ca-4b2c-48e1-b203-a244606420e8,1d5af409-96bd-4aba-9ebb-458bb49ab709,wav1933@live.com,Australia/Sydney,2025-07-30 16:33:05.306764,2025-07-30 16:33:05.306764,19894c0d-82d1-41d4-9b4a-720de7c93e6d,bb05204b-9818-4e53-9036-6b29b936b0fb
830517e5-61bf-433c-8bf3-31067396100e,Colt's Manufacturing Company,2019-10-26 23:17:09.264108,50abfdc8-0df8-4863-92c2-2849512a9fb2,3cb73a5b-bc71-44ac-bc58-7eb88e6fad14,bureau1810@yahoo.com,America/New_York,2025-07-30 16:33:05.306764,2025-07-30 16:33:05.306764,d1949264-6e16-4e11-8e7f-85a02ee64aff,bb05204b-9818-4e53-9036-6b29b936b0fb
bee897ec-7f3f-47c0-b6ed-2ea3cde6e18b,Magik Grey,2009-01-02 03:48:29.264158,cc9caadc-a776-40bf-9916-212f37a16463,1d5af409-96bd-4aba-9ebb-458bb49ab709,beef1988@example.org,UTC,2025-07-30 16:33:05.306764,2025-07-30 16:33:05.306764,87d8ebc3-94b5-4813-899f-641963c4aa17,bb05204b-9818-4e53-9036-6b29b936b0fb
20356238-f7ae-4e27-91ba-4c9f9d0d48b9,Marathon Oil,2011-06-09 10:23:36.264204,4c6f43cf-b812-40e4-aec2-cd09981873c8,3cb73a5b-bc71-44ac-bc58-7eb88e6fad14,nerve1834@example.com,Europe/London,2025-07-30 16:33:05.306764,2025-07-30 16:33:05.306764,22d46568-daed-4f78-970a-b90860e5e802,bb05204b-9818-4e53-9036-6b29b936b0fb
8623d104-cec0-4631-af5d-48841ca7ea59,Monsanto Company,2017-04-27 12:19:28.264251,1bf2ecd3-8df7-49a7-9bd1-f91ae70879e6,903cdea3-1e89-4418-81c9-99a7a7a25da2,feedback1847@outlook.com,America/New_York,2025-07-30 16:33:05.306764,2025-07-30 16:33:05.306764,a9073666-daa9-422b-b386-65f1dca9b1fa,bb05204b-9818-4e53-9036-6b29b936b0fb
fe4fcf90-3ffd-4963-b68e-9c12a65200b1,The Happy Bear,2021-07-21 13:46:39.264298,5e327200-3421-46ab-ac71-65cede0f3ede,1d5af409-96bd-4aba-9ebb-458bb49ab709,series2026@outlook.com,America/New_York,2025-07-30 16:33:05.306764,2025-07-30 16:33:05.306764,8df8d520-65f6-4ee2-a0f8-9f3192aa5669,bb05204b-9818-4e53-9036-6b29b936b0fb
0cc1bd7c-ee6e-4a34-ba3c-5224dda58af8,Equifax,2016-07-04 13:29:13.264346,520174d6-ffec-4543-8e1a-15282089f5f1,3cb73a5b-bc71-44ac-bc58-7eb88e6fad14,ian1843@yandex.com,Europe/London,2025-07-30 16:33:05.306764,2025-07-30 16:33:05.306764,83fe0352-2578-4c89-9513-030baa9a0e59,bb05204b-9818-4e53-9036-6b29b936b0fb
f0a7ddef-a4ed-48f3-b797-811748b710ef,ViewSonic,2014-09-03 14:03:22.264392,e043f4ef-0399-4609-8f79-5c830bf46535,3cb73a5b-bc71-44ac-bc58-7eb88e6fad14,cure1884@outlook.com,Europe/London,2025-07-30 16:33:05.306764,2025-07-30 16:33:05.306764,359c0acf-b2ce-4132-b5ac-adfc72328662,bb05204b-9818-4e53-9036-6b29b936b0fb
a19d8ea0-8c62-4e38-b3da-9a242f56d35f,Salem Communications,2010-06-24 10:03:48.264438,050d5402-30fb-4791-8ddc-1f3bf9385f47,422fbd86-e43c-4781-bde3-aada1b45317f,religions1843@example.com,Europe/Prague,2025-07-30 16:33:05.306764,2025-07-30 16:33:05.306764,e40ecb96-458b-439c-acc9-6c13613f5616,bb05204b-9818-4e53-9036-6b29b936b0fb
875c15fd-3f32-4daf-b421-55d767a6e270,Convergys Corp.,2020-11-23 02:27:47.264484,00ee8b85-5c7e-491a-bc46-b5993a189808,1d5af409-96bd-4aba-9ebb-458bb49ab709,topic2093@example.org,Asia/Kolkata,2025-07-30 16:33:05.306764,2025-07-30 16:33:05.306764,46074cb6-4d80-47ca-859d-ff4bccf40287,bb05204b-9818-4e53-9036-6b29b936b0fb
b6c777f9-e887-40f1-b295-7b3a2b862d7f,United Airlines,2021-07-21 20:39:55.266184,7f3498eb-d712-40d8-a1fd-3698b37a9ea9,1d5af409-96bd-4aba-9ebb-458bb49ab709,breed1888@duck.com,Australia/Sydney,2025-07-30 16:33:05.306764,2025-07-30 16:33:05.306764,6cf96293-d492-4f8b-aabd-f20ef39e1050,bb05204b-9818-4e53-9036-6b29b936b0fb
c834834c-5c8c-4078-9637-088f25f05e0d,Strategy Consulting,2013-10-11 21:08:10.266303,b464234b-eba9-4adc-ad25-64a6c546f4aa,422fbd86-e43c-4781-bde3-aada1b45317f,adsl1992@live.com,Asia/Tokyo,2025-07-30 16:33:05.306764,2025-07-30 16:33:05.306764,3fd0fee5-02dc-4e61-a634-10cab553079c,bb05204b-9818-4e53-9036-6b29b936b0fb
8c37c49d-4ba6-45b7-bdeb-1659832d784f,"Yum! Brands, Inc.",2008-05-28 17:16:48.266365,ff94e8e9-a5ad-49b0-8147-6daeb4972916,3cb73a5b-bc71-44ac-bc58-7eb88e6fad14,passengers1882@example.org,America/New_York,2025-07-30 16:33:05.306764,2025-07-30 16:33:05.306764,43a8bf7c-ac81-4c40-b0d3-b2e387e0cbd3,bb05204b-9818-4e53-9036-6b29b936b0fb
74a0e98c-e3a5-4a67-aafc-a3d7f5e1227e,Venus Swimwear,2017-02-20 02:20:10.266417,4605b802-3dca-4f9d-baa2-3d4f99845ee1,903cdea3-1e89-4418-81c9-99a7a7a25da2,occupations1861@duck.com,UTC,2025-07-30 16:33:05.306764,2025-07-30 16:33:05.306764,6e8e223d-71ff-49d0-afee-33c2a94130e3,bb05204b-9818-4e53-9036-6b29b936b0fb
26c4943e-c419-402b-9353-39620c4e5f53,Venus Swimwear,2008-06-22 10:40:55.266486,d78a6a10-9609-42b5-8567-55ca3daae200,903cdea3-1e89-4418-81c9-99a7a7a25da2,respect2014@gmail.com,America/Los_Angeles,2025-07-30 16:33:05.306764,2025-07-30 16:33:05.306764,6b00aba6-2411-480e-ab81-a8490e1c0f7b,bb05204b-9818-4e53-9036-6b29b936b0fb
9cae9045-730c-48d1-bd8d-15fc01512857,Destiny Realty Solutions,2019-06-05 23:18:45.266535,0665d149-17f8-4826-9e2c-8d1349dc1d7d,422fbd86-e43c-4781-bde3-aada1b45317f,cheats2020@protonmail.com,Australia/Sydney,2025-07-30 16:33:05.306764,2025-07-30 16:33:05.306764,4592b03e-48f6-4e0b-8ca6-0b8328394677,bb05204b-9818-4e53-9036-6b29b936b0fb
595684e0-f125-464c-afb0-b2ea07893c41,Ernod,2007-08-20 02:57:08.266584,8f49928e-6244-4349-bb99-60f77ebf38df,1d5af409-96bd-4aba-9ebb-458bb49ab709,celebs2015@outlook.com,Asia/Tokyo,2025-07-30 16:33:05.306764,2025-07-30 16:33:05.306764,28748714-1671-4d6e-ab22-3b8c29a42173,bb05204b-9818-4e53-9036-6b29b936b0fb
93495c48-1a20-49d3-b93a-410c1e01f9e0,Domtar,2016-04-20 02:39:57.266632,0ea4c26f-3d25-4d82-9b02-1b842e9b920a,3cb73a5b-bc71-44ac-bc58-7eb88e6fad14,designing1911@example.com,America/New_York,2025-07-30 16:33:05.306764,2025-07-30 16:33:05.306764,ac1e1739-743c-4c88-a249-eaa83e1af2b2,bb05204b-9818-4e53-9036-6b29b936b0fb
e04e3e0d-5e60-4b29-88bb-7695cca8f19b,TLC,2017-06-24 06:24:39.266680,3410a52e-816e-4ff6-bc36-ae1077ffb279,903cdea3-1e89-4418-81c9-99a7a7a25da2,let2010@yandex.com,Asia/Tokyo,2025-07-30 16:33:05.306764,2025-07-30 16:33:05.306764,8350b4f8-fe1e-4818-b7fe-8a7f58249282,bb05204b-9818-4e53-9036-6b29b936b0fb
f2627c8f-098a-49c8-b573-7c10b819a5b9,Silicon Graphics,2015-08-14 19:36:10.266727,5a0c271c-afd8-4720-9f69-2882bde99637,3cb73a5b-bc71-44ac-bc58-7eb88e6fad14,confirmed1837@example.com,Europe/Prague,2025-07-30 16:33:05.306764,2025-07-30 16:33:05.306764,27657ef5-84ac-4ad7-9914-2f7a4fe727eb,bb05204b-9818-4e53-9036-6b29b936b0fb
9fa2b756-a3ee-49ae-8b33-a76a27f9b3ae,Vulcan Corporation,2014-01-15 11:49:01.266794,f36e7209-4439-4ae9-bcc0-1c8d57a93bbe,3cb73a5b-bc71-44ac-bc58-7eb88e6fad14,exhibits2077@protonmail.com,Asia/Tokyo,2025-07-30 16:33:05.306764,2025-07-30 16:33:05.306764,6cacb9b5-9f36-4cf5-bc71-04ad33231920,bb05204b-9818-4e53-9036-6b29b936b0fb
8a1b9385-694a-4620-b5ba-e3c4b2de2a74,Happy Bear Investment,2008-07-05 15:03:03.266843,705f15c2-ac30-436b-966f-7f916d007258,3cb73a5b-bc71-44ac-bc58-7eb88e6fad14,excessive1928@example.com,America/New_York,2025-07-30 16:33:05.306764,2025-07-30 16:33:05.306764,db48868a-47ae-4fb2-8c84-8162e6efb494,bb05204b-9818-4e53-9036-6b29b936b0fb
b3d5cc14-b987-4cf6-9990-464adb826021,Boyd Gaming,2024-09-26 06:48:33.266892,a6e2d659-1425-4b48-b83e-4ab44c4854c8,903cdea3-1e89-4418-81c9-99a7a7a25da2,strengths2005@gmail.com,Asia/Tokyo,2025-07-30 16:33:05.306764,2025-07-30 16:33:05.306764,bc6bb0f4-54d1-4338-8b6c-8fa597c7f0a8,bb05204b-9818-4e53-9036-6b29b936b0fb
13bb0c12-d49d-4559-97a8-322bb4fd950b,Northrop Grumman,2017-02-09 19:55:44.266951,28a8d05f-f858-49ab-8028-737704e9ac8c,422fbd86-e43c-4781-bde3-aada1b45317f,affiliates1852@example.com,Europe/Prague,2025-07-30 16:33:05.306764,2025-07-30 16:33:05.306764,d380b463-c835-4433-85ef-1ede1c83d032,bb05204b-9818-4e53-9036-6b29b936b0fb
05bb76de-84c5-40f3-bcc1-f721cd61326d,SBC Communications,2015-03-17 11:14:16.267005,f34bc2e4-4f2a-43c3-acf1-df590b3e240c,422fbd86-e43c-4781-bde3-aada1b45317f,bound2089@protonmail.com,UTC,2025-07-30 16:33:05.306764,2025-07-30 16:33:05.306764,bc8c1bb2-0f0b-4616-84ea-6f85d26e85e8,bb05204b-9818-4e53-9036-6b29b936b0fb
ddd59187-527a-4927-97ba-dbe7ae30ba36,Plan Smart Partner,2006-10-17 06:54:38.267054,eabdf31b-3e6d-4b99-b68b-d31d4dbb688b,903cdea3-1e89-4418-81c9-99a7a7a25da2,intel1809@protonmail.com,Australia/Sydney,2025-07-30 16:33:05.306764,2025-07-30 16:33:05.306764,79c9addb-db56-4b99-bf21-e0ac1492d566,bb05204b-9818-4e53-9036-6b29b936b0fb
04dceb3c-3d82-4bca-873b-f42de27d1d12,Walt Disney Company,2019-12-20 14:15:45.267118,56005678-80cb-4171-9bfe-e4bf6dd780d4,1d5af409-96bd-4aba-9ebb-458bb49ab709,scanning1901@duck.com,Europe/Prague,2025-07-30 16:33:05.306764,2025-07-30 16:33:05.306764,b62d1974-1b43-4da1-8bfd-c88df497bbbe,bb05204b-9818-4e53-9036-6b29b936b0fb
f16b244d-c5af-4c62-80ce-a43f33f24f85,Lawn N' Order Garden Care,2011-12-01 09:36:07.267166,e29814d9-6a54-447e-9d65-24b63f0a409a,903cdea3-1e89-4418-81c9-99a7a7a25da2,adsl2088@live.com,America/New_York,2025-07-30 16:33:05.306764,2025-07-30 16:33:05.306764,16fa614d-8442-406b-8eb5-22f2be38011a,bb05204b-9818-4e53-9036-6b29b936b0fb
c0baa579-5956-4b1b-b29e-c598dd026976,DiC Entertainment,2008-02-09 05:31:11.267242,c6dea88e-6eb9-4716-b87e-2fff42167fd4,1d5af409-96bd-4aba-9ebb-458bb49ab709,days1893@outlook.com,Europe/Prague,2025-07-30 16:33:05.306764,2025-07-30 16:33:05.306764,19d20c98-4564-4684-bf51-737827689c0e,bb05204b-9818-4e53-9036-6b29b936b0fb
474d3939-648d-4db4-832f-d452275a90e0,Spectrum Brands,2008-09-27 05:48:49.267311,078697c8-4561-4586-8e16-05ea4fd7a6d2,422fbd86-e43c-4781-bde3-aada1b45317f,jefferson2009@example.org,Europe/Prague,2025-07-30 16:33:05.306764,2025-07-30 16:33:05.306764,7c9fe171-93c4-4510-8229-944a61b39c9c,bb05204b-9818-4e53-9036-6b29b936b0fb
088a6a9e-3bef-4ad2-b0b5-92bed63f2295,Wealthy Ideas,2015-08-30 14:15:41.267414,4a558d96-3d9f-4423-96cd-c3d45ec151f4,903cdea3-1e89-4418-81c9-99a7a7a25da2,wings1877@yahoo.com,Asia/Tokyo,2025-07-30 16:33:05.306764,2025-07-30 16:33:05.306764,b515c7e2-7e4f-42de-81ec-6e946d7623cf,bb05204b-9818-4e53-9036-6b29b936b0fb
