ConstituentSocialEngagementId,ConstituentId,Like,Share,Comment,Impression,Date,SocialEngagementId,Timezone,CreatedDate,ModifiedDate,SourceSystemId,SourceId
d9b73a3a-c789-49d7-b968-8dcc55ff48d1,505dc766-01f5-46b7-8c06-858be6c94ad2,False,True,False,True,2013-06-29 12:07:18.391399,4b826338-767f-41b2-89f7-3cead4fadc9e,America/Los_Angeles,2025-07-30 16:33:05.306764,2025-07-30 16:33:05.306764,80d5d6cf-6c9a-4466-8876-6453e01cb37c,bb05204b-9818-4e53-9036-6b29b936b0fb
0172e5dc-f83e-4123-a55b-229adcd561d2,994ff840-5c4a-404e-a53a-287a78cb805e,False,True,False,True,2025-03-01 14:24:54.391502,f018b11f-27fd-4863-87e6-6c26e47cc0d1,America/New_York,2025-07-30 16:33:05.306764,2025-07-30 16:33:05.306764,a6dd9996-f985-4348-b3f6-8fd9523ac05e,bb05204b-9818-4e53-9036-6b29b936b0fb
001f157e-a7a9-451c-b838-2ee68569f4be,7ac271af-2438-46eb-abf6-cfb540fdeedf,False,True,False,True,2025-02-12 04:38:38.391902,dbb2fa0f-3b9f-494b-b42e-48994f841bf7,UTC,2025-07-30 16:33:05.306764,2025-07-30 16:33:05.306764,398861cc-98e5-438c-9ae9-9c43e4f834c3,bb05204b-9818-4e53-9036-6b29b936b0fb
146b8e77-df4b-4f1f-aa98-b6ffb7ba0b4a,07b2ce8e-3111-4578-88d6-11aeed67fbe3,False,True,False,True,2007-05-19 06:28:25.392024,dd4b134f-f478-47e8-a25b-7d5ba1ff8e87,Asia/Kolkata,2025-07-30 16:33:05.306764,2025-07-30 16:33:05.306764,49815615-751c-4903-b52f-4f1e10aa739f,bb05204b-9818-4e53-9036-6b29b936b0fb
a27c03cd-c5f6-4c4b-9f7f-64a39203dfc8,599eb083-ab6a-4d0b-94e8-3b481b61c341,True,False,False,True,2019-08-07 11:34:13.392154,a5b4419d-a4e2-42cb-8e48-02ee8d27b861,Asia/Kolkata,2025-07-30 16:33:05.306764,2025-07-30 16:33:05.306764,b42be07c-2b21-49ec-ac7a-7dcddb32bffe,bb05204b-9818-4e53-9036-6b29b936b0fb
e40d2832-9347-4a5f-8dc0-91dbf2a96f8f,7427ced0-9f9a-4b57-8d41-406383798bb7,True,False,False,True,2014-12-22 03:14:34.392217,3223281e-f1c6-42dd-af30-0e8389f5ae47,UTC,2025-07-30 16:33:05.306764,2025-07-30 16:33:05.306764,9a1b1a69-6017-4dd5-8161-bbde16142c0a,bb05204b-9818-4e53-9036-6b29b936b0fb
1346ca58-4ffe-4be9-b503-57490a5b5165,e0475798-132e-44a0-9f21-bcca56273154,True,False,False,True,2011-07-21 14:02:30.392310,5a216c53-2eda-4fbc-9bba-679a40cf3972,Australia/Sydney,2025-07-30 16:33:05.306764,2025-07-30 16:33:05.306764,4333f111-55ce-442a-8946-51e8b14aad01,bb05204b-9818-4e53-9036-6b29b936b0fb
45995370-506f-4707-9bb4-4cc841885a62,c8208eaa-08c4-4212-8ddf-146e9940f082,False,False,True,True,2021-09-07 23:57:21.392432,29814342-b30c-4047-bee2-8306f9a85a2e,UTC,2025-07-30 16:33:05.306764,2025-07-30 16:33:05.306764,cdc413e3-88f9-457d-bb78-cb26f4510890,bb05204b-9818-4e53-9036-6b29b936b0fb
a7abd603-97c5-4a7f-955f-1d22e231350f,1ee99d7f-a788-4f20-902c-201f5b1ff4e9,False,False,True,True,2024-09-28 07:34:27.392498,b69ab585-d26f-4968-85b0-17ef6ab1dc3e,Asia/Tokyo,2025-07-30 16:33:05.306764,2025-07-30 16:33:05.306764,6a93b940-d030-4b5b-8985-25c863251212,bb05204b-9818-4e53-9036-6b29b936b0fb
8d48531a-30ec-47c0-b465-565cd84d2098,54b90756-4a7e-42cd-9aac-242fc8f86b35,True,False,False,True,2009-10-21 05:54:35.392581,5fc7b606-b778-4d2a-81c6-66f81d63368c,Australia/Sydney,2025-07-30 16:33:05.306764,2025-07-30 16:33:05.306764,2487f7a4-309e-44f3-a937-74f196a1e918,bb05204b-9818-4e53-9036-6b29b936b0fb
168a00df-a5e9-44fd-a17b-2da5b962c888,d7e312ed-6901-46e5-83c9-0fe149381325,True,False,False,True,2023-03-16 17:12:15.392670,b26ef082-a14a-456c-9556-412b4f06506a,Asia/Tokyo,2025-07-30 16:33:05.306764,2025-07-30 16:33:05.306764,cd4ef341-650d-4499-a7a3-6b6352d1164a,bb05204b-9818-4e53-9036-6b29b936b0fb
3a81db11-5ec5-4790-b54c-c011e90b93ba,3362b79a-2b05-44f3-acbf-a1296a10c3ab,False,True,False,True,2020-05-20 05:50:14.392710,67309391-77bb-45d9-ad64-960a8efadf90,Asia/Tokyo,2025-07-30 16:33:05.306764,2025-07-30 16:33:05.306764,fb9a28e6-1722-4b4e-ae09-ea56592364c5,bb05204b-9818-4e53-9036-6b29b936b0fb
09f17755-ddda-48bd-91d0-f9ef38b4f24d,a3a2ff1d-6391-42b4-bd81-9025a28d3e4d,False,True,False,True,2021-01-17 15:27:28.392760,2b45b660-9cb2-4dea-998f-fe5cb14db8c1,Asia/Kolkata,2025-07-30 16:33:05.306764,2025-07-30 16:33:05.306764,fe3346b4-8299-435a-b0d2-ceedd157e023,bb05204b-9818-4e53-9036-6b29b936b0fb
6d964fcf-f67f-474b-b3cc-692102360c2f,132ad345-c2c0-4269-8812-ea99a3c7dbd2,False,True,False,True,2007-05-13 11:27:58.392815,675a4f1b-8893-432a-95cf-290491d4e5ea,Asia/Kolkata,2025-07-30 16:33:05.306764,2025-07-30 16:33:05.306764,b0bc4bb7-6db5-4c34-81a8-ea7e2c9d9b72,bb05204b-9818-4e53-9036-6b29b936b0fb
e34ad9c1-ef03-4af0-b5d5-e8d92923d01d,2afc0b09-7000-4b2a-90c6-7876cefe8691,False,True,False,True,2012-09-13 21:36:23.392847,ced71fca-9e26-4406-a473-461281a82fd8,Europe/London,2025-07-30 16:33:05.306764,2025-07-30 16:33:05.306764,81b4f050-022e-45cb-b227-2af06efde619,bb05204b-9818-4e53-9036-6b29b936b0fb
38df6813-45ee-4801-8290-2fe361a9690e,18c9d837-cf2e-4ed2-9782-8e1d6795f2c1,False,True,False,True,2008-06-11 08:07:32.392880,1b418380-4abd-4946-af17-1ab203187896,Asia/Kolkata,2025-07-30 16:33:05.306764,2025-07-30 16:33:05.306764,22003036-46a8-4d65-ae23-1e42454534bd,bb05204b-9818-4e53-9036-6b29b936b0fb
ed32d3a4-764b-477b-a80c-04e27bf135aa,bcd4dd3d-a40e-4472-8907-3439c2fedffe,False,False,True,True,2009-01-09 03:54:57.392909,6276fe53-4703-4595-baed-82a15d54041c,America/Los_Angeles,2025-07-30 16:33:05.306764,2025-07-30 16:33:05.306764,07e7def7-398b-48f4-961e-dde19d3c14cc,bb05204b-9818-4e53-9036-6b29b936b0fb
8df728d5-678c-4f0f-9c78-2eaf333853f7,4847fac6-e0ec-4d20-acb7-12382c9a0d1a,False,True,False,True,2008-09-08 19:44:36.392937,cc52da4f-2354-4240-92d5-8609ad7ec7fe,Australia/Sydney,2025-07-30 16:33:05.306764,2025-07-30 16:33:05.306764,baf11310-14e3-4b5f-828e-33d7eabfd21d,bb05204b-9818-4e53-9036-6b29b936b0fb
f94b75e5-77d9-4b8a-be80-13ae415ddc10,c3147da1-b3ea-4424-af39-66cff8ab7ce7,True,False,False,True,2013-04-09 17:26:41.392965,76bb102f-7851-4d17-890c-24e9d2efbe95,America/Los_Angeles,2025-07-30 16:33:05.306764,2025-07-30 16:33:05.306764,78d46da8-b73c-4d8b-a269-294a450478be,bb05204b-9818-4e53-9036-6b29b936b0fb
30a4be5d-9201-40ba-b0b1-11a18d2d19b3,4ce7f498-4a10-4360-80ed-0938ec082fae,False,True,False,True,2015-03-15 23:55:22.393016,d4bcb769-a8b3-456a-b995-446030b3caf9,Australia/Sydney,2025-07-30 16:33:05.306764,2025-07-30 16:33:05.306764,b5b1fb8e-caec-45bf-a012-bcf333a1a5a1,bb05204b-9818-4e53-9036-6b29b936b0fb
e88fe084-4350-49c1-b658-ceee722d5903,a2b329dd-4445-4158-b363-e4db72ded565,False,False,True,True,2010-04-23 00:37:28.393047,376c39bc-d43d-4d84-9127-81d96544b428,UTC,2025-07-30 16:33:05.306764,2025-07-30 16:33:05.306764,24c35b26-98c6-468e-82a0-cdce70955695,bb05204b-9818-4e53-9036-6b29b936b0fb
66f19e44-1160-4840-8b0b-db2d172c21df,1c1cdf51-81b1-4636-b950-d8e39da54970,True,False,False,True,2014-03-14 02:55:58.393074,b2e64b90-35d3-4139-a35b-2694f01fb9ad,America/New_York,2025-07-30 16:33:05.306764,2025-07-30 16:33:05.306764,77496cfb-9eaa-4d82-ab02-4b0490a01445,bb05204b-9818-4e53-9036-6b29b936b0fb
db39572a-74c2-4be6-99e8-972a347e0028,96ae213e-37d1-4e1c-9672-df072873b58b,False,False,True,True,2006-08-11 07:04:19.393122,9910b46e-17eb-470b-85f4-3f7e9264a1b8,Australia/Sydney,2025-07-30 16:33:05.306764,2025-07-30 16:33:05.306764,e043133b-229a-4464-b094-d21d4ea9b4f1,bb05204b-9818-4e53-9036-6b29b936b0fb
1f7f2c5d-fa66-4b4f-8406-920ac81cf908,b82b6283-9168-476e-acd7-4f70fd019e89,False,False,True,True,2015-07-03 01:28:02.393162,62999d1a-9eea-4886-a6a6-0c882caefeb0,UTC,2025-07-30 16:33:05.306764,2025-07-30 16:33:05.306764,e87a838c-944e-41a1-bce9-d8f8153cf0da,bb05204b-9818-4e53-9036-6b29b936b0fb
b3d5bd48-c8db-4085-927c-d5eab28201ef,4a0157b5-2136-4dbd-aa73-50fbd5347871,False,True,False,True,2019-09-03 10:39:17.393212,9eff5031-0492-46f9-85d6-f137584b1931,America/New_York,2025-07-30 16:33:05.306764,2025-07-30 16:33:05.306764,f84299e9-7908-46a3-af75-a34083317cb2,bb05204b-9818-4e53-9036-6b29b936b0fb
970b7d94-d2c8-41fa-92b2-47625f0a182f,c8f57140-e0d9-4ae1-8d1a-1c9ec5e55b69,False,True,False,True,2009-11-19 08:38:57.393258,dc771429-d32f-4f94-95ed-9c7f284a69ec,Asia/Tokyo,2025-07-30 16:33:05.306764,2025-07-30 16:33:05.306764,4154cf81-88ab-44f4-a1ca-d1ce4dd65a5e,bb05204b-9818-4e53-9036-6b29b936b0fb
2f0b09a3-78ff-4a6b-8a38-cc70584f328c,d95c3975-6bee-4900-b0de-38205eb637f4,False,False,True,True,2018-10-22 06:27:49.393285,fbe28376-324d-428f-a96c-b14eece88fee,UTC,2025-07-30 16:33:05.306764,2025-07-30 16:33:05.306764,2de21b45-6911-4684-8021-3119d5a40075,bb05204b-9818-4e53-9036-6b29b936b0fb
119c8b72-2b0c-4d5f-9070-ee79b27eae26,a30688f0-d219-46b9-a2fb-00657a506789,True,False,False,True,2016-02-01 01:03:23.393312,79404a57-9f4e-4026-a2e1-86c1dc24fec9,Australia/Sydney,2025-07-30 16:33:05.306764,2025-07-30 16:33:05.306764,9e9531cb-57b8-4997-9618-9da8b0b3f7cd,bb05204b-9818-4e53-9036-6b29b936b0fb
a09ae0f5-c7df-410d-a7fd-cc7992b61410,734e6199-c883-4d52-a9b7-0d18a4186e4d,False,True,False,True,2013-10-26 09:43:24.393360,82d8bc07-f73f-43dc-8d71-2ca6836c85e0,Europe/Prague,2025-07-30 16:33:05.306764,2025-07-30 16:33:05.306764,dfca7dc5-cc58-4703-92f4-faf7220c7c43,bb05204b-9818-4e53-9036-6b29b936b0fb
e67a2a8f-f6f5-4194-b898-ac890539ecde,f39c4378-8c37-4b3d-b5af-60bc10a098ab,True,False,False,True,2017-02-04 23:27:25.393409,24e13f8b-3b08-49b2-8ae9-79520a89b3dc,Europe/London,2025-07-30 16:33:05.306764,2025-07-30 16:33:05.306764,f96e9532-1c25-48f0-be5f-8470df4d1b71,bb05204b-9818-4e53-9036-6b29b936b0fb
06cc8c58-0539-47e3-bf42-2c3fbb910bb7,5e9d380f-2a2e-44ac-8579-f3e0a18e7ffd,False,False,True,True,2005-11-14 02:05:42.393455,28722d62-c8ed-4db4-9cf9-b9229f08d745,Europe/London,2025-07-30 16:33:05.306764,2025-07-30 16:33:05.306764,ceb2ead7-fda2-469b-9c7b-880638623528,bb05204b-9818-4e53-9036-6b29b936b0fb
78293543-2a99-4a34-985e-6e7c98aa8bfb,c4227159-f120-4df6-922a-dc3ff5f73cac,False,False,True,True,2024-12-01 23:49:35.393483,8c0e6604-ba06-4c8c-93c8-59e5a7196241,Europe/Prague,2025-07-30 16:33:05.306764,2025-07-30 16:33:05.306764,ad0bab75-a3cf-49d5-b05f-e679ac81a7b2,bb05204b-9818-4e53-9036-6b29b936b0fb
e3380c37-5dba-4562-84a8-22a909a825de,bb387aff-87ef-4248-a507-0486c847e589,False,True,False,True,2019-06-19 16:31:04.393512,c7062485-665e-45cc-8d6e-c033b1f7cf82,Europe/Prague,2025-07-30 16:33:05.306764,2025-07-30 16:33:05.306764,af63145f-e4ec-4d7e-818b-6c83b57b2f99,bb05204b-9818-4e53-9036-6b29b936b0fb
4172d80a-be3e-41e4-bdef-20a036a7c8bb,1f519a21-b27d-452a-9a7f-5e0b0edf6885,False,False,True,True,2014-06-12 23:05:19.393539,a8488663-8b7c-40e0-ae09-2fbc0f2235ac,Asia/Kolkata,2025-07-30 16:33:05.306764,2025-07-30 16:33:05.306764,f97c1c8e-ad0b-44ef-a3e5-8c827b98fee2,bb05204b-9818-4e53-9036-6b29b936b0fb
0f8c019e-1b11-43fe-af0c-7caab974155a,804effca-f7bb-4381-b07c-2f2b46517ad5,False,False,True,True,2018-09-28 16:56:01.393583,a217c9f7-d336-4d41-925e-9449b5cac50a,UTC,2025-07-30 16:33:05.306764,2025-07-30 16:33:05.306764,a18c8735-af8e-46d4-85c1-d83f61b92c87,bb05204b-9818-4e53-9036-6b29b936b0fb
01fecba8-59fe-40af-8bd4-5ee864cf2d6c,505dc766-01f5-46b7-8c06-858be6c94ad2,False,True,False,True,2020-06-24 05:27:24.393618,116a1158-e825-4769-ab09-1584bde82a92,Europe/London,2025-07-30 16:33:05.306764,2025-07-30 16:33:05.306764,c7e89843-81e0-4771-b3f0-22191342bd5e,bb05204b-9818-4e53-9036-6b29b936b0fb
1dc8cf59-a7f8-4abc-8c96-b668e2da564d,2ccf6f72-cfd8-4012-94c3-1d1513e05943,False,False,True,True,2007-09-26 21:58:39.393661,5ffeba9b-1294-4f6d-ac95-8d6dc0fc6d3b,Asia/Kolkata,2025-07-30 16:33:05.306764,2025-07-30 16:33:05.306764,d81ce7cc-a5fb-44c1-9fbd-7417066bd8ba,bb05204b-9818-4e53-9036-6b29b936b0fb
0b71ec04-6dd0-45e2-a6d7-6ac28d76356b,e26e2974-eacf-42c0-b8c3-94aaa64fd6c9,False,True,False,True,2018-09-28 06:54:11.393691,6064be3f-9463-4bd3-8f30-9a9caab528b1,Asia/Kolkata,2025-07-30 16:33:05.306764,2025-07-30 16:33:05.306764,587ad9e2-575e-4dda-8626-df74c7f88c82,bb05204b-9818-4e53-9036-6b29b936b0fb
bf0e05dd-b5ef-443b-9e25-c6e3aad2829f,9a7c5687-7481-4e5f-a80a-614e1b586669,False,True,False,True,2012-05-13 06:32:47.393750,12550460-de79-4dee-b01f-93f9ad75c6a5,America/Los_Angeles,2025-07-30 16:33:05.306764,2025-07-30 16:33:05.306764,c510b42e-fba1-441f-beb1-5861955d4a82,bb05204b-9818-4e53-9036-6b29b936b0fb
6a6b2bf1-195e-4e67-8d18-9601add4589d,70324e0e-c3ff-4b4d-83e6-0a88521354d5,False,True,False,True,2009-10-05 07:35:21.393803,8c6a19ac-98c8-4da6-8677-5744ac04653a,America/New_York,2025-07-30 16:33:05.306764,2025-07-30 16:33:05.306764,1ace33f2-9fa9-4ad2-b5ab-eb1d06a7a4b5,bb05204b-9818-4e53-9036-6b29b936b0fb
78cfb314-31aa-4881-8f74-46dbecdd1bfe,637171bb-18c7-42bf-aede-0f69beaad35f,True,False,False,True,2014-03-14 15:39:08.393848,00847dd6-d904-4093-9275-4504aa04ab79,UTC,2025-07-30 16:33:05.306764,2025-07-30 16:33:05.306764,42dae123-bc75-4272-9a4f-477d576680f7,bb05204b-9818-4e53-9036-6b29b936b0fb
ef5e11d4-fb36-4290-b83a-161de6c76962,8de242f9-8f38-4a13-a290-a09986b57a81,False,False,True,True,2011-10-04 22:35:19.393875,e056c84f-9221-40e1-8bfa-c84fcbb9a539,Europe/London,2025-07-30 16:33:05.306764,2025-07-30 16:33:05.306764,5818c0bc-ada3-4cb3-b844-a0b140b51d16,bb05204b-9818-4e53-9036-6b29b936b0fb
59b8d35e-7452-46fb-b708-b3c663b0dce1,c087cb3d-3223-4550-b1a7-e5d516f242ba,False,False,True,True,2024-06-01 23:49:47.393939,3c63cf52-7dff-46d8-a218-3d1b39b883fa,Europe/London,2025-07-30 16:33:05.306764,2025-07-30 16:33:05.306764,fe0733e4-fe25-4705-ab4d-3e701be2130e,bb05204b-9818-4e53-9036-6b29b936b0fb
53ac5004-69d7-4db4-be69-281c5c0b3673,357d3218-39fb-49c7-a94e-e43f66b7c107,False,False,True,True,2023-07-17 17:32:30.393969,ee272053-ad0a-45ad-9630-cac55f40392b,Australia/Sydney,2025-07-30 16:33:05.306764,2025-07-30 16:33:05.306764,75c0ecef-4c87-4965-93f3-6bb06367759a,bb05204b-9818-4e53-9036-6b29b936b0fb
919aea7a-a9aa-4664-b34c-b90cca51291b,637171bb-18c7-42bf-aede-0f69beaad35f,False,False,True,True,2012-12-18 06:29:54.393995,024d29e6-4a29-4c9d-a8eb-fedde9dfbd56,Asia/Tokyo,2025-07-30 16:33:05.306764,2025-07-30 16:33:05.306764,f153d92f-bc61-44a8-af95-3ac8f23c0e0d,bb05204b-9818-4e53-9036-6b29b936b0fb
d9e64302-7f3f-4765-adff-03c6ec66cdda,9a7c5687-7481-4e5f-a80a-614e1b586669,False,True,False,True,2017-06-01 16:36:15.394022,2e5ddc13-dc62-42c1-bf69-74640aa3f9fe,UTC,2025-07-30 16:33:05.306764,2025-07-30 16:33:05.306764,d315161f-8442-4773-a4d9-86186f961e85,bb05204b-9818-4e53-9036-6b29b936b0fb
fcde7b15-647f-4796-9f8b-a40317cfda17,3f761388-3edb-4b7a-bee7-78924e89f782,False,False,True,True,2024-07-01 14:47:14.394070,c07200fe-e6f9-4a88-bb7d-902215305bba,Australia/Sydney,2025-07-30 16:33:05.306764,2025-07-30 16:33:05.306764,7016bbd3-65c1-4996-801a-997288bcc0d9,bb05204b-9818-4e53-9036-6b29b936b0fb
e714c387-fe9b-4be4-85e0-b5260092f556,6bcea6f5-bcac-4b2c-888c-219e8301ac89,False,False,True,True,2013-09-17 21:10:21.394121,7b51ae78-b150-4ed6-a1e2-c976ff9deedb,America/New_York,2025-07-30 16:33:05.306764,2025-07-30 16:33:05.306764,dc7d11a3-2e13-4ced-8965-dde6db3cb63b,bb05204b-9818-4e53-9036-6b29b936b0fb
f3a84ca0-7056-4eb5-a6d8-81b706f875f3,38d927ec-752b-4567-96f2-89c1317f2ced,False,False,True,True,2015-03-28 03:39:04.394153,6eac1308-40c5-4a86-bc49-139faacb4851,Europe/Prague,2025-07-30 16:33:05.306764,2025-07-30 16:33:05.306764,d206fa8a-d7e2-4127-8860-91f1c7d9edba,bb05204b-9818-4e53-9036-6b29b936b0fb
88577e89-9ba3-4c81-a7e6-5cb8ebabdbf5,ae1027d4-2baf-4038-a2ff-5f7bc4fe6721,False,True,False,True,2015-05-10 00:14:26.394206,0ef56170-406f-4313-a8aa-d4e826492440,Asia/Kolkata,2025-07-30 16:33:05.306764,2025-07-30 16:33:05.306764,325b4de9-2299-4fde-8e82-c7a0e8cf34ef,bb05204b-9818-4e53-9036-6b29b936b0fb
495cd285-cc9f-49d4-94ec-3e1e333121e1,5dd40f49-8b37-493c-ad43-1a9839a04218,True,False,False,True,2005-12-27 14:20:49.394242,bfbf2765-6163-4dad-b556-ec6e3723910a,Asia/Tokyo,2025-07-30 16:33:05.306764,2025-07-30 16:33:05.306764,00217178-d0d4-4d64-b02f-cbf8338caebe,bb05204b-9818-4e53-9036-6b29b936b0fb
402d2d3b-a332-4ac7-89b1-40b686107343,c0569cae-65dd-47ca-9df4-56e445ba7bb7,False,False,True,True,2015-02-10 16:21:01.394292,c56adcfe-5402-46f4-80d1-c0698ada2297,America/New_York,2025-07-30 16:33:05.306764,2025-07-30 16:33:05.306764,f241b014-9076-43d3-a4b8-290d8492e5ce,bb05204b-9818-4e53-9036-6b29b936b0fb
7515a0df-8a6e-4054-856f-6a96c3209ff4,c57a636b-fbb8-4dd0-9a9d-f7bc61021a65,False,False,True,True,2018-09-24 07:08:18.394321,52360213-f6fd-4455-ba64-2990cdfb7a41,Asia/Tokyo,2025-07-30 16:33:05.306764,2025-07-30 16:33:05.306764,8556f4ce-2692-45dc-a442-04dd37eaa0cf,bb05204b-9818-4e53-9036-6b29b936b0fb
19f78aab-3c4c-4037-8e33-638500d034a9,5cafc515-f0e4-43d3-a24e-3b5841285719,False,False,True,True,2019-02-16 12:36:18.394349,bdf4355e-c32a-4966-97bd-276bffe8edf8,UTC,2025-07-30 16:33:05.306764,2025-07-30 16:33:05.306764,c644174b-3ed3-4357-ba22-2f28d8673ea1,bb05204b-9818-4e53-9036-6b29b936b0fb
8b831e3e-9f08-48ba-8e72-a8bbdcf245cb,e89b4b54-133c-4601-99f3-e9450524d2f5,True,False,False,True,2023-11-23 22:27:28.394376,c53569f4-5b49-4654-ba14-8c6b1b2c5d20,UTC,2025-07-30 16:33:05.306764,2025-07-30 16:33:05.306764,9458d1ac-05fb-4baa-84e8-bc35a2245531,bb05204b-9818-4e53-9036-6b29b936b0fb
2a4c1f92-d6fe-4c22-9bae-5a3e49f74e9f,63ff962a-c3f1-4124-9215-af9358284650,False,False,True,True,2014-09-27 21:02:04.394433,649060fc-203a-450d-a587-3cb833fe8662,UTC,2025-07-30 16:33:05.306764,2025-07-30 16:33:05.306764,fefe1ed2-5c06-4ef8-91e3-d6e5c26d988d,bb05204b-9818-4e53-9036-6b29b936b0fb
0c31a600-cb9d-406e-84db-7de84c2fe559,03e7e8ac-6a08-4f59-ad88-6c2ea1017b68,True,False,False,True,2009-12-10 00:23:57.394481,6018814a-a82b-4c88-9e6a-5586f87e0973,Europe/Prague,2025-07-30 16:33:05.306764,2025-07-30 16:33:05.306764,f2babaa8-f967-4b9a-b462-0ef0d14a578c,bb05204b-9818-4e53-9036-6b29b936b0fb
d3c86055-c047-46bd-b5d4-c964a3d96729,68200a1b-8992-4557-a2f4-084050386d2e,True,False,False,True,2020-10-22 23:09:45.394508,4c5349c7-b553-44b8-ab9c-002c38a34f7d,America/Los_Angeles,2025-07-30 16:33:05.306764,2025-07-30 16:33:05.306764,ef2f23b7-8269-4434-bce4-ece773936945,bb05204b-9818-4e53-9036-6b29b936b0fb
55c54336-c965-4613-ab23-8eb4c9b67f6b,ff096d09-a461-4968-a80d-98df5f8db1c8,True,False,False,True,2016-02-19 13:16:02.394534,fe67b578-85f9-40fb-8211-474fa7198c9b,Asia/Kolkata,2025-07-30 16:33:05.306764,2025-07-30 16:33:05.306764,9d678fa5-48e1-460c-bdc6-08f5b57abc4a,bb05204b-9818-4e53-9036-6b29b936b0fb
00bbc528-223c-481b-aba8-0275e463b60c,5829428a-b18f-42c2-916d-33acf2cfa882,True,False,False,True,2010-02-23 08:58:37.394562,93cd49ed-c740-4bca-b066-3b6a2c22a8b1,Europe/Prague,2025-07-30 16:33:05.306764,2025-07-30 16:33:05.306764,128031d0-c3c1-4356-a2af-ff35fdf869fa,bb05204b-9818-4e53-9036-6b29b936b0fb
013a6079-52b7-4698-a372-1d3bde731e4a,1d688eba-08ac-4a5c-b201-4af2e2f5ebd5,False,True,False,True,2018-08-07 08:39:57.394590,40350342-5a81-46c2-b7e3-7fd336683a0d,Asia/Tokyo,2025-07-30 16:33:05.306764,2025-07-30 16:33:05.306764,976f5e06-8282-48de-b81a-a1c5b513d7a1,bb05204b-9818-4e53-9036-6b29b936b0fb
f9e1d4d0-2aae-4ca5-a693-116ff7818440,b55a57fb-836c-442a-8271-926d2776a0c4,False,True,False,True,2019-02-01 21:02:11.394616,9c58b6be-ecb2-43b3-ac99-c3ce7ca49b67,Australia/Sydney,2025-07-30 16:33:05.306764,2025-07-30 16:33:05.306764,a51cdd3d-b6a0-45ec-a311-e85c7ed731b3,bb05204b-9818-4e53-9036-6b29b936b0fb
c3a14556-298a-40e3-85db-6026c0528b5b,6c3a4826-20cb-4300-9b2f-5709cd0c51a6,False,False,True,True,2011-06-14 17:27:13.394643,784b6336-db7d-4006-b2b0-9435dba327a6,America/New_York,2025-07-30 16:33:05.306764,2025-07-30 16:33:05.306764,d8a1bfee-20c0-461c-ace6-5273dd703ea0,bb05204b-9818-4e53-9036-6b29b936b0fb
880dd9c1-5bab-4791-80f9-0ec0f422c168,996420d4-b621-4358-833e-d7372183052b,True,False,False,True,2012-04-02 09:18:15.394668,0837148b-db47-48e3-b51f-c68301883117,Europe/Prague,2025-07-30 16:33:05.306764,2025-07-30 16:33:05.306764,9f7b4cdd-afb2-43c4-8f3d-4746b18b9cf2,bb05204b-9818-4e53-9036-6b29b936b0fb
af7254ff-c115-4ca4-80eb-c812d207244a,a55b7f54-e545-49f3-abb1-35e17afae340,True,False,False,True,2006-03-18 13:21:02.394714,31a6d955-3615-456a-9277-5cc6e3ce686c,America/Los_Angeles,2025-07-30 16:33:05.306764,2025-07-30 16:33:05.306764,30c6c462-efbd-471e-90a6-02ceed7535d7,bb05204b-9818-4e53-9036-6b29b936b0fb
c1274196-a88a-4b12-94e5-7c0b03f85fd2,e43f3914-aad8-4b12-a8d2-ebe3929f0b4c,False,False,True,True,2024-04-22 19:38:14.394758,fa7b8b2e-7845-47fd-bdd4-16863e185a88,Australia/Sydney,2025-07-30 16:33:05.306764,2025-07-30 16:33:05.306764,0ae6801f-99ef-4a06-b602-8f8a78c5f352,bb05204b-9818-4e53-9036-6b29b936b0fb
4dc0f833-62f9-408b-bcc9-362e5e90081b,a76ce94d-b598-4c05-87ae-870e56e9dcb7,True,False,False,True,2013-10-29 11:28:33.394815,34604279-8e04-4546-b164-91a74248491e,Europe/Prague,2025-07-30 16:33:05.306764,2025-07-30 16:33:05.306764,2cf575d6-d8f2-4d51-8865-586db7914ec2,bb05204b-9818-4e53-9036-6b29b936b0fb
bf1120e7-6842-4e35-bfa3-bc2ec73cfd67,585e428b-4010-477e-a484-572f744af8b7,False,False,True,True,2007-12-02 17:08:43.394856,93cd49ed-c740-4bca-b066-3b6a2c22a8b1,Australia/Sydney,2025-07-30 16:33:05.306764,2025-07-30 16:33:05.306764,64519064-db89-41dc-bb6d-c938044aba5a,bb05204b-9818-4e53-9036-6b29b936b0fb
5f0f3298-303d-4e69-a653-1b1486bf7484,ab647c0d-d8c3-4430-bb9a-1f91b2b99d09,False,True,False,True,2021-07-04 04:04:40.394896,08037df4-4418-4d4c-a27a-f6faf3b31c05,America/Los_Angeles,2025-07-30 16:33:05.306764,2025-07-30 16:33:05.306764,9815652f-f644-46f5-8627-476bea50dc59,bb05204b-9818-4e53-9036-6b29b936b0fb
6c98c565-aabf-4e8b-9d90-8ff126f1593d,ee3b8a39-56f1-44bc-bb14-92a936cc5fb7,False,True,False,True,2021-09-13 01:43:56.394936,8c52bf45-bf64-4fac-9019-88998020dc1c,America/Los_Angeles,2025-07-30 16:33:05.306764,2025-07-30 16:33:05.306764,0f994e75-5342-465f-96f5-2f911b120ce3,bb05204b-9818-4e53-9036-6b29b936b0fb
87ffe372-eb7e-45a5-b976-fec83c15bce6,6e4394a8-eb3a-4b14-bf02-c25453173523,False,True,False,True,2021-01-21 03:14:23.394975,93cd49ed-c740-4bca-b066-3b6a2c22a8b1,UTC,2025-07-30 16:33:05.306764,2025-07-30 16:33:05.306764,51711a69-4f27-4c5f-8037-1dd6cf6a776d,bb05204b-9818-4e53-9036-6b29b936b0fb
89eb20f6-f1f6-48ea-8fbe-e9b87db8c5a6,cbda3c21-623c-4892-806e-041dba736cd0,True,False,False,True,2006-06-03 03:30:56.395126,e500f651-d278-4262-adbd-a10aee453656,America/Los_Angeles,2025-07-30 16:33:05.306764,2025-07-30 16:33:05.306764,8c221d3c-61c8-4597-a2c0-1b8867bc7d9a,bb05204b-9818-4e53-9036-6b29b936b0fb
b326a753-ee53-4389-a4a3-fca3ba16bfd4,2bbf76a3-096a-4ab9-836e-fc41c769014f,False,True,False,True,2011-01-20 13:00:27.395212,552e5dbd-ceec-4794-a6bb-531198902900,America/New_York,2025-07-30 16:33:05.306764,2025-07-30 16:33:05.306764,b0dd7c09-92d5-4763-b6ef-5e771a3c9f0f,bb05204b-9818-4e53-9036-6b29b936b0fb
cb7f41a4-2aa1-4831-a4d8-2954c752e9c2,a4b6d05e-9b35-49a7-bacd-3123415b173e,False,True,False,True,2014-07-19 18:24:24.395293,e4ffb999-c658-4605-af77-d2185887eb69,America/New_York,2025-07-30 16:33:05.306764,2025-07-30 16:33:05.306764,af013f6b-3e9b-41ef-8a00-5ec26cb69a56,bb05204b-9818-4e53-9036-6b29b936b0fb
73f775ed-e248-480d-995d-8c6a12a480cb,cfbdf89d-9f67-45da-8199-9844f817ef25,False,False,True,True,2018-04-27 15:12:40.395370,575b5e72-27dd-40c9-8d97-ee843db57493,Asia/Kolkata,2025-07-30 16:33:05.306764,2025-07-30 16:33:05.306764,82d9d66c-3e28-4150-bb77-85e5b09e3ecf,bb05204b-9818-4e53-9036-6b29b936b0fb
4080efa6-7bdc-4c00-91e4-fce305bf20fb,31dccebd-5242-4379-8e86-fb4edfdcfd70,False,False,True,True,2013-11-07 14:52:09.395542,b71d33e9-ccb1-4dc2-989f-2282c091cd2f,Asia/Tokyo,2025-07-30 16:33:05.306764,2025-07-30 16:33:05.306764,b879d7ea-c3f6-41b4-9609-70fe0f5cf6bf,bb05204b-9818-4e53-9036-6b29b936b0fb
62ab422b-ee41-4e97-b573-08de2ea79954,d0fdc862-e453-48fd-873a-3278c7723dfa,True,False,False,True,2024-08-15 05:14:22.395577,480490ab-2e4e-4140-a0fd-26dd2fbfb93c,Europe/London,2025-07-30 16:33:05.306764,2025-07-30 16:33:05.306764,475c1562-6627-4f1a-9c6b-884743f9602c,bb05204b-9818-4e53-9036-6b29b936b0fb
a5fddf99-9ee7-469b-b980-e4a4de2f1e59,ca746696-d25c-48b6-89f7-eee87c8d0417,True,False,False,True,2016-02-13 13:07:28.395606,4f2de74f-f712-4a37-b87d-f82ee1c17825,America/New_York,2025-07-30 16:33:05.306764,2025-07-30 16:33:05.306764,b8db1102-c752-4863-b85b-b3ac060edd84,bb05204b-9818-4e53-9036-6b29b936b0fb
47473cb2-be99-4dfa-b1c2-299831e27fa2,5cafc515-f0e4-43d3-a24e-3b5841285719,False,True,False,True,2023-12-16 14:08:47.395650,eaa8ffb4-4748-446a-83b2-ad776d043cda,Asia/Kolkata,2025-07-30 16:33:05.306764,2025-07-30 16:33:05.306764,788a76fc-6f40-4848-95be-4c0535c7d5c4,bb05204b-9818-4e53-9036-6b29b936b0fb
a36eace9-d9f3-4190-8be9-c169b19880e6,07b2ce8e-3111-4578-88d6-11aeed67fbe3,False,True,False,True,2016-12-29 10:12:56.395677,a8488663-8b7c-40e0-ae09-2fbc0f2235ac,Europe/Prague,2025-07-30 16:33:05.306764,2025-07-30 16:33:05.306764,d3193ec3-a113-4a46-a8f5-f9bdadf3c655,bb05204b-9818-4e53-9036-6b29b936b0fb
8b5bd23e-ff11-475e-bcfd-b70a1eb1673c,535b6996-1eab-4092-a55c-4d06440a0226,False,True,False,True,2009-06-07 01:01:16.395703,ab22a20e-7696-4375-aa30-8b90e7fbcc21,Europe/Prague,2025-07-30 16:33:05.306764,2025-07-30 16:33:05.306764,5c141c6c-d220-4efc-8eb6-c3c90e4eef19,bb05204b-9818-4e53-9036-6b29b936b0fb
401fd96e-11c7-4efa-8fc9-10491d31e2b9,ede3c1a1-6cb9-415b-8274-7493ef1cb3e4,False,False,True,True,2019-04-12 22:09:04.395730,e9fde440-c617-42a3-b900-cdf8d3def299,Asia/Kolkata,2025-07-30 16:33:05.306764,2025-07-30 16:33:05.306764,30b853f4-69a7-4a3b-81d9-f8206a15ebd3,bb05204b-9818-4e53-9036-6b29b936b0fb
839c4408-9120-4950-88c5-797cd043bd71,ea74efc0-428f-4ce4-8f45-4af23395e920,True,False,False,True,2017-02-22 22:10:55.395774,1f0e22bf-9b27-4ca5-8440-1b8e5cecb510,America/New_York,2025-07-30 16:33:05.306764,2025-07-30 16:33:05.306764,4f2d6cfd-629a-4b79-8f77-687575f2004f,bb05204b-9818-4e53-9036-6b29b936b0fb
88f83019-2e02-4ee8-b400-248214b5535e,17756332-3123-4610-afbf-37a7a5ab7353,True,False,False,True,2015-06-20 15:29:46.395813,abc6811f-4cd8-4612-9f58-e7d2a6f35e99,Europe/Prague,2025-07-30 16:33:05.306764,2025-07-30 16:33:05.306764,3c59ef66-5703-4f79-8f0c-a18f6622f94b,bb05204b-9818-4e53-9036-6b29b936b0fb
ec63544a-9f4f-437e-8498-3663a7cf58e0,95a74a67-3d18-4b8e-b5d1-d94460f39165,False,True,False,True,2024-05-21 22:27:59.395839,92bfedc4-4329-4668-a23f-88c8bc12be8f,Europe/Prague,2025-07-30 16:33:05.306764,2025-07-30 16:33:05.306764,85616cc0-a424-4170-b486-9e1d5bef4fa0,bb05204b-9818-4e53-9036-6b29b936b0fb
49320642-b4bd-43c6-b836-2f3b85d9faf8,a1c5ea79-6f31-4c21-941c-93db19420a0b,False,True,False,True,2024-01-23 17:32:28.395892,ac8102b5-3014-484d-9b1e-7fd9d15d5d8f,America/New_York,2025-07-30 16:33:05.306764,2025-07-30 16:33:05.306764,4ce4b71f-8125-4d85-a5bb-b6203561a33d,bb05204b-9818-4e53-9036-6b29b936b0fb
9181eac4-2f82-4136-affc-6102b39b4a2d,f39c4378-8c37-4b3d-b5af-60bc10a098ab,False,True,False,True,2010-09-27 19:52:52.395921,70d7ea1d-355e-4922-9dff-ce8688bd9340,UTC,2025-07-30 16:33:05.306764,2025-07-30 16:33:05.306764,01077eaa-04a2-4c94-a682-9238a9679386,bb05204b-9818-4e53-9036-6b29b936b0fb
97e375ee-2d7e-4c56-b164-eeb9851f16ff,c89bb7d5-7d9c-4d5a-9871-28718d23a44d,False,True,False,True,2010-09-24 14:47:58.395947,e55bf6d7-6eb5-4a99-bc26-792dec03ad42,Asia/Kolkata,2025-07-30 16:33:05.306764,2025-07-30 16:33:05.306764,4530d4ba-7b24-423a-a74e-512287f24292,bb05204b-9818-4e53-9036-6b29b936b0fb
7ec056bb-b127-4e70-8b18-e8d4f3953ae2,23b84c70-7f28-4fee-bbbc-270dc2598793,False,True,False,True,2010-03-25 03:08:33.395974,e9209c74-cbf7-488f-9b71-c52b59486328,Europe/London,2025-07-30 16:33:05.306764,2025-07-30 16:33:05.306764,b0406673-09e0-41d3-97d6-95d274f7fbc0,bb05204b-9818-4e53-9036-6b29b936b0fb
8c0efdbb-1ec7-4cd0-94e7-4320c946d32f,cecab180-60f9-43e7-9c81-c39480b9b5a4,False,False,True,True,2008-04-08 01:56:04.396001,a8612f17-9044-495a-bb25-67108ab9bf8b,Europe/London,2025-07-30 16:33:05.306764,2025-07-30 16:33:05.306764,ccb3f5f1-2629-4145-afac-6ae0992bb254,bb05204b-9818-4e53-9036-6b29b936b0fb
5f594a32-85d7-441d-9bfb-e9892cf32ca1,28be43c6-a8c8-48c7-9b00-d75bdfc55e34,False,True,False,True,2012-04-25 21:38:08.396027,99425c19-307b-454f-9ef6-b9c9d3ee86ad,UTC,2025-07-30 16:33:05.306764,2025-07-30 16:33:05.306764,ea3154d3-0d10-4bae-8d42-8e989b6dc181,bb05204b-9818-4e53-9036-6b29b936b0fb
4b04cdbc-2d2c-49dd-95c4-c289023e71da,57d08d8e-85ff-4a90-acaf-49b01d783db7,True,False,False,True,2009-02-17 01:19:46.396053,02c6b4af-70c9-40dd-9978-fa87f396ca17,UTC,2025-07-30 16:33:05.306764,2025-07-30 16:33:05.306764,6d404198-b19d-4248-bf5a-bc8dcd21546f,bb05204b-9818-4e53-9036-6b29b936b0fb
45d2a620-e882-4f2e-8125-ddaa07caa03b,f57b0992-a992-4e42-ac43-2a020c35db2c,False,False,True,True,2015-09-20 03:57:25.396079,a6f40846-9210-4ea2-89f0-4f6257ea32b5,Asia/Kolkata,2025-07-30 16:33:05.306764,2025-07-30 16:33:05.306764,728baa6b-145b-4e23-b810-f3c2f4c44395,bb05204b-9818-4e53-9036-6b29b936b0fb
1c2957af-9b9c-482b-a129-404b3da83964,a87c7ebf-dc3d-42f8-8164-071f37d8e90c,False,True,False,True,2015-03-22 23:57:24.396124,51908ed4-bdbd-4155-aa21-1d6653ab5bcd,America/New_York,2025-07-30 16:33:05.306764,2025-07-30 16:33:05.306764,59e24406-0dab-4c4b-b224-b2c087376df3,bb05204b-9818-4e53-9036-6b29b936b0fb
81b03aab-ef99-4134-b396-3c5407801d27,3993015e-0068-4ccd-85ed-0558c3a8ba17,True,False,False,True,2021-05-31 01:46:16.396152,92747ed4-a347-48a4-b9fb-3ad39a8f1747,UTC,2025-07-30 16:33:05.306764,2025-07-30 16:33:05.306764,bd02e8db-deb2-4651-aa30-d503205dac5c,bb05204b-9818-4e53-9036-6b29b936b0fb
867af429-a4e6-4ab3-9d43-e866bf4346c7,cb89af5b-78fd-48a1-8f05-84f28de9339d,True,False,False,True,2013-02-19 23:50:09.396179,66863cde-678a-41eb-bb69-996a8c59b2b8,America/New_York,2025-07-30 16:33:05.306764,2025-07-30 16:33:05.306764,3b3b8ef2-7f50-4ff5-aac7-730236059b79,bb05204b-9818-4e53-9036-6b29b936b0fb
94fd6adc-50a0-4350-8106-b7af6e03d2b1,461fd76b-4c58-4156-b7e0-29a61e7d6e7b,False,True,False,True,2008-12-27 01:32:05.396215,97413602-6b3e-4b5e-9961-22868f02399a,America/New_York,2025-07-30 16:33:05.306764,2025-07-30 16:33:05.306764,7f32b1fc-54be-46eb-86f7-3aaa1012181d,bb05204b-9818-4e53-9036-6b29b936b0fb
98bf18d4-b623-4719-848a-7f50787bb1ce,2949d1a1-4016-431b-bb44-68c178a89ccf,False,False,True,True,2011-07-02 18:48:23.396310,5ffeba9b-1294-4f6d-ac95-8d6dc0fc6d3b,Australia/Sydney,2025-07-30 16:33:05.306764,2025-07-30 16:33:05.306764,ca970e74-61f2-4a32-bf9a-1fb6a3b121fe,bb05204b-9818-4e53-9036-6b29b936b0fb
2e8e3242-d8d1-489e-a999-f72a789817df,bd686d1b-5e91-4e7a-bd10-9cb677b29997,False,True,False,True,2017-04-10 05:39:05.396364,a3eaa0ab-8d1d-4e72-95f3-c6c913d4ee3f,Europe/Prague,2025-07-30 16:33:05.306764,2025-07-30 16:33:05.306764,32a5c473-6941-4d25-a63e-84995c3b8e77,bb05204b-9818-4e53-9036-6b29b936b0fb
59461e5a-13e0-43cc-9c97-ea6685e94d65,5f42f898-5911-45af-97a9-c920f4c90e1e,False,True,False,True,2014-06-07 13:22:41.396414,5ce5a848-e2d0-4150-a92c-c036c93f0bd5,Europe/Prague,2025-07-30 16:33:05.306764,2025-07-30 16:33:05.306764,05261e75-82a2-4fdc-8c29-e995b01b9fe1,bb05204b-9818-4e53-9036-6b29b936b0fb
b287287c-7db1-441a-9a9a-8bd897e63e3e,bc9ee04e-37af-4aa8-9bd1-99f6c7b8e442,False,False,True,True,2008-07-25 00:58:02.396444,aa9764b1-a665-45dd-ada2-a77a2f1d9108,Asia/Kolkata,2025-07-30 16:33:05.306764,2025-07-30 16:33:05.306764,a88a39e1-5f5c-47ff-9eff-ab7aaf9013a7,bb05204b-9818-4e53-9036-6b29b936b0fb
88b18cbe-99ad-4a29-b117-9f5ed3f8124b,2bbf76a3-096a-4ab9-836e-fc41c769014f,False,False,True,True,2013-02-24 07:03:00.396471,ea2f545f-b06d-433d-8f3a-7366e6f0aaec,Australia/Sydney,2025-07-30 16:33:05.306764,2025-07-30 16:33:05.306764,a77e7377-cc5e-4f14-a83c-c51ef59dab1b,bb05204b-9818-4e53-9036-6b29b936b0fb
a58e38fb-d271-4b27-9066-813f7af5192f,adb4e4f0-4462-4bbf-8a0b-23420c444d18,True,False,False,True,2007-01-16 18:37:02.396498,da3ff5ae-cf17-4938-a0c5-e6be61a65436,Asia/Tokyo,2025-07-30 16:33:05.306764,2025-07-30 16:33:05.306764,cbabc5c1-d596-41ea-a39e-9d04138cf69a,bb05204b-9818-4e53-9036-6b29b936b0fb
8834087e-372f-439d-9df4-f4bddf6efcde,75266603-ede0-4654-9881-88f03772bd15,False,False,True,True,2024-12-13 22:27:16.396524,2c3ac292-4807-4b14-9c5d-f3d4548a8581,America/Los_Angeles,2025-07-30 16:33:05.306764,2025-07-30 16:33:05.306764,53ac1571-4c87-418e-900a-507553d4e685,bb05204b-9818-4e53-9036-6b29b936b0fb
eccf3598-71cc-41b6-b297-ed9d870ca6f8,1c1cdf51-81b1-4636-b950-d8e39da54970,False,False,True,True,2007-05-22 07:25:24.396572,285d19fc-7070-4fc2-859b-fe39e1c1cc66,UTC,2025-07-30 16:33:05.306764,2025-07-30 16:33:05.306764,98dc2c57-9c4b-4e46-a407-2e621aac33a8,bb05204b-9818-4e53-9036-6b29b936b0fb
209b7991-7572-4a9c-bfe0-4235d635144e,32fb7f9f-c2cc-423f-9a19-4afcf9ada71f,False,True,False,True,2009-06-14 02:14:27.396616,7aad7578-6c99-4efc-a26a-a0b7c3bf2de4,Australia/Sydney,2025-07-30 16:33:05.306764,2025-07-30 16:33:05.306764,89716303-7e8e-47e0-9758-9d25d211bd6d,bb05204b-9818-4e53-9036-6b29b936b0fb
ad7fec2d-6a0e-4856-b26e-56e852be5bd3,aa4be9b0-5a10-4642-b37f-f727a804418c,True,False,False,True,2005-12-29 14:18:23.396661,218428c7-e804-4461-a06d-d9d08047b9c4,UTC,2025-07-30 16:33:05.306764,2025-07-30 16:33:05.306764,7879e29a-983d-4ca3-8015-19c6f8b74e0d,bb05204b-9818-4e53-9036-6b29b936b0fb
618a4c61-866f-476c-b4f7-3c4fbe8d9e85,3b2a11d9-b216-4d50-a9ae-9bd74ff1c11f,False,True,False,True,2022-12-23 01:29:45.396704,4165b967-8aef-4058-a5b0-d17423dada26,America/Los_Angeles,2025-07-30 16:33:05.306764,2025-07-30 16:33:05.306764,e84b995e-cf09-4c98-80d5-58cd61de775b,bb05204b-9818-4e53-9036-6b29b936b0fb
5320c757-b722-434d-9c35-4251191e5a61,eb0d4a46-4046-416b-a339-56c3b15edb22,False,True,False,True,2009-05-23 06:04:13.396729,24a66a68-90ca-479c-8c22-9a775958b0a2,Europe/London,2025-07-30 16:33:05.306764,2025-07-30 16:33:05.306764,691d9684-e979-4753-8135-652feaf583c9,bb05204b-9818-4e53-9036-6b29b936b0fb
07db70bc-52db-4b3c-990f-b314a82f197f,d0fdc862-e453-48fd-873a-3278c7723dfa,True,False,False,True,2020-05-26 03:16:12.396757,dc870ee7-2724-4b13-bc03-11a06bd8a121,America/Los_Angeles,2025-07-30 16:33:05.306764,2025-07-30 16:33:05.306764,91560929-5f69-4629-bb0a-710b6175c307,bb05204b-9818-4e53-9036-6b29b936b0fb
47953d0d-7e83-4318-b1ce-1d02227bed80,0f91b855-effe-4be4-9b58-dd5c39b1a3e6,False,True,False,True,2017-11-02 12:32:16.396783,bc5e9d6d-2e12-4bc9-87d5-8d3b16d21e28,Asia/Kolkata,2025-07-30 16:33:05.306764,2025-07-30 16:33:05.306764,58b69e1a-37f3-4a57-b038-3830603c1ff3,bb05204b-9818-4e53-9036-6b29b936b0fb
df6f912f-e7f8-42cd-9f26-07e7c314a27e,cc8b3513-de7a-4cdd-a667-46c0e42fca22,False,False,True,True,2008-05-23 07:29:44.396809,e85c5a71-d19e-4947-98e4-389e335e75dd,Europe/Prague,2025-07-30 16:33:05.306764,2025-07-30 16:33:05.306764,fbaaf9ad-7db0-4588-9442-b90a70c2c730,bb05204b-9818-4e53-9036-6b29b936b0fb
b8c70e17-2c6c-4885-9e52-1c4697069a91,08b23527-e06f-4816-9532-2a253dc8b67e,False,False,True,True,2023-12-06 17:01:11.396857,40afdcea-8b8b-4f3f-ba59-fe4f907e3181,Asia/Kolkata,2025-07-30 16:33:05.306764,2025-07-30 16:33:05.306764,132e5e7e-bb2a-4061-b0ff-c43fcaed56bb,bb05204b-9818-4e53-9036-6b29b936b0fb
fd6cbd3b-a024-49b5-a8c2-bf42091aad32,92dd92b2-2f33-475c-b870-8527f585a72d,False,True,False,True,2011-02-08 14:40:44.396904,b69f11d7-48c2-4cf7-8fea-8ef70847ff99,America/New_York,2025-07-30 16:33:05.306764,2025-07-30 16:33:05.306764,25d3cb0a-54d3-4190-8d50-82c7ba617cd9,bb05204b-9818-4e53-9036-6b29b936b0fb
bce1b1bc-8831-4b38-9bec-2484a48ef088,f230b43f-64d6-452b-999a-edbc1dd40269,False,True,False,True,2006-02-04 03:16:55.396962,95b568a3-5555-47f5-9321-3f7339fcc46e,Asia/Kolkata,2025-07-30 16:33:05.306764,2025-07-30 16:33:05.306764,05d3d6b5-8ccf-4a93-bc69-b857d751ec05,bb05204b-9818-4e53-9036-6b29b936b0fb
6c7e647f-9440-447f-b536-92009915a8c5,00d42fb8-38e0-4b51-96d0-b6c110fde6bc,True,False,False,True,2024-08-16 08:04:53.396992,314c096b-91ff-4b1e-bbb4-95e369393d3e,America/New_York,2025-07-30 16:33:05.306764,2025-07-30 16:33:05.306764,e37c5de9-397e-4a2f-8aac-8cf89194a0c6,bb05204b-9818-4e53-9036-6b29b936b0fb
4f3234aa-d262-4c95-a31c-0ebfa4c7bab0,1b824f89-984b-423d-85ce-70fe5345cb72,False,False,True,True,2021-05-11 22:21:47.397019,7e4af427-0870-4a35-971d-72abeff1e7de,Europe/London,2025-07-30 16:33:05.306764,2025-07-30 16:33:05.306764,003de3ef-a895-48f8-bb91-1f6a583c28ef,bb05204b-9818-4e53-9036-6b29b936b0fb
d4c82fb8-2bc7-419a-b02a-fcebbcc77aab,5cafc515-f0e4-43d3-a24e-3b5841285719,True,False,False,True,2020-11-10 18:41:39.397045,af83dfeb-3819-434a-936a-c0eb92a9514d,America/Los_Angeles,2025-07-30 16:33:05.306764,2025-07-30 16:33:05.306764,d9dbe026-e3f4-42df-8f1e-06a3a6df84d2,bb05204b-9818-4e53-9036-6b29b936b0fb
b2629b71-0043-4397-9851-9593650de3cb,8b530727-befd-41e1-9694-0c81343b6e3a,False,False,True,True,2014-01-16 19:28:04.397071,7843201d-4a4e-4198-8be8-405825224f14,Europe/Prague,2025-07-30 16:33:05.306764,2025-07-30 16:33:05.306764,e0ac624e-c08e-415f-9744-b666f9568e85,bb05204b-9818-4e53-9036-6b29b936b0fb
e0422c38-f41c-48d1-9b4a-218b0168fb3b,f9012773-5aed-43f5-b340-4bd00ae3bb46,False,True,False,True,2007-08-28 09:37:29.397097,5b6897c0-8be5-4521-9a6f-1c8d146d5bcb,Europe/Prague,2025-07-30 16:33:05.306764,2025-07-30 16:33:05.306764,63642b2c-a217-49d7-bbfd-0f523a349569,bb05204b-9818-4e53-9036-6b29b936b0fb
655fb969-333f-4650-b397-f0970713a059,64eb4ea2-f91c-4e88-92f8-6e172a3320bf,True,False,False,True,2014-02-20 18:15:14.397122,1f0c54ca-bbce-43fb-869c-ee7a62a834c8,Australia/Sydney,2025-07-30 16:33:05.306764,2025-07-30 16:33:05.306764,bbe34db4-7049-40a8-8300-21c611de4fd1,bb05204b-9818-4e53-9036-6b29b936b0fb
d4a0b5c4-5b4d-4736-91ee-94002429b5ac,fd1bc25d-7aa2-47ae-8f9b-d57145888ed1,False,True,False,True,2023-08-24 09:53:02.397148,796d6025-e14a-4c72-a5bd-5ee9f185a550,Asia/Tokyo,2025-07-30 16:33:05.306764,2025-07-30 16:33:05.306764,cbc2e297-660f-4158-8300-f0383760336b,bb05204b-9818-4e53-9036-6b29b936b0fb
21a282e9-ff9f-4b66-9da2-9e209ff8b99e,fc4b4537-38bf-4986-a895-0adfb287e1f2,False,False,True,True,2016-11-04 15:58:51.397173,e6e0e813-ec76-4ea4-a088-dced4fda4dda,America/Los_Angeles,2025-07-30 16:33:05.306764,2025-07-30 16:33:05.306764,33012485-def2-4995-83eb-88de2867929f,bb05204b-9818-4e53-9036-6b29b936b0fb
0433ead4-fc9c-4513-a1fb-61be30b0e4bf,d9b4eed0-446e-452d-97f4-1001b44ba5d5,True,False,False,True,2020-05-12 02:44:36.397199,27b3d1df-8b98-424c-9a9e-c3d3d3eceb56,Asia/Kolkata,2025-07-30 16:33:05.306764,2025-07-30 16:33:05.306764,51263413-a68b-4489-9d79-f4d178e64af3,bb05204b-9818-4e53-9036-6b29b936b0fb
82167565-6ba3-4dfc-abec-f983e28981cd,466cdfa8-7efe-4041-9539-cd812f88c648,True,False,False,True,2022-08-06 19:50:49.397225,40b49d67-312f-4183-8400-3550f21b81b8,Europe/London,2025-07-30 16:33:05.306764,2025-07-30 16:33:05.306764,0bd116d2-9804-42f8-8f35-dd407ba06db7,bb05204b-9818-4e53-9036-6b29b936b0fb
633401d8-e763-4276-bef2-4544a1420381,3a3d9cf2-ddff-4631-ad9c-c275672cc1a1,False,False,True,True,2015-10-25 17:20:06.397250,6f81eb03-9a96-4197-a64f-2ce693b07088,America/New_York,2025-07-30 16:33:05.306764,2025-07-30 16:33:05.306764,7e4d485c-e230-4395-85c4-c49ad68b5e9b,bb05204b-9818-4e53-9036-6b29b936b0fb
1ff28ca2-67ae-4275-bec0-d28d45883ee0,2cd66244-1d31-4337-bbb0-c122682c4f85,False,True,False,True,2016-10-06 00:26:01.397288,8ba327bc-fd58-4a4c-bf36-c1a90748684a,Europe/London,2025-07-30 16:33:05.306764,2025-07-30 16:33:05.306764,37b49127-5c47-4639-bafd-e431604c77be,bb05204b-9818-4e53-9036-6b29b936b0fb
f672324a-605f-49e5-8437-5da2d6b7fcb4,42d22f94-2e82-495f-aaf5-01bc5776f6ae,False,False,True,True,2013-03-14 12:48:39.397331,271be2cc-e102-4e95-aac8-79e3d4b705b7,America/New_York,2025-07-30 16:33:05.306764,2025-07-30 16:33:05.306764,07baf6ae-0c55-4f70-bccb-8fd2db8701c4,bb05204b-9818-4e53-9036-6b29b936b0fb
6b4b5033-44b6-4e43-8486-55dd599c1ac4,93ba3a86-7165-44dc-8829-24e93dd71ecf,False,False,True,True,2022-08-04 10:13:39.397377,96742dce-5dce-4786-bb53-165af1d9fb28,Asia/Tokyo,2025-07-30 16:33:05.306764,2025-07-30 16:33:05.306764,d69aff2a-b45c-49ed-8c23-1b76383738ae,bb05204b-9818-4e53-9036-6b29b936b0fb
ef2bbe41-0e6e-48cf-b133-1cfb95fe2d8e,136ff9a4-a834-4afb-8114-4d15765d5a96,False,True,False,True,2006-02-21 06:53:38.397429,33abb6fb-6d51-49c5-92e1-785be30ccab7,Asia/Tokyo,2025-07-30 16:33:05.306764,2025-07-30 16:33:05.306764,eca038af-87c6-441b-bd89-66d3b9da51b6,bb05204b-9818-4e53-9036-6b29b936b0fb
a7552447-fb5a-452c-9b9e-245d6f26267c,96cd67c5-5d61-4bf8-a23a-b5efb07a7432,False,False,True,True,2024-10-11 16:11:58.397479,7b27dab6-5f13-4c5f-b3b3-ad0450f3577a,Australia/Sydney,2025-07-30 16:33:05.306764,2025-07-30 16:33:05.306764,8bce0132-433f-41ce-8e90-230c7d38ab20,bb05204b-9818-4e53-9036-6b29b936b0fb
df885e7d-8d19-410a-a5ab-71c915cba1c1,b15b69d0-9624-4457-af33-5d60998e3949,True,False,False,True,2020-11-29 18:40:52.397510,0f200ce5-9bb4-4a54-a4eb-bf8fc5313752,Europe/Prague,2025-07-30 16:33:05.306764,2025-07-30 16:33:05.306764,172c1ddc-2e37-4e15-a010-a3d47d301614,bb05204b-9818-4e53-9036-6b29b936b0fb
fb3c108b-85ad-4206-9e38-12b3689fc9df,57d08d8e-85ff-4a90-acaf-49b01d783db7,True,False,False,True,2017-04-24 20:11:52.397536,c5104880-d7b7-4d30-9253-735832eb7a38,Asia/Tokyo,2025-07-30 16:33:05.306764,2025-07-30 16:33:05.306764,bcae8606-cf11-4c46-b6cc-0832a004758d,bb05204b-9818-4e53-9036-6b29b936b0fb
1ab5f7e2-6ec0-4a2c-9a16-0b90fa92b1e8,97d0a14c-d980-476c-8a88-c8f0f06f184c,False,True,False,True,2020-02-27 06:38:40.397562,a111306c-6ce4-43a7-9444-830307b83bfc,Asia/Tokyo,2025-07-30 16:33:05.306764,2025-07-30 16:33:05.306764,692454a3-0f7a-4017-907a-95d4f1a66221,bb05204b-9818-4e53-9036-6b29b936b0fb
ee70bf64-b7c4-42b2-89c0-7c32a8276ee2,aed4226e-b264-44c5-89cb-150501e7badf,False,False,True,True,2016-04-29 08:58:10.397589,c8bdfb0a-2a61-4d38-8a99-83f0ed200589,Europe/Prague,2025-07-30 16:33:05.306764,2025-07-30 16:33:05.306764,743d64e4-2822-4c7f-b7ba-c9ec0e50aba6,bb05204b-9818-4e53-9036-6b29b936b0fb
ab3f42fd-f144-4297-b7b0-7c0ec440a28a,d95c3975-6bee-4900-b0de-38205eb637f4,False,True,False,True,2005-08-14 05:22:22.397636,285d19fc-7070-4fc2-859b-fe39e1c1cc66,America/Los_Angeles,2025-07-30 16:33:05.306764,2025-07-30 16:33:05.306764,9cff41ba-c0e5-4e97-9685-7f5a52338d67,bb05204b-9818-4e53-9036-6b29b936b0fb
030bb1f8-136a-463c-a0fb-860ca3fc97e4,9951fdec-2dd3-4620-8bee-ae893f360308,False,False,True,True,2014-07-28 15:23:56.397665,dbb2fa0f-3b9f-494b-b42e-48994f841bf7,Australia/Sydney,2025-07-30 16:33:05.306764,2025-07-30 16:33:05.306764,f8334659-61ef-4027-9d2e-dadcc5846508,bb05204b-9818-4e53-9036-6b29b936b0fb
f7a81bf9-44e4-41be-ac62-ed9efeec0702,4cdbf082-ab93-4a26-8ef8-33f988bf01a1,False,False,True,True,2024-01-05 19:09:35.397692,059ed6ef-0e1c-4dbc-a956-a4863a46a0ba,UTC,2025-07-30 16:33:05.306764,2025-07-30 16:33:05.306764,a4ef17af-99b8-427a-b629-4078000b1b17,bb05204b-9818-4e53-9036-6b29b936b0fb
63f86229-98e1-45af-944d-69a0593fcb8d,2b00cd93-330d-497d-be26-7d49db32314a,False,False,True,True,2023-05-13 04:39:40.397718,9d0c1840-beb1-4c67-98a4-5bbb777359fa,Asia/Tokyo,2025-07-30 16:33:05.306764,2025-07-30 16:33:05.306764,9838da39-f278-4d4f-a424-c212e451fb2a,bb05204b-9818-4e53-9036-6b29b936b0fb
743e9815-8103-42af-bf6b-ea385186f47e,2dadd72a-17d4-46ee-91f4-1da241fd05e0,False,True,False,True,2023-08-02 23:07:09.397743,a1eacbf5-b887-41d8-b0df-5dfcfeef153c,UTC,2025-07-30 16:33:05.306764,2025-07-30 16:33:05.306764,ac2ecac4-dcd7-4513-b737-c4c523e55d09,bb05204b-9818-4e53-9036-6b29b936b0fb
de3d48eb-fb04-42d9-93f9-f3a3f0366f54,33c323e1-617b-45de-867b-c95dba8e373b,True,False,False,True,2013-06-03 14:53:47.397768,af83dfeb-3819-434a-936a-c0eb92a9514d,Europe/Prague,2025-07-30 16:33:05.306764,2025-07-30 16:33:05.306764,21737234-d859-4e36-8686-b0b5f10cf14c,bb05204b-9818-4e53-9036-6b29b936b0fb
00d3ad85-363c-409a-8f6b-da12cc42f503,87e7d447-7962-45ba-b49e-617bc49b0cf0,True,False,False,True,2021-04-21 01:32:08.397794,f5d0077c-08b7-4b3e-91be-ac6497f699c0,Asia/Kolkata,2025-07-30 16:33:05.306764,2025-07-30 16:33:05.306764,b93ac089-8149-4a9c-9d80-35ef953ed3e2,bb05204b-9818-4e53-9036-6b29b936b0fb
275cb65d-f387-4ec0-8499-c2f1f70d4d88,5fc767a0-8043-435d-aed9-b91b77098fe5,False,True,False,True,2020-12-18 16:32:07.397820,3abd53a0-5c48-47b4-b9df-e7afeddb8841,Asia/Kolkata,2025-07-30 16:33:05.306764,2025-07-30 16:33:05.306764,620f2262-0c42-4dcd-ad87-936fa32855be,bb05204b-9818-4e53-9036-6b29b936b0fb
5362968a-9e6d-4b01-92d6-63060c3a7b4d,8de242f9-8f38-4a13-a290-a09986b57a81,True,False,False,True,2010-09-29 03:35:23.397844,56864400-458a-4ece-95ad-2ad9d018f7c9,Europe/London,2025-07-30 16:33:05.306764,2025-07-30 16:33:05.306764,915e8647-0b39-4fad-9e0a-260600ee2fa0,bb05204b-9818-4e53-9036-6b29b936b0fb
9e5f6a01-fc8a-458f-bd4a-08fd4144960e,91eee63f-23cd-4429-bf95-70e52c0b672e,False,True,False,True,2019-07-28 19:31:50.397870,99842448-9997-4dbd-8666-0bf573781df3,Australia/Sydney,2025-07-30 16:33:05.306764,2025-07-30 16:33:05.306764,d55c8101-3ada-44f1-941e-5b3984e47bd3,bb05204b-9818-4e53-9036-6b29b936b0fb
b700a2f9-adb2-47c8-a320-a508c2890dc3,aa27a4d5-3615-4d49-99ce-65353c948e14,False,True,False,True,2006-01-01 02:23:38.397935,4f90faea-373a-409e-9d54-6a19767f664b,Asia/Kolkata,2025-07-30 16:33:05.306764,2025-07-30 16:33:05.306764,ded6f24d-726c-4602-809b-5e9caf989c7e,bb05204b-9818-4e53-9036-6b29b936b0fb
8501bd76-bd8f-4da2-be71-72db1435fb44,ac72d881-5855-40ea-9f14-99e56eac236b,False,True,False,True,2011-04-15 13:59:44.397966,168dc4a2-7d58-4175-b41a-f662c9373ca6,UTC,2025-07-30 16:33:05.306764,2025-07-30 16:33:05.306764,25aeff1c-5ef9-4586-811b-7146fed5d94b,bb05204b-9818-4e53-9036-6b29b936b0fb
f0438f76-20b0-460a-bbc6-3370c85ec83a,461fd76b-4c58-4156-b7e0-29a61e7d6e7b,True,False,False,True,2010-02-22 16:34:52.397994,6a3f729f-f8f5-4e4e-875d-c1bc68b922f8,America/Los_Angeles,2025-07-30 16:33:05.306764,2025-07-30 16:33:05.306764,a329e7b4-7d0c-478f-897e-8f7e62d7d962,bb05204b-9818-4e53-9036-6b29b936b0fb
9b22ac45-d4d3-4407-9de6-daeae0b69eed,f3eae14d-206a-48c4-920a-b32560ddb575,True,False,False,True,2020-07-28 05:05:05.398043,00c9f39c-bc4a-4307-9d68-e6287ba6a8c1,Europe/Prague,2025-07-30 16:33:05.306764,2025-07-30 16:33:05.306764,c8a011bc-7822-41eb-92ee-64d0e5e4c878,bb05204b-9818-4e53-9036-6b29b936b0fb
e344c1dd-0720-4d04-9c92-ed76781e9c61,a87c7ebf-dc3d-42f8-8164-071f37d8e90c,False,False,True,True,2008-12-23 07:12:57.398074,09a973c2-d228-4d6a-b51e-e2e7f631b5a5,Asia/Tokyo,2025-07-30 16:33:05.306764,2025-07-30 16:33:05.306764,79be1e1b-e1f7-49b1-a3fd-02f452c61a29,bb05204b-9818-4e53-9036-6b29b936b0fb
e8a8ab70-247a-41b6-8b58-b9cfe5bc846a,9b3556fe-e526-4470-bb8c-290ad36a5954,True,False,False,True,2025-02-17 00:07:29.398101,3720ab20-418f-4971-9673-73cf43688036,Europe/London,2025-07-30 16:33:05.306764,2025-07-30 16:33:05.306764,8b758d52-6dd9-496e-b81c-1ce99d2b1809,bb05204b-9818-4e53-9036-6b29b936b0fb
53b56187-96bb-4635-b49f-13a819fd0878,4787b20d-7d92-4c61-be91-6dc7bc2312c5,False,False,True,True,2025-04-06 10:13:52.398128,6cf36160-c782-4ab8-8b26-1cb3cf0fee85,Australia/Sydney,2025-07-30 16:33:05.306764,2025-07-30 16:33:05.306764,7771765a-52f1-421e-a401-9753138a8c71,bb05204b-9818-4e53-9036-6b29b936b0fb
9b99d4e4-206c-4386-9fcd-8ea42a6c203b,54623a78-8912-478b-9080-8de98f62cfd2,False,True,False,True,2022-03-12 10:48:03.398154,c559fb6d-c542-4829-8243-86997d1fa2fa,UTC,2025-07-30 16:33:05.306764,2025-07-30 16:33:05.306764,b39979aa-7e8c-4c2f-8f59-cefee9c4ea4a,bb05204b-9818-4e53-9036-6b29b936b0fb
88ec44a6-1245-4611-a246-9bb83e7c10c8,9f3553ea-dbbe-4a38-b0a9-ec89c408606c,False,True,False,True,2013-10-13 00:25:29.398180,ba1713f5-2d77-4ae9-9b0f-8a4fa96e838f,Europe/Prague,2025-07-30 16:33:05.306764,2025-07-30 16:33:05.306764,5630df61-6c15-4cb9-a14f-819a807e0848,bb05204b-9818-4e53-9036-6b29b936b0fb
05b10660-2702-4790-bef0-cd0a0f2f51c1,6b55d694-15e1-4cbc-864d-349097b1e840,False,False,True,True,2022-08-04 00:44:24.398207,778c1286-80e4-4bfc-9e4f-8e7f2f2a2705,UTC,2025-07-30 16:33:05.306764,2025-07-30 16:33:05.306764,290b9cd0-983b-44e6-8892-e65333bdbc9f,bb05204b-9818-4e53-9036-6b29b936b0fb
3676f72d-e8b2-4a56-b9e9-cc0cb266fd41,e40a4574-6c6e-488b-a16b-1a1fdeb28a79,False,True,False,True,2019-11-08 18:24:31.398232,6c836a41-ef67-4b4d-b049-c7cddaee63cb,Asia/Kolkata,2025-07-30 16:33:05.306764,2025-07-30 16:33:05.306764,99a63f12-a59e-474b-84d9-60bc0c0d5feb,bb05204b-9818-4e53-9036-6b29b936b0fb
8f31a1f9-8584-4cf8-80dd-c7bcb0481787,07746dd5-9c0a-4be6-8264-9965d0e692df,True,False,False,True,2013-04-17 04:30:36.398258,89f85944-3e37-4cac-9349-5b2aa1c49f63,America/Los_Angeles,2025-07-30 16:33:05.306764,2025-07-30 16:33:05.306764,0f8e1a16-8511-46d9-8af9-b683a366efa9,bb05204b-9818-4e53-9036-6b29b936b0fb
9c8c682c-a5e1-4799-a76f-5de91b6986ae,f3d6e9f1-1a61-40e0-aaf7-1516f884c96b,False,False,True,True,2007-01-18 15:12:29.398285,6205f992-2cde-4cb3-8baa-2ffbcfe38a5c,Asia/Tokyo,2025-07-30 16:33:05.306764,2025-07-30 16:33:05.306764,2a8e1e89-a5da-47b0-b667-ba6616c782fa,bb05204b-9818-4e53-9036-6b29b936b0fb
0d22ecb7-fe52-4e3f-ac4f-14431e53d174,12f4a440-91b6-459f-b08c-5a8fe7589615,False,True,False,True,2011-11-07 09:21:51.398311,4f91de53-af9a-455e-a3a0-fc7eb9157f56,Asia/Tokyo,2025-07-30 16:33:05.306764,2025-07-30 16:33:05.306764,530089c7-ec53-4b93-9ef6-a2bc0ff1434b,bb05204b-9818-4e53-9036-6b29b936b0fb
704befd0-6f6e-47ae-b9be-dc7cf757fa07,96ae213e-37d1-4e1c-9672-df072873b58b,False,True,False,True,2021-10-10 11:42:42.398339,64f1f877-2d49-4f28-8e32-18ceee406596,Asia/Kolkata,2025-07-30 16:33:05.306764,2025-07-30 16:33:05.306764,122fae16-499d-446c-97d6-72175af4edc3,bb05204b-9818-4e53-9036-6b29b936b0fb
d6246e26-efe6-441f-bd74-4ba418f0810c,4060e44d-9b84-4c02-8b30-9afd23f35c32,True,False,False,True,2025-01-29 12:51:20.398383,72b00e7b-030f-4ef8-92da-f7c2e6af4f80,UTC,2025-07-30 16:33:05.306764,2025-07-30 16:33:05.306764,4abc3e8a-4028-44cf-82bd-605bb28975ba,bb05204b-9818-4e53-9036-6b29b936b0fb
964dcd3b-f35c-4b2f-82fd-1528af9b919b,30b1dcc5-781e-4522-9ef4-2ab2150e499b,True,False,False,True,2015-12-22 14:40:32.398412,224d6e8d-cc2a-475d-ad80-266e9b215f93,America/Los_Angeles,2025-07-30 16:33:05.306764,2025-07-30 16:33:05.306764,becc2271-2009-4b27-85a5-803630bc654d,bb05204b-9818-4e53-9036-6b29b936b0fb
6cfdf8e9-0c38-444f-8d2a-6601f255d9cb,5c665344-3a92-41af-a6ca-52f7e1d438a2,True,False,False,True,2024-08-25 11:10:58.398445,025e7142-8885-45bd-8a29-a4d93e7b0456,UTC,2025-07-30 16:33:05.306764,2025-07-30 16:33:05.306764,224fd5f3-87a9-481b-b813-7b38c52f875a,bb05204b-9818-4e53-9036-6b29b936b0fb
12073cc4-e190-4bd9-8133-c283cc602576,ec5830ca-1785-4673-ba97-73765aef62da,False,False,True,True,2019-05-23 13:01:36.398504,e3f8ae94-8c6c-4c7a-8cbb-dcd71f60528a,Asia/Tokyo,2025-07-30 16:33:05.306764,2025-07-30 16:33:05.306764,4c9cd5e1-e360-4005-b96e-f8d568c3d035,bb05204b-9818-4e53-9036-6b29b936b0fb
97afd492-d1ff-4129-8664-ee89dc0859b3,8246cd7e-3ba0-4cec-8895-d7223e449358,True,False,False,True,2011-07-15 14:27:52.398534,e55bf6d7-6eb5-4a99-bc26-792dec03ad42,UTC,2025-07-30 16:33:05.306764,2025-07-30 16:33:05.306764,a0498842-47ac-4e44-a0df-7991c9f58673,bb05204b-9818-4e53-9036-6b29b936b0fb
ba43dafb-772d-4222-b55c-1b41ab82a5bf,a4b42fee-087c-464d-9906-adc811e463f0,True,False,False,True,2011-12-23 15:18:41.398560,f9e9889d-3b59-4cae-9300-f20ca8f021e9,Europe/London,2025-07-30 16:33:05.306764,2025-07-30 16:33:05.306764,da4c8380-f267-4deb-a914-2491f2999e82,bb05204b-9818-4e53-9036-6b29b936b0fb
2a6be1f5-63e0-4add-8599-e70e90922982,48cc0914-a432-4854-8899-ebd92044bbed,False,True,False,True,2007-04-03 17:30:18.398603,40aa6a46-23a8-48a2-a30f-d9935d03ffb9,UTC,2025-07-30 16:33:05.306764,2025-07-30 16:33:05.306764,2b8a4e72-ade9-456d-921f-7ad5d1eb0b53,bb05204b-9818-4e53-9036-6b29b936b0fb
5ff85fa7-9781-47f2-96ec-b08dce252a5f,d951814d-f4c2-49a2-9df3-012de0b1a742,False,True,False,True,2017-03-18 15:26:13.398629,c0320db0-4055-4a94-b02d-3078ef206c12,Asia/Tokyo,2025-07-30 16:33:05.306764,2025-07-30 16:33:05.306764,f7fdad5f-61ba-48dc-9155-79798f1f23e5,bb05204b-9818-4e53-9036-6b29b936b0fb
bdf1392b-b757-47c4-b15e-b40f1c63e216,c143db24-c73c-4751-b42a-52fa8dfbae30,False,True,False,True,2018-10-11 02:02:45.398654,96ee0e3f-dbe8-4104-921e-e83e4f3ebafa,Europe/London,2025-07-30 16:33:05.306764,2025-07-30 16:33:05.306764,62de3d89-de05-465b-a279-4ad8956b2f82,bb05204b-9818-4e53-9036-6b29b936b0fb
e7796f16-fab2-4dba-aac1-90a484a92e2f,67efe1ec-a01e-42e9-bddc-9ceb849ba385,False,False,True,True,2014-06-26 06:26:18.398698,ab22a20e-7696-4375-aa30-8b90e7fbcc21,America/Los_Angeles,2025-07-30 16:33:05.306764,2025-07-30 16:33:05.306764,58dbb95b-e414-4041-86a0-530bda609de0,bb05204b-9818-4e53-9036-6b29b936b0fb
f742183c-6e21-4a26-bffc-e519c58ea34a,128841d9-487b-4cf9-9445-c6da4bdeb300,True,False,False,True,2023-09-27 00:18:36.398729,4f90faea-373a-409e-9d54-6a19767f664b,UTC,2025-07-30 16:33:05.306764,2025-07-30 16:33:05.306764,9733bc87-115d-4cdf-b48d-6055de4306c4,bb05204b-9818-4e53-9036-6b29b936b0fb
cc564c1e-0f69-45d7-ac9c-aeab17f05ef7,3d5be7bb-559c-408a-a4ac-205a83448f2a,True,False,False,True,2021-07-03 09:43:05.398753,1ed90582-5a29-4a68-9aab-1af8767572a4,Australia/Sydney,2025-07-30 16:33:05.306764,2025-07-30 16:33:05.306764,6dd0d760-9205-4013-9876-576619bf7818,bb05204b-9818-4e53-9036-6b29b936b0fb
d1555cae-cbbf-47ab-be06-5fae54090240,62e200c2-0602-4268-b848-42b3c1c38e9d,True,False,False,True,2018-04-29 03:59:54.398779,09b18c65-81de-45fc-b64c-cdeb9abc9381,Europe/Prague,2025-07-30 16:33:05.306764,2025-07-30 16:33:05.306764,2192c3e7-6ee6-4c13-bf2d-164ca6a3492c,bb05204b-9818-4e53-9036-6b29b936b0fb
e45677a9-e2e1-4246-b7fd-3904a58c30cc,c802b83e-e418-4b31-8f42-e542d4071266,False,True,False,True,2010-06-02 19:54:58.398805,60a7541e-3df5-48fc-a136-fd9ed4739093,Asia/Kolkata,2025-07-30 16:33:05.306764,2025-07-30 16:33:05.306764,6f13b153-bfe8-458f-bf5f-3a2990281bf6,bb05204b-9818-4e53-9036-6b29b936b0fb
2cbe5b7f-0026-4b22-8353-d1650bb0e2a4,4714d55d-a36d-401e-b783-c6d68b5a5c2a,False,True,False,True,2016-09-12 18:56:06.398831,73f96269-507a-4306-8e58-900188deec9a,Australia/Sydney,2025-07-30 16:33:05.306764,2025-07-30 16:33:05.306764,f7bf4f61-491b-4abb-b470-9ae0e3ce9e78,bb05204b-9818-4e53-9036-6b29b936b0fb
1d35e21f-1119-4720-9902-5b48a9b06d55,d8185476-da75-46b5-a002-0ed502475b05,True,False,False,True,2006-05-02 11:34:15.398855,27b3d1df-8b98-424c-9a9e-c3d3d3eceb56,Europe/London,2025-07-30 16:33:05.306764,2025-07-30 16:33:05.306764,2c205352-f39d-455d-9e1b-a2a020cb4a60,bb05204b-9818-4e53-9036-6b29b936b0fb
f29daaf6-b3b7-4c32-8bab-b9416ff0ea7a,aa27a4d5-3615-4d49-99ce-65353c948e14,True,False,False,True,2018-01-10 02:00:25.398880,5dcba31a-6e09-4f3f-9e09-a130840b685b,America/New_York,2025-07-30 16:33:05.306764,2025-07-30 16:33:05.306764,87e127d1-091b-4f05-9aa3-9ae2c00c0c36,bb05204b-9818-4e53-9036-6b29b936b0fb
fe37947a-a470-4bc4-a259-8c130af6e25a,2f256d9d-0f5f-4756-a51e-db21cc3072ef,False,False,True,True,2025-07-29 00:52:22.398906,f682eaec-194c-4381-8099-70610e9f1c0f,Europe/Prague,2025-07-30 16:33:05.306764,2025-07-30 16:33:05.306764,b85a3ed9-6dc9-4a0c-a368-7bada3b8ac57,bb05204b-9818-4e53-9036-6b29b936b0fb
169c925a-1be0-4123-9014-973ad79999ab,4126ca14-671b-48fb-965e-df759271f413,True,False,False,True,2023-03-06 16:08:47.398931,ad2b281d-33fa-42a2-ac80-ae942732d30a,America/Los_Angeles,2025-07-30 16:33:05.306764,2025-07-30 16:33:05.306764,f3dffd19-23dc-47ca-b2a4-04916fcbb32e,bb05204b-9818-4e53-9036-6b29b936b0fb
6da70190-b815-4cae-b05e-810885f2de9e,e0784209-9311-4b72-8a7e-8e5368af664e,False,True,False,True,2014-06-11 11:47:41.398957,c07200fe-e6f9-4a88-bb7d-902215305bba,UTC,2025-07-30 16:33:05.306764,2025-07-30 16:33:05.306764,e9ea5b08-26e4-49ca-8cd4-fecae81ff308,bb05204b-9818-4e53-9036-6b29b936b0fb
a373f903-72ed-42d0-9712-0034e527b4e8,e0c49d2d-a00c-4ace-825a-9432818ecad5,False,True,False,True,2020-09-20 14:45:34.398997,255df56a-d744-44cf-b2ba-bf93fbfaa73d,America/Los_Angeles,2025-07-30 16:33:05.306764,2025-07-30 16:33:05.306764,839e01d7-4c1e-4ca5-83b0-d56bdaca891b,bb05204b-9818-4e53-9036-6b29b936b0fb
aa0e3405-f815-4ed4-94aa-5f8e7a3603df,a76ce94d-b598-4c05-87ae-870e56e9dcb7,False,True,False,True,2014-10-02 05:32:03.399025,bc469508-74b9-4de6-9ed6-530cd0c5cfd4,Australia/Sydney,2025-07-30 16:33:05.306764,2025-07-30 16:33:05.306764,ac011fea-d3d3-4c11-9a57-d66dde7a6cd6,bb05204b-9818-4e53-9036-6b29b936b0fb
b89c7f99-791c-4a6d-adb5-3038f7f8f7f9,7ac037b1-07c9-4b01-b616-2512da56b7f7,True,False,False,True,2008-09-25 07:03:44.399050,ad69d20a-f0e2-4ed2-91df-5906b4750f9d,Europe/London,2025-07-30 16:33:05.306764,2025-07-30 16:33:05.306764,9c60df43-9864-43d7-8ea5-e63742f7abbd,bb05204b-9818-4e53-9036-6b29b936b0fb
452a29f9-5c74-48c2-a4aa-99d1d16abf09,439d7509-f43f-4570-a869-1713af4a1d3e,False,True,False,True,2019-07-02 04:50:27.399076,eaa8ffb4-4748-446a-83b2-ad776d043cda,Europe/London,2025-07-30 16:33:05.306764,2025-07-30 16:33:05.306764,61e9fbe5-b528-437e-9309-1433d4fe63bd,bb05204b-9818-4e53-9036-6b29b936b0fb
7453f5a3-9b08-4bc3-ae30-9bff0aa419d6,aed4226e-b264-44c5-89cb-150501e7badf,True,False,False,True,2009-05-26 05:34:34.399134,99425c19-307b-454f-9ef6-b9c9d3ee86ad,Europe/Prague,2025-07-30 16:33:05.306764,2025-07-30 16:33:05.306764,87c75d3e-52b1-4c76-b0dc-a369da9793ef,bb05204b-9818-4e53-9036-6b29b936b0fb
0242bc44-9773-4075-aab6-ba7f59f87cca,09ac71bb-31f6-4a88-82b5-84f475c52057,False,True,False,True,2010-03-27 22:25:02.399162,490e2c2c-f577-4819-9d29-29d5dd529f94,America/Los_Angeles,2025-07-30 16:33:05.306764,2025-07-30 16:33:05.306764,aafa081c-dc98-4ea1-afe5-a0e7e1ef6503,bb05204b-9818-4e53-9036-6b29b936b0fb
1e30d223-8b39-45bb-95ec-35d063983ea4,6bcea6f5-bcac-4b2c-888c-219e8301ac89,False,True,False,True,2022-02-20 01:57:22.399188,6d1328a6-c868-493b-a245-7875e6f30223,Europe/Prague,2025-07-30 16:33:05.306764,2025-07-30 16:33:05.306764,0e79628b-c094-49f9-a1f2-7338b19af306,bb05204b-9818-4e53-9036-6b29b936b0fb
3a017d01-ed07-4074-99a4-e7bc7234cf33,c087cb3d-3223-4550-b1a7-e5d516f242ba,False,False,True,True,2018-09-12 13:14:19.399212,e7c1ec8d-05c4-4497-8d21-0329317c42fe,Europe/London,2025-07-30 16:33:05.306764,2025-07-30 16:33:05.306764,d7ebac23-f225-4b10-a596-7ec5cc32fd06,bb05204b-9818-4e53-9036-6b29b936b0fb
fff2ad69-3b12-421a-a912-01f75f74c7ed,c61604e2-50d3-49c9-a2f6-adcb43684831,False,True,False,True,2009-12-03 22:14:23.399237,f9b63d09-7747-4adc-99f9-d30ae10ea0ca,Europe/Prague,2025-07-30 16:33:05.306764,2025-07-30 16:33:05.306764,a0bea4a1-0ca6-42f6-91e2-fa255909dd1d,bb05204b-9818-4e53-9036-6b29b936b0fb
c9e4d851-1c88-4f6a-b169-da3fb7187a67,5f42f898-5911-45af-97a9-c920f4c90e1e,False,False,True,True,2024-02-05 06:30:57.399262,873a9de4-7242-46a7-96b8-9108de5c280a,UTC,2025-07-30 16:33:05.306764,2025-07-30 16:33:05.306764,a1f378ad-843a-4196-982e-5c84b884e26a,bb05204b-9818-4e53-9036-6b29b936b0fb
faaf3114-6418-4c8b-bef7-f44e3dd4e859,aed4226e-b264-44c5-89cb-150501e7badf,False,True,False,True,2015-11-15 12:52:57.399287,a8612f17-9044-495a-bb25-67108ab9bf8b,Australia/Sydney,2025-07-30 16:33:05.306764,2025-07-30 16:33:05.306764,81fbe5ad-6597-4e17-833d-1643d3c79e0a,bb05204b-9818-4e53-9036-6b29b936b0fb
d41a8c1e-eb35-4810-8b48-d2608e9fd7c8,0de22ff8-eef5-4525-87b1-6ea4ea8d6f2c,True,False,False,True,2007-04-07 21:59:04.399312,e28ef085-f7fc-496b-a40f-383920a96172,Europe/Prague,2025-07-30 16:33:05.306764,2025-07-30 16:33:05.306764,7fb14f86-3a3a-4805-9d15-69ce4be23071,bb05204b-9818-4e53-9036-6b29b936b0fb
0abea0b4-8f03-4e38-8545-afe7d8010f20,35879d73-b89c-4c9d-b26a-6bd79059474c,False,False,True,True,2021-12-11 02:30:08.399337,cebc8fcd-11bd-4c4e-9fdd-6f6de9e42649,Europe/London,2025-07-30 16:33:05.306764,2025-07-30 16:33:05.306764,caee426e-f5a0-4b73-99f7-7cd6eed5d9ea,bb05204b-9818-4e53-9036-6b29b936b0fb
5be87adc-0707-41fe-86be-8d9120a1fe9f,c5431359-0987-44a9-b17d-f7055cbe1b02,True,False,False,True,2018-10-30 18:33:00.399363,47c663b1-fba7-48e2-be41-b9ae825bd6e3,Europe/London,2025-07-30 16:33:05.306764,2025-07-30 16:33:05.306764,0572446f-9251-436f-ae71-a9bc53996036,bb05204b-9818-4e53-9036-6b29b936b0fb
f9da1c5a-ebe2-45bc-954e-35ef8b4172d0,c29ca325-80fb-4970-920f-98c0b0e7a191,False,False,True,True,2018-10-08 04:25:26.399388,b2c78cef-1b5a-434b-a872-3c47e0a3e76b,UTC,2025-07-30 16:33:05.306764,2025-07-30 16:33:05.306764,453df11e-2420-4108-a736-a51775c934e7,bb05204b-9818-4e53-9036-6b29b936b0fb
52ee35fc-a6ff-4a7f-a45e-cc51026491b3,28be43c6-a8c8-48c7-9b00-d75bdfc55e34,True,False,False,True,2011-09-09 01:11:36.399441,ea83c148-f166-4c72-9774-df0fb674014c,UTC,2025-07-30 16:33:05.306764,2025-07-30 16:33:05.306764,8db1feeb-c4c7-467e-a324-e63e2a7cc298,bb05204b-9818-4e53-9036-6b29b936b0fb
0f202d37-e0f8-4db6-90a3-2b6404cd7c58,e83304ee-2e2c-4a78-ac2e-766dc3739fc3,False,False,True,True,2021-02-07 10:46:57.399687,4073a36f-2fda-4857-b791-78a1b46422a5,Asia/Kolkata,2025-07-30 16:33:05.306764,2025-07-30 16:33:05.306764,9faa529b-0362-4e3f-9e7e-55cb6b56a708,bb05204b-9818-4e53-9036-6b29b936b0fb
210af682-f275-4998-9aa7-dea4cb979c76,a87c7ebf-dc3d-42f8-8164-071f37d8e90c,True,False,False,True,2007-06-30 08:48:50.399722,95edbd43-aa09-4d67-9a62-b82a917f288a,Australia/Sydney,2025-07-30 16:33:05.306764,2025-07-30 16:33:05.306764,ad34a0f6-2eaa-4c20-acdd-7ee7f38c5268,bb05204b-9818-4e53-9036-6b29b936b0fb
2e26e5c0-183e-48f6-90f2-8bd391cd1a77,824cf3ab-41c0-459e-b0bc-d57d2ab906dd,False,False,True,True,2008-05-10 20:34:09.399762,79f5392d-331c-498f-8b70-c286712f2c98,Asia/Tokyo,2025-07-30 16:33:05.306764,2025-07-30 16:33:05.306764,fcbddd8d-8a38-41e4-86f6-a971cd4a29c4,bb05204b-9818-4e53-9036-6b29b936b0fb
b238755a-337f-4fd8-a240-88aa321fd66f,6150b358-612a-4b36-a8a4-13ecbd122b86,False,True,False,True,2018-05-01 00:01:00.399795,e71c45df-b7cc-4233-9226-578013da4c55,Europe/Prague,2025-07-30 16:33:05.306764,2025-07-30 16:33:05.306764,79f59da2-198c-4b3b-a184-e76344facef7,bb05204b-9818-4e53-9036-6b29b936b0fb
215ff8f5-1e2e-4c96-882e-d5f321e15d9f,0984cdb2-0c5c-4c3b-98ba-2f98f25ec3d7,True,False,False,True,2019-09-06 06:52:14.399821,4dda02ce-4848-4d44-bf09-1e22c6b240ba,America/Los_Angeles,2025-07-30 16:33:05.306764,2025-07-30 16:33:05.306764,0f195032-1331-4726-9d1c-a8f99c086f0c,bb05204b-9818-4e53-9036-6b29b936b0fb
6aee3af7-3701-4711-95d2-99b2763bc8ed,5393502f-e84d-4078-a39d-6c0d73f25ea4,True,False,False,True,2019-03-21 18:01:29.399849,6a917759-148d-4d96-82f7-73712ce5ffe9,Australia/Sydney,2025-07-30 16:33:05.306764,2025-07-30 16:33:05.306764,c3237a83-8bfa-4d88-8daa-9f4f756c5b8d,bb05204b-9818-4e53-9036-6b29b936b0fb
c870ef4a-842e-46ab-ad96-7f1034779ba0,5934738b-9fb9-4d4f-bc2f-bff87156c77e,False,False,True,True,2020-06-29 05:31:27.399876,35ff4400-5044-4d67-9601-67c9f9d31aea,America/Los_Angeles,2025-07-30 16:33:05.306764,2025-07-30 16:33:05.306764,c4fe80a8-d832-4438-942e-d5ad88c9ba7b,bb05204b-9818-4e53-9036-6b29b936b0fb
a23eec73-eccd-49fb-be81-8ac334880c1d,32b4e232-0bbe-4a02-afa1-cbe12c74076f,False,False,True,True,2015-09-24 09:07:55.399902,4afc67d9-3c67-45fb-84e8-22e2372dee87,Australia/Sydney,2025-07-30 16:33:05.306764,2025-07-30 16:33:05.306764,fd370423-f456-49d6-99c4-d297107292cb,bb05204b-9818-4e53-9036-6b29b936b0fb
dc67100d-b9a3-4062-8794-7da732903a64,69d9388c-b090-4206-8acc-23c4becae05f,False,False,True,True,2010-09-17 21:16:03.399928,0b5e6987-556a-4c79-bfa3-0d4dc783f8a7,Asia/Tokyo,2025-07-30 16:33:05.306764,2025-07-30 16:33:05.306764,13d679db-e614-47cb-badc-71f322122b4c,bb05204b-9818-4e53-9036-6b29b936b0fb
3ac5a387-67f4-42e0-a626-de08d546e631,8a52f400-c6e1-4d42-a896-97eab36422ba,False,False,True,True,2008-03-04 03:29:35.399953,da584cd8-21b0-4af2-95fa-ae06a24eb269,America/Los_Angeles,2025-07-30 16:33:05.306764,2025-07-30 16:33:05.306764,b5c8a7a0-4dbd-4564-8dea-de5364d7980a,bb05204b-9818-4e53-9036-6b29b936b0fb
92b6c854-e7fc-4fc1-973c-7e6460f43c7c,bbe3bbf7-c87f-4139-b552-04a5df4677c2,False,True,False,True,2005-12-23 23:07:39.399979,cf69deae-53d3-443b-a215-4be1d359ac07,Asia/Tokyo,2025-07-30 16:33:05.306764,2025-07-30 16:33:05.306764,2d43ac07-2416-40d9-b7ae-740d2265a819,bb05204b-9818-4e53-9036-6b29b936b0fb
c478cc6d-68a6-4501-92a3-c0192f8f300e,ede3c1a1-6cb9-415b-8274-7493ef1cb3e4,True,False,False,True,2012-07-07 21:40:55.400004,7d08ca54-d4c9-4da0-b45b-30f05fca2975,Asia/Kolkata,2025-07-30 16:33:05.306764,2025-07-30 16:33:05.306764,f4b39cbb-fb0f-4574-8244-c8072f3ecc1d,bb05204b-9818-4e53-9036-6b29b936b0fb
a5677fdd-e03b-4d66-869f-58c93e82ac96,5b30b84b-e858-40b1-8e0a-b42d25c4a3dc,True,False,False,True,2008-09-03 19:16:03.400030,314c096b-91ff-4b1e-bbb4-95e369393d3e,UTC,2025-07-30 16:33:05.306764,2025-07-30 16:33:05.306764,92f55dca-acab-4cb4-8c89-5fa602a77f1e,bb05204b-9818-4e53-9036-6b29b936b0fb
10d8d3e7-6a9e-4298-bb6a-b5cc375aa951,0ee44f77-9aec-41df-897d-d8f35347a20c,True,False,False,True,2017-11-07 15:23:38.400078,7aad7578-6c99-4efc-a26a-a0b7c3bf2de4,America/Los_Angeles,2025-07-30 16:33:05.306764,2025-07-30 16:33:05.306764,b7156855-b4b2-47bd-a30f-383efe203ac3,bb05204b-9818-4e53-9036-6b29b936b0fb
608e8723-030e-4dd9-b0ca-9128a0baed45,d392ebcf-5e18-43ff-a496-3c9f74459974,False,True,False,True,2009-09-20 20:52:18.400107,d5876ca1-3898-45bd-9a57-779c1ba08230,America/Los_Angeles,2025-07-30 16:33:05.306764,2025-07-30 16:33:05.306764,a1b9b2b0-9428-4e66-9c43-bdc9d95305ff,bb05204b-9818-4e53-9036-6b29b936b0fb
7b0c8fa0-d8cb-4ca4-a33f-c30954a86ad2,cb89af5b-78fd-48a1-8f05-84f28de9339d,False,False,True,True,2020-12-16 22:15:48.400132,0e9f8f9e-edab-4b7e-8be5-5169c9b4bf4d,America/Los_Angeles,2025-07-30 16:33:05.306764,2025-07-30 16:33:05.306764,41f33900-5764-49d4-b2e4-95c3573c16ba,bb05204b-9818-4e53-9036-6b29b936b0fb
b9cf10d8-a53f-44c7-9b49-12fff076e25a,ae507c98-ce4b-4a83-b9a0-c6bbcff9bd2e,True,False,False,True,2022-08-20 21:10:28.400168,54130aaa-6db0-4970-abf7-87c5b9e6b92d,UTC,2025-07-30 16:33:05.306764,2025-07-30 16:33:05.306764,1b2038ee-8fda-41bf-a048-3411d98d2634,bb05204b-9818-4e53-9036-6b29b936b0fb
253d8275-827d-4f84-ae90-567cee9cd651,77a234f4-d906-4e94-91ba-50c023cfd8fb,False,False,True,True,2020-04-25 17:15:48.400231,b77e5eee-63bf-40f5-8d36-e882ebbb1ef6,Europe/Prague,2025-07-30 16:33:05.306764,2025-07-30 16:33:05.306764,f523afc3-6789-435e-8dd0-abcdbca454e7,bb05204b-9818-4e53-9036-6b29b936b0fb
06764714-0cf7-4739-b63d-9b44a8a4e460,fc4b4537-38bf-4986-a895-0adfb287e1f2,False,True,False,True,2011-08-06 09:37:14.400256,7695c573-6578-4363-9124-d5d2ba13a057,Asia/Tokyo,2025-07-30 16:33:05.306764,2025-07-30 16:33:05.306764,5783b625-c57a-4cae-904e-89800d233e03,bb05204b-9818-4e53-9036-6b29b936b0fb
55fda24a-a2c0-4f6e-a180-a0535e92d3ef,f787831d-f006-4e83-a73f-c2a0ac86bd06,True,False,False,True,2022-09-07 20:16:26.400281,f8c1c015-265d-4db7-b7f8-61bd2e39bbc4,Asia/Kolkata,2025-07-30 16:33:05.306764,2025-07-30 16:33:05.306764,71dbfff5-c12b-4015-8b2e-2eb196bcdecf,bb05204b-9818-4e53-9036-6b29b936b0fb
e49720be-61de-4df3-924e-65c8c31708af,813b8877-6508-4a3c-84a9-af0a762d0a5c,False,False,True,True,2020-10-17 09:38:31.400305,780c238f-25b3-4bf8-bd67-de5a141792c1,UTC,2025-07-30 16:33:05.306764,2025-07-30 16:33:05.306764,f23261ba-dd99-4619-ace3-bdec4bc26c3c,bb05204b-9818-4e53-9036-6b29b936b0fb
67c48610-12f3-415b-8ead-26cdb36a7102,c73f9672-8154-4b98-8dee-46d4dfa73ba2,False,False,True,True,2013-04-03 04:13:41.400349,975670b4-6e05-4981-b9ca-2c3b80e9d787,Asia/Tokyo,2025-07-30 16:33:05.306764,2025-07-30 16:33:05.306764,4c2247be-1528-409c-8565-71ca7912affe,bb05204b-9818-4e53-9036-6b29b936b0fb
cf5a5a17-c6b8-48a9-b117-d47247454f57,04369ff7-e297-468c-a57e-2c094f32c5c3,False,True,False,True,2009-01-16 01:23:23.400389,7843201d-4a4e-4198-8be8-405825224f14,America/Los_Angeles,2025-07-30 16:33:05.306764,2025-07-30 16:33:05.306764,cdcad3e3-f1e6-4fd0-bb9d-0f93d3a1abe1,bb05204b-9818-4e53-9036-6b29b936b0fb
a6386505-1010-45e9-991d-afb1e18ad9c1,b2e635e2-354b-4963-a128-a12b5a919240,False,False,True,True,2010-11-09 09:54:09.400415,575b5e72-27dd-40c9-8d97-ee843db57493,America/Los_Angeles,2025-07-30 16:33:05.306764,2025-07-30 16:33:05.306764,a31026df-d5b9-4136-8395-6ee8d83c6a09,bb05204b-9818-4e53-9036-6b29b936b0fb
f3a25ea1-d782-4fe0-9a63-f8d0739fcfa9,f587b70e-ce75-4712-a8ef-b6179f3df2eb,True,False,False,True,2007-05-02 11:37:43.400440,b55261fa-635f-4208-8be4-dd92cbe8459e,Asia/Kolkata,2025-07-30 16:33:05.306764,2025-07-30 16:33:05.306764,06422f7a-17de-40e0-a71a-12c0951c8541,bb05204b-9818-4e53-9036-6b29b936b0fb
2d437faa-342d-46f5-86a3-efa9948cb135,c0e9a9f9-9edc-4efb-98cd-2749b32ca0c8,False,True,False,True,2018-06-09 07:40:29.400465,2753e91d-8450-4582-9f73-d93c1e44596c,UTC,2025-07-30 16:33:05.306764,2025-07-30 16:33:05.306764,e49cdd90-e987-4f36-9b2d-cf269adf4919,bb05204b-9818-4e53-9036-6b29b936b0fb
9838c3d4-7117-4cea-8835-1d9c64a3c6b3,a38bf746-caaa-44d3-a51a-f349d8ed9b81,True,False,False,True,2011-09-21 08:10:03.400516,b15630a6-7198-400b-8a29-07f3ca98d043,UTC,2025-07-30 16:33:05.306764,2025-07-30 16:33:05.306764,64fe928c-8c7e-4483-bf97-18486240353f,bb05204b-9818-4e53-9036-6b29b936b0fb
ddb4d107-7186-4c74-a7fb-8820ac6e99e3,65c73340-b31d-4883-b50c-69a9efbb273d,False,True,False,True,2021-05-29 09:49:03.400607,b7427302-8716-40a4-b4f9-643795e92c6d,UTC,2025-07-30 16:33:05.306764,2025-07-30 16:33:05.306764,dad39834-4fde-45eb-9fbf-1ab94a12b82c,bb05204b-9818-4e53-9036-6b29b936b0fb
ab100af2-23ad-469a-9a5d-ebe9d1f4dfe0,5123d91c-de3c-491a-8ca5-f98c1cc0a0e5,False,True,False,True,2021-11-23 02:28:38.400649,ef933c71-9ae8-409b-8ae6-6d54eaaee48d,Europe/London,2025-07-30 16:33:05.306764,2025-07-30 16:33:05.306764,2d754df1-4bea-4c97-a405-3484dcb343dc,bb05204b-9818-4e53-9036-6b29b936b0fb
f9d93654-0e84-4393-9663-c75b6d9fd2c9,77afca64-396f-44ed-bce8-12805c32d6a1,True,False,False,True,2006-06-27 07:05:40.400678,4f2de74f-f712-4a37-b87d-f82ee1c17825,Asia/Tokyo,2025-07-30 16:33:05.306764,2025-07-30 16:33:05.306764,2835b046-416b-4109-b0c7-f565e78a2b2f,bb05204b-9818-4e53-9036-6b29b936b0fb
de3113b5-4b0f-4f3a-83c5-761d1f09f7f5,62076f0c-7f6d-496d-a0a7-829d5187fb7e,False,False,True,True,2021-09-27 03:04:04.400720,d0722adc-057a-48da-853a-e1c7f84a5d89,America/New_York,2025-07-30 16:33:05.306764,2025-07-30 16:33:05.306764,017fd77e-c982-49b5-a326-16dbf20f61eb,bb05204b-9818-4e53-9036-6b29b936b0fb
06dbed88-07a3-49b7-8389-78456269073c,c703d8fe-3477-4e56-ad5e-b937b756b000,True,False,False,True,2014-02-25 10:30:49.400749,df86623f-6b3f-4f52-935f-7b26a3f651ff,UTC,2025-07-30 16:33:05.306764,2025-07-30 16:33:05.306764,680599ea-b53f-49fe-b5b2-2b4b4dcd9702,bb05204b-9818-4e53-9036-6b29b936b0fb
c0160708-0319-46ea-9465-1cce04355f5b,a4c72d7c-2de5-4639-a77a-fabb6c2e18f7,False,True,False,True,2017-07-07 22:46:56.400777,0b5e6987-556a-4c79-bfa3-0d4dc783f8a7,America/New_York,2025-07-30 16:33:05.306764,2025-07-30 16:33:05.306764,ffee5ae7-2bd0-4ce7-848d-b2d0c31c5613,bb05204b-9818-4e53-9036-6b29b936b0fb
3b06c269-bbf0-48f9-ad4c-a3e4d6c06a8b,dba9a76a-6fa6-4115-90d9-0e4fb46436e1,False,True,False,True,2016-06-29 05:53:39.400803,ee334e81-11e9-46b5-8067-e0e06f58528e,Europe/London,2025-07-30 16:33:05.306764,2025-07-30 16:33:05.306764,7ac383a6-385d-4da1-8cf0-802750a010ff,bb05204b-9818-4e53-9036-6b29b936b0fb
8d6b557a-0623-4603-be11-a9faef7d4a68,47e690d9-04e0-42a4-ae62-1a5a841eac9c,False,True,False,True,2013-12-30 02:33:49.400852,786c74cf-de45-4f17-ba0e-bb64ce58cd9b,Asia/Tokyo,2025-07-30 16:33:05.306764,2025-07-30 16:33:05.306764,a8e4ef2d-9b04-4b34-ab17-67c05cd4df75,bb05204b-9818-4e53-9036-6b29b936b0fb
75df73b9-ac44-4410-869f-471e46708d1f,fc228847-da6e-4bc6-b111-1a55331a96ec,False,True,False,True,2023-12-19 17:57:29.400882,100d4ed8-cf97-4c62-94b7-46df0709b69f,Asia/Tokyo,2025-07-30 16:33:05.306764,2025-07-30 16:33:05.306764,27734ddd-5533-4fda-948f-d6d9651cc7bf,bb05204b-9818-4e53-9036-6b29b936b0fb
ee9e9f8a-5f48-4494-b586-7bbe27c1f61f,97f2ff62-5dc2-45d5-9daf-c623ea908f8a,False,False,True,True,2007-08-29 05:20:56.400909,5fb883cf-e610-49c6-bdea-9ec7d425a29a,Europe/London,2025-07-30 16:33:05.306764,2025-07-30 16:33:05.306764,89fa579d-34c5-4ea9-9d40-eb162ef3fb63,bb05204b-9818-4e53-9036-6b29b936b0fb
49b6e5ae-0034-4cef-b3e2-0e516b5ae1ea,7d868cea-ac9c-4584-aaa0-03705dc51004,False,True,False,True,2014-05-24 14:53:05.400938,76f0e463-fade-4594-bdcc-34469e3f132e,UTC,2025-07-30 16:33:05.306764,2025-07-30 16:33:05.306764,c3ee3094-30af-4823-a8bb-99e03cdc89af,bb05204b-9818-4e53-9036-6b29b936b0fb
96802aca-5a7a-454a-9367-75ca78c7f1d3,96d24e1c-b535-438c-bec2-c03c61af7a79,True,False,False,True,2005-10-31 21:22:13.400980,5ce22142-7672-49f7-ad87-38c9b7ffc6df,Asia/Tokyo,2025-07-30 16:33:05.306764,2025-07-30 16:33:05.306764,a86247af-e20f-4acd-b7df-cdc90f6eae7a,bb05204b-9818-4e53-9036-6b29b936b0fb
590c9061-8de4-44c9-a8fe-77c0e778b395,04a48378-b90a-46a0-9aec-4bca4b090e74,False,False,True,True,2024-07-22 21:30:21.401005,cf69deae-53d3-443b-a215-4be1d359ac07,Asia/Tokyo,2025-07-30 16:33:05.306764,2025-07-30 16:33:05.306764,8dc574a1-3c90-4207-9e60-8760122d3ab8,bb05204b-9818-4e53-9036-6b29b936b0fb
392774bd-7c33-4767-ba4a-5db5d766c720,65c5ac13-bcfd-4f1c-ae9d-7655dace3267,True,False,False,True,2006-05-05 23:44:49.401030,f227c2be-5449-484a-b06b-ffbce2f28211,Europe/London,2025-07-30 16:33:05.306764,2025-07-30 16:33:05.306764,6a0c30f5-27a1-42a2-a25b-f29248c45007,bb05204b-9818-4e53-9036-6b29b936b0fb
194c87e0-a6f9-4e1f-bb28-8812f3570f29,9111a661-8da2-4e2f-a564-ad9b1dcaca93,False,False,True,True,2016-11-29 00:59:15.401071,7859550e-e9b8-4bd8-b91d-aa3b85226c73,UTC,2025-07-30 16:33:05.306764,2025-07-30 16:33:05.306764,7bb76567-1068-4594-835a-32438f941f9b,bb05204b-9818-4e53-9036-6b29b936b0fb
79b52da9-0215-4cb0-92be-a3d5bfa68200,32392b94-674e-43d0-b5ef-5eb35f9ed12f,False,False,True,True,2012-08-29 12:11:20.401139,0223b075-29e2-45fd-8f43-bee0113208b5,UTC,2025-07-30 16:33:05.306764,2025-07-30 16:33:05.306764,5d14cf4b-45ff-4eee-adfd-738b71271192,bb05204b-9818-4e53-9036-6b29b936b0fb
4922b2ec-b5c9-4129-bf53-0350ba659b2c,6a2d1eba-15b6-44de-af86-63954258f989,False,True,False,True,2009-08-25 08:38:00.401206,9115f973-a86a-4586-92ff-0dfbd5588cc8,Asia/Tokyo,2025-07-30 16:33:05.306764,2025-07-30 16:33:05.306764,df5de8fa-45ab-4798-94b4-879828d5477f,bb05204b-9818-4e53-9036-6b29b936b0fb
0492e7a4-e96b-4212-b522-a9000bbc9a37,5dd40f49-8b37-493c-ad43-1a9839a04218,True,False,False,True,2021-02-09 15:56:04.401246,01134db1-6ab0-4488-ae4b-2599d95fa8c8,Asia/Tokyo,2025-07-30 16:33:05.306764,2025-07-30 16:33:05.306764,de63fa88-e0db-47dc-b665-5d51125723b5,bb05204b-9818-4e53-9036-6b29b936b0fb
e85a8e9f-88bb-499e-9cb9-31b6ddcddb7e,63ff962a-c3f1-4124-9215-af9358284650,False,True,False,True,2022-01-28 16:05:56.401282,577c8c71-8df6-49bc-ae4f-53617b9a97b6,America/New_York,2025-07-30 16:33:05.306764,2025-07-30 16:33:05.306764,28a3e9cc-0c09-4520-8600-965c916afda1,bb05204b-9818-4e53-9036-6b29b936b0fb
669e9ef1-bf98-42b6-b9c0-0580d3aa9385,7105a606-ea8a-41de-a29a-1cc898b456e6,True,False,False,True,2017-12-03 02:14:31.401308,4afc67d9-3c67-45fb-84e8-22e2372dee87,Asia/Kolkata,2025-07-30 16:33:05.306764,2025-07-30 16:33:05.306764,d6260bec-e349-4cc7-abd7-783c88d661b0,bb05204b-9818-4e53-9036-6b29b936b0fb
aed47872-a7a8-48ab-8d23-8b30b04e1c48,f3b39046-d92a-4234-8f34-9d81ae242d80,False,False,True,True,2015-02-25 22:34:40.401332,d84a5652-f810-40ff-af47-f124d269f3a9,America/Los_Angeles,2025-07-30 16:33:05.306764,2025-07-30 16:33:05.306764,39e15aea-9164-441d-b357-85eca3454bda,bb05204b-9818-4e53-9036-6b29b936b0fb
ca5110d7-cd4a-4d2e-ac85-bcdb26fb5f8e,3c64af15-b8b0-40f6-8640-7f0c431c9e5e,False,True,False,True,2019-03-19 13:18:08.401357,44b5cab4-383f-453a-9d03-ffbb47925eae,Asia/Tokyo,2025-07-30 16:33:05.306764,2025-07-30 16:33:05.306764,e8b03b39-2df6-4263-9b70-264a804fedd5,bb05204b-9818-4e53-9036-6b29b936b0fb
6cdf8ab6-6418-465e-84e5-22ded657d1b9,9353a76a-cc0e-4576-9253-c47a82e52c0a,False,True,False,True,2021-11-05 14:45:17.401382,b69ab585-d26f-4968-85b0-17ef6ab1dc3e,Europe/London,2025-07-30 16:33:05.306764,2025-07-30 16:33:05.306764,f02db31d-b12e-40c2-9375-8d32cf6387e8,bb05204b-9818-4e53-9036-6b29b936b0fb
ade7edd8-a420-420e-9007-2474905c58a5,cb89af5b-78fd-48a1-8f05-84f28de9339d,True,False,False,True,2015-08-16 06:27:12.401407,ba6c1921-d925-4c89-8713-ea915679dd09,Europe/Prague,2025-07-30 16:33:05.306764,2025-07-30 16:33:05.306764,df3f0102-68e6-48bc-850b-e1954cfc37d7,bb05204b-9818-4e53-9036-6b29b936b0fb
f414017b-6bec-4668-b6fe-a9a20546f8bf,be721385-d203-4c22-959f-694ef2aa1eeb,False,False,True,True,2011-06-13 14:27:51.401450,fbb2b9ed-722f-4af3-80c5-b01e841e0677,America/New_York,2025-07-30 16:33:05.306764,2025-07-30 16:33:05.306764,8709b144-ce4f-49f5-a27a-cb9c807d5828,bb05204b-9818-4e53-9036-6b29b936b0fb
cd95cf85-2044-4fea-ba4a-5db1fceb96d6,c2279869-1ed1-4ad7-8412-c0ea3e87e23b,True,False,False,True,2008-10-15 11:26:32.401476,5dcba31a-6e09-4f3f-9e09-a130840b685b,Australia/Sydney,2025-07-30 16:33:05.306764,2025-07-30 16:33:05.306764,318e5b9b-26b8-497c-b2da-470e6bcdca05,bb05204b-9818-4e53-9036-6b29b936b0fb
4fd868b0-4cf3-4424-958b-c7993b5ba03b,31dccebd-5242-4379-8e86-fb4edfdcfd70,False,False,True,True,2008-11-21 14:14:20.401501,d5876ca1-3898-45bd-9a57-779c1ba08230,Europe/Prague,2025-07-30 16:33:05.306764,2025-07-30 16:33:05.306764,d61bce99-ad58-4d28-877c-a123765aea22,bb05204b-9818-4e53-9036-6b29b936b0fb
1b09aa96-688b-4372-966e-f8f1a4be7bf1,ca729b79-b338-4d6a-9d30-222689a9a123,False,False,True,True,2021-06-01 13:36:27.401542,23a3b64a-44d8-473d-9439-cca0328a0d72,Asia/Kolkata,2025-07-30 16:33:05.306764,2025-07-30 16:33:05.306764,6cb2194c-43a4-478b-827e-e35657a3e4d8,bb05204b-9818-4e53-9036-6b29b936b0fb
91efa62b-2e34-4105-a567-1168ca99a568,813b8877-6508-4a3c-84a9-af0a762d0a5c,False,True,False,True,2021-12-20 00:43:25.401567,328f35f3-573c-4a28-87a7-463e765c3a58,Europe/London,2025-07-30 16:33:05.306764,2025-07-30 16:33:05.306764,798dd655-cf81-48cb-ac55-13369344de57,bb05204b-9818-4e53-9036-6b29b936b0fb
9bdc82ba-c5fa-4847-b940-35c5200f5bd5,8eaf00de-9a58-41db-9722-1b014a7a4223,False,False,True,True,2020-02-20 11:59:21.401615,ff2d2001-58dc-40f4-bdcc-76b382233562,Asia/Kolkata,2025-07-30 16:33:05.306764,2025-07-30 16:33:05.306764,62843670-c055-4eaf-a1fc-99c1e75f584e,bb05204b-9818-4e53-9036-6b29b936b0fb
9ce65fc2-7104-42f2-9274-b06206e404b3,4983b584-ebd3-471a-ab2a-840caeeb90f5,False,True,False,True,2022-06-17 00:15:46.401643,3b3d7967-f683-4c2c-812e-4044602f3e59,Europe/Prague,2025-07-30 16:33:05.306764,2025-07-30 16:33:05.306764,239b4ddf-99c5-4ba4-b171-9cf72b2ba856,bb05204b-9818-4e53-9036-6b29b936b0fb
45363f76-e222-4975-a0da-4a7fc69e65cf,48063104-6eab-40c3-a2f5-8247efbc8650,False,True,False,True,2012-07-30 08:15:36.401685,ee272053-ad0a-45ad-9630-cac55f40392b,Australia/Sydney,2025-07-30 16:33:05.306764,2025-07-30 16:33:05.306764,345b3a46-9efd-4737-b423-cab388d237c0,bb05204b-9818-4e53-9036-6b29b936b0fb
32446649-9059-4075-8467-42e89620133b,91eee63f-23cd-4429-bf95-70e52c0b672e,True,False,False,True,2016-08-12 13:07:30.401741,1fd10b94-146f-4851-87d0-eefdd0e57663,Europe/Prague,2025-07-30 16:33:05.306764,2025-07-30 16:33:05.306764,8c9c0bdb-1b7a-4345-8091-5901420bdf2b,bb05204b-9818-4e53-9036-6b29b936b0fb
94c13711-63d5-475f-8f87-c1d41d2e3ffc,ffdf90ef-c395-4f1a-906a-272392cd5a94,False,False,True,True,2008-02-06 12:01:38.401787,084b7f51-5c0d-4c6c-9c0a-3f82f9f35bed,America/New_York,2025-07-30 16:33:05.306764,2025-07-30 16:33:05.306764,c8ea941c-4da4-480b-acae-340d75a80c02,bb05204b-9818-4e53-9036-6b29b936b0fb
f1637c2b-c7ee-4fb0-a444-faaa64200870,52ad918f-3dc5-416a-8835-f16300d3a1b8,False,True,False,True,2017-02-25 20:21:13.401815,d4f44c1d-c151-4260-b372-774542a2d4f9,America/New_York,2025-07-30 16:33:05.306764,2025-07-30 16:33:05.306764,bf7b7f0e-98fa-47cd-9e42-b718b4fca028,bb05204b-9818-4e53-9036-6b29b936b0fb
8685bad7-c406-4dd7-8022-de5bb24316ad,968bbae1-812e-4510-b0b2-d7442ded0839,False,False,True,True,2015-01-03 22:07:54.401841,054f3678-0406-4801-985a-142ed092892b,Asia/Kolkata,2025-07-30 16:33:05.306764,2025-07-30 16:33:05.306764,3b075929-45d7-43f0-b606-3bd0a4d9698d,bb05204b-9818-4e53-9036-6b29b936b0fb
a12cc8b5-716a-420d-a6aa-0cd072e52429,2dd53110-ce0b-4255-bcf0-c1c5a9113e23,False,True,False,True,2011-06-28 13:46:50.401868,e60ed2ac-74ba-471a-876d-46fb94c07a6a,America/New_York,2025-07-30 16:33:05.306764,2025-07-30 16:33:05.306764,ecbd6f2e-2958-412a-abc7-67852e077960,bb05204b-9818-4e53-9036-6b29b936b0fb
5296f486-bc97-4c20-9870-35c7b9bdf541,36580ebb-98f7-4902-b6e5-5123fe55b664,False,False,True,True,2009-12-16 15:06:36.401975,58fde671-e577-48a8-9338-c225f53599b5,UTC,2025-07-30 16:33:05.306764,2025-07-30 16:33:05.306764,4b43e471-5a04-4d69-83be-545bc03ed6fb,bb05204b-9818-4e53-9036-6b29b936b0fb
6d0a50d9-d330-4d1c-897d-aa739af54020,7d868cea-ac9c-4584-aaa0-03705dc51004,True,False,False,True,2007-02-20 13:58:26.402029,642b8cb3-8ba1-446e-bcda-cea91ed5a0be,Asia/Tokyo,2025-07-30 16:33:05.306764,2025-07-30 16:33:05.306764,381ebee4-40d8-4198-95fa-c8a7e0a4c2f1,bb05204b-9818-4e53-9036-6b29b936b0fb
6d93ecd9-dbea-4d0b-af44-f25c8a6ed0b3,8c368b8e-55a2-44e0-a739-0811181aa332,False,False,True,True,2021-09-25 07:56:54.402072,a0e30f5d-77cc-4660-9a99-349355695fbb,UTC,2025-07-30 16:33:05.306764,2025-07-30 16:33:05.306764,0476bde4-c97c-40e3-9bf9-21a7ec9c1cd9,bb05204b-9818-4e53-9036-6b29b936b0fb
e082036b-36fe-4172-8407-99f7365af38a,ede84478-75de-4baf-b358-ab753f8e6d48,False,True,False,True,2005-08-26 14:24:01.402098,17d54b61-15a1-4294-8ae1-e0c3915c1c0e,Australia/Sydney,2025-07-30 16:33:05.306764,2025-07-30 16:33:05.306764,d591b0af-34ca-4aab-ac78-292b1c9ac038,bb05204b-9818-4e53-9036-6b29b936b0fb
836ce37a-ee83-4d25-927e-7bc12da6f0dc,bed3db71-6133-4dd5-904f-87e17dbed9c0,True,False,False,True,2021-03-20 17:49:54.402124,57937545-207d-4a03-9f9c-f88065331680,Europe/London,2025-07-30 16:33:05.306764,2025-07-30 16:33:05.306764,b6c2015e-9eb0-43f0-a930-f94de216f9e8,bb05204b-9818-4e53-9036-6b29b936b0fb
3c837852-757e-4648-b8cf-ffc763887b11,b462cd3e-aae4-40f7-82ed-999504db24df,True,False,False,True,2008-02-14 17:12:35.402150,7b304793-d675-4824-9bf3-8b005b7aa053,Australia/Sydney,2025-07-30 16:33:05.306764,2025-07-30 16:33:05.306764,97296b9c-fe48-4524-89fa-dd9a7ef4fb0a,bb05204b-9818-4e53-9036-6b29b936b0fb
b52974e0-871a-4443-acb8-a9ddd3dbe4da,ce121007-4d7e-4165-ae83-14e72c0cda46,False,False,True,True,2017-01-17 07:08:24.402175,b976bec1-dd95-4106-aa35-d22b8e5eabba,Australia/Sydney,2025-07-30 16:33:05.306764,2025-07-30 16:33:05.306764,64643650-7697-47df-9a0b-624e6b6980af,bb05204b-9818-4e53-9036-6b29b936b0fb
6e182fcb-1f0d-4da1-a5b4-10cd1b41d369,c83051f4-7ed4-45c2-a287-4af67fedc0b9,True,False,False,True,2023-12-25 14:26:01.402212,6fe7b291-dccb-46d7-bcaf-864fa5b39a0d,Asia/Tokyo,2025-07-30 16:33:05.306764,2025-07-30 16:33:05.306764,5e010501-aa9b-4485-ae0a-1ec7a70d8920,bb05204b-9818-4e53-9036-6b29b936b0fb
1a895df0-3efa-4a89-918f-a46a55c328ed,670f6e96-051f-4891-854f-e649788be2cf,True,False,False,True,2024-08-01 03:07:51.402262,329ca152-67ee-4875-bb5c-3f870da2fdba,Asia/Kolkata,2025-07-30 16:33:05.306764,2025-07-30 16:33:05.306764,1d3825bb-e8e4-4d70-abbf-6a38ca9d9eae,bb05204b-9818-4e53-9036-6b29b936b0fb
892c91bc-8ef7-471b-b885-9456592b72e6,78ec91be-20d0-4195-8801-92a074b59fd6,True,False,False,True,2012-11-28 15:13:02.402294,3be830fc-34df-4832-aae7-402ffd919d78,UTC,2025-07-30 16:33:05.306764,2025-07-30 16:33:05.306764,5102a603-fe22-41d3-8cf4-b5bb601037c7,bb05204b-9818-4e53-9036-6b29b936b0fb
9376285c-fa40-40a8-a9d0-fa71412bc7e0,bca96e54-a8ff-4753-a2ff-0b2f4e610ecb,False,False,True,True,2024-06-06 04:26:43.402344,37f56704-2258-4a3d-9157-8fe3f8df0198,America/Los_Angeles,2025-07-30 16:33:05.306764,2025-07-30 16:33:05.306764,c2a38752-2401-413f-91b3-83b2b119624e,bb05204b-9818-4e53-9036-6b29b936b0fb
cbff6016-89bc-438c-9a2c-ea38fcc1941b,f0be74bd-7b58-4304-a7dc-8eaa50a7a589,False,True,False,True,2006-09-13 15:59:11.402372,691a303e-988e-408d-92d3-e61fdfc463d5,Asia/Tokyo,2025-07-30 16:33:05.306764,2025-07-30 16:33:05.306764,aafbf9a0-dc9e-4e36-b712-4c1cc10fefc0,bb05204b-9818-4e53-9036-6b29b936b0fb
17918650-5ffa-4d5e-a1ea-9e493529bda5,8662a02d-3075-4352-ace5-bdde261a6874,False,False,True,True,2006-01-11 06:20:32.402399,f9c2c26e-7971-4614-a117-159edf71cc90,Australia/Sydney,2025-07-30 16:33:05.306764,2025-07-30 16:33:05.306764,f5201a9c-69ae-406b-b912-f7bb0cf4654f,bb05204b-9818-4e53-9036-6b29b936b0fb
316b6550-043f-4391-adb0-cb27842c056a,1a81a48b-b4dc-4525-b7e7-7f8b99af53ed,False,True,False,True,2023-09-19 19:27:12.402428,5085a3af-6469-4a16-bc84-7225a5b14071,Australia/Sydney,2025-07-30 16:33:05.306764,2025-07-30 16:33:05.306764,f488d7af-e05d-4179-b527-6bf7d3c6bdbd,bb05204b-9818-4e53-9036-6b29b936b0fb
f9268228-9943-40ba-8134-7cee012754cc,a6cff85c-8a1a-4d54-920f-58ebd6d319a0,False,True,False,True,2016-04-24 19:24:50.402454,5d66585e-cbc7-4f37-b6c7-d1de47c24a24,Australia/Sydney,2025-07-30 16:33:05.306764,2025-07-30 16:33:05.306764,4695b1cb-b246-4fc0-9552-46235efa48ac,bb05204b-9818-4e53-9036-6b29b936b0fb
6102e4d6-4675-49bb-a92e-9fab271f3542,67d26c3d-fa47-4b17-993d-3021eafa5ba4,False,True,False,True,2010-12-20 03:17:44.402480,20b049c1-763e-4106-a02c-bce0eadfd671,America/New_York,2025-07-30 16:33:05.306764,2025-07-30 16:33:05.306764,54d6b472-7e76-4ad9-8d9b-1fe0238d1d23,bb05204b-9818-4e53-9036-6b29b936b0fb
896b87a8-0bb8-48a4-8df9-069ae8cf278f,08b23527-e06f-4816-9532-2a253dc8b67e,False,True,False,True,2012-04-25 17:52:04.402506,cc27af8e-4aa3-465d-8145-0f984b6e1e96,Europe/Prague,2025-07-30 16:33:05.306764,2025-07-30 16:33:05.306764,41c2d5e3-4092-4cda-abae-b2e7ea9e6a56,bb05204b-9818-4e53-9036-6b29b936b0fb
529f50d0-99db-4a63-aec9-7f8fd81bedf8,3b72c1f3-ecdb-4817-a74d-1137b5bfc90d,False,True,False,True,2024-09-10 16:01:38.402533,1f9bfa06-1f83-4d67-9f6f-c08469b2facf,Australia/Sydney,2025-07-30 16:33:05.306764,2025-07-30 16:33:05.306764,235056a2-f259-4d5e-8908-c3445b8e737f,bb05204b-9818-4e53-9036-6b29b936b0fb
06d799f5-251d-49c4-a85c-a26cff149339,466cdfa8-7efe-4041-9539-cd812f88c648,True,False,False,True,2009-02-09 17:08:07.402559,f0c622c7-b308-44a1-bb90-da1e7921e9f5,Asia/Kolkata,2025-07-30 16:33:05.306764,2025-07-30 16:33:05.306764,e6468eb8-2dc3-4608-9bdc-69bc017e023c,bb05204b-9818-4e53-9036-6b29b936b0fb
6b340df1-c460-4903-8927-ec2eeb79f979,cb89af5b-78fd-48a1-8f05-84f28de9339d,False,True,False,True,2023-12-05 19:52:39.402587,796bd208-3321-4ea8-a2f4-08153c775148,Australia/Sydney,2025-07-30 16:33:05.306764,2025-07-30 16:33:05.306764,4a16c369-9e13-4eb5-b092-410ded640384,bb05204b-9818-4e53-9036-6b29b936b0fb
b7fa7b9f-5aa9-4012-af46-edbb793318d8,d8983f37-2bdc-484c-9559-f5807b8a64cd,True,False,False,True,2023-07-05 03:37:18.402635,ba0b101c-55fd-4cb3-85fb-7e5df3b369b2,Australia/Sydney,2025-07-30 16:33:05.306764,2025-07-30 16:33:05.306764,3b6dc946-5970-4113-a0ca-5fa5f9b83649,bb05204b-9818-4e53-9036-6b29b936b0fb
0ea7891f-3d3b-4763-ac64-ff4b18f977e9,ce9747f5-b03c-4055-adb5-6b73f2a9494e,False,False,True,True,2023-04-01 09:50:05.402685,b19fac04-3f1d-43bb-8ea8-c91513252521,Australia/Sydney,2025-07-30 16:33:05.306764,2025-07-30 16:33:05.306764,e49ed81b-f21c-426c-8ac8-7e93ee9d4aca,bb05204b-9818-4e53-9036-6b29b936b0fb
f984c36f-541a-49e2-8ac1-3b55b7cc6a05,bca96e54-a8ff-4753-a2ff-0b2f4e610ecb,False,True,False,True,2016-01-14 06:03:51.402737,40350342-5a81-46c2-b7e3-7fd336683a0d,Australia/Sydney,2025-07-30 16:33:05.306764,2025-07-30 16:33:05.306764,17383f57-14bd-4930-8b97-f27e647b3d9e,bb05204b-9818-4e53-9036-6b29b936b0fb
668959df-5d93-4c4c-a3bd-8ef561b9ed5d,90227b63-7c1d-4b9c-bb0e-4258e1c8e186,False,True,False,True,2023-10-12 16:58:55.402784,3ab1d2b2-45e5-4cf8-a85e-ea7c5a8ee59e,UTC,2025-07-30 16:33:05.306764,2025-07-30 16:33:05.306764,5d407188-bb3f-4ef1-a9ff-0dd3aded58d5,bb05204b-9818-4e53-9036-6b29b936b0fb
7b46108d-26c1-4838-8504-dc25ceccfee1,cd39e162-ad73-4557-a7ac-8ff4ddbc06f1,True,False,False,True,2015-12-20 19:44:18.402812,cd62c241-f845-44e2-a6b5-ac9925e234b5,Australia/Sydney,2025-07-30 16:33:05.306764,2025-07-30 16:33:05.306764,fae8d936-e7c2-4d67-aa80-69dce4047959,bb05204b-9818-4e53-9036-6b29b936b0fb
db04d0e3-6f01-40d9-9f05-72901b037cbc,aaf86655-315d-41c4-9b9c-1fceb7acb5da,False,False,True,True,2007-09-06 00:10:20.402861,786c74cf-de45-4f17-ba0e-bb64ce58cd9b,Asia/Kolkata,2025-07-30 16:33:05.306764,2025-07-30 16:33:05.306764,1f891283-b83d-40c6-b9e7-132dd2113d10,bb05204b-9818-4e53-9036-6b29b936b0fb
dcba1271-921a-41ec-b2ac-8b7cb0680dc5,b631d2cd-5357-4663-9738-57cb6f60b890,True,False,False,True,2022-10-03 10:31:01.402889,b2cf9954-6013-463e-8fbb-f0b026fb7eda,UTC,2025-07-30 16:33:05.306764,2025-07-30 16:33:05.306764,3791f50a-30f8-41f4-8b83-8358073b634a,bb05204b-9818-4e53-9036-6b29b936b0fb
76876ebe-c756-4b18-9370-f319c01d2786,820c3c6c-e714-4728-a973-6a4c1feff81b,False,True,False,True,2005-09-22 00:02:40.402915,fd929cfb-c144-4813-bc2a-2c65f2a29171,Europe/Prague,2025-07-30 16:33:05.306764,2025-07-30 16:33:05.306764,407afd33-6f0f-4a83-99b6-6d87eadba3f6,bb05204b-9818-4e53-9036-6b29b936b0fb
234f77b5-2d46-46ed-a0d5-e8680e2f10af,70295a89-b719-42e2-99aa-55895143f43d,True,False,False,True,2008-08-09 20:35:29.402941,310e255e-1438-4418-b149-ea999ce2733d,Europe/Prague,2025-07-30 16:33:05.306764,2025-07-30 16:33:05.306764,c4fba7aa-364d-49c1-827a-39410401376d,bb05204b-9818-4e53-9036-6b29b936b0fb
3f3733a2-e5c8-4235-8071-6135b6de2bba,1e4205a3-339f-4ef5-b57e-dcd4f46b3069,True,False,False,True,2014-06-25 11:04:01.402977,6f81eb03-9a96-4197-a64f-2ce693b07088,UTC,2025-07-30 16:33:05.306764,2025-07-30 16:33:05.306764,fb01e9f6-c144-4414-935a-4bfe776472d5,bb05204b-9818-4e53-9036-6b29b936b0fb
d1f241b4-5391-4194-8e69-2fc478a7aaf5,e23e723f-1869-45a9-bb78-4e9f034a7d9f,True,False,False,True,2024-08-04 22:58:33.403017,950d7635-8750-4190-af07-457a91fcbb22,Europe/Prague,2025-07-30 16:33:05.306764,2025-07-30 16:33:05.306764,901ca212-c3de-4f1d-aac3-b6b10000791e,bb05204b-9818-4e53-9036-6b29b936b0fb
fd520922-39e1-45cd-b8f7-c2e6d7f077a6,5b30b84b-e858-40b1-8e0a-b42d25c4a3dc,False,True,False,True,2014-01-07 05:28:14.403044,71aa6a94-d485-46b6-91a0-e51f3928a42e,Asia/Kolkata,2025-07-30 16:33:05.306764,2025-07-30 16:33:05.306764,ee45e692-afa6-4c8c-b3d0-b1294e6c76bd,bb05204b-9818-4e53-9036-6b29b936b0fb
6196919e-0a57-4882-8b4f-6ddb91b3120b,074cc6bb-8900-4880-9492-d27ab24a0d41,True,False,False,True,2023-10-03 14:12:45.403070,b60000d5-c263-4cc7-b1ca-91e14dfdea2b,Asia/Kolkata,2025-07-30 16:33:05.306764,2025-07-30 16:33:05.306764,3ecca25e-9577-4906-befe-51b9fa76fdce,bb05204b-9818-4e53-9036-6b29b936b0fb
895fa935-7464-4c02-b648-3b34e9d6c4fc,b361d457-4dc9-4b61-ac93-82b09c3a20a1,False,False,True,True,2010-01-16 22:53:34.403096,9dcd7ccf-100f-4c28-be74-7c9e4ab07f94,America/New_York,2025-07-30 16:33:05.306764,2025-07-30 16:33:05.306764,59ef6b5c-a27a-480d-912a-3fbfb157c26f,bb05204b-9818-4e53-9036-6b29b936b0fb
e953bb8b-506e-49ad-b4a4-ab906ed82f91,c8208eaa-08c4-4212-8ddf-146e9940f082,False,False,True,True,2023-09-02 03:47:41.403122,a5bb399b-dd5a-43f7-bb0f-30d9fec7efb6,Europe/London,2025-07-30 16:33:05.306764,2025-07-30 16:33:05.306764,ad589d7f-46c9-4641-ab6b-b69d499436ae,bb05204b-9818-4e53-9036-6b29b936b0fb
2f1ce15f-92a4-41f1-9463-d0dc1b845410,6150b358-612a-4b36-a8a4-13ecbd122b86,False,False,True,True,2005-11-23 03:54:14.403147,320bc898-e763-458f-a9c4-610a91c85970,America/New_York,2025-07-30 16:33:05.306764,2025-07-30 16:33:05.306764,22c35c61-0619-425b-98fd-acd2630c2855,bb05204b-9818-4e53-9036-6b29b936b0fb
a6c61f41-46d0-4f16-a009-73a9370b6a01,aaf86655-315d-41c4-9b9c-1fceb7acb5da,False,False,True,True,2021-09-25 01:46:47.403173,29814342-b30c-4047-bee2-8306f9a85a2e,Europe/Prague,2025-07-30 16:33:05.306764,2025-07-30 16:33:05.306764,7e8fdb7d-d0db-4fee-b1f6-2b1931f56c94,bb05204b-9818-4e53-9036-6b29b936b0fb
b834b04b-d084-431a-9721-04376f9fe4a7,786270fa-6d26-426f-99c0-460061c709ca,False,False,True,True,2013-07-08 02:50:44.403199,bac48d76-5c52-4c57-9418-de895b0b10b8,Europe/Prague,2025-07-30 16:33:05.306764,2025-07-30 16:33:05.306764,3be03870-2813-4d8a-942d-e588607de537,bb05204b-9818-4e53-9036-6b29b936b0fb
18bb766b-e286-420b-bdbf-0c7d89febc4d,ab661ae8-8810-4428-9887-a6c5576a440e,True,False,False,True,2018-10-15 01:11:13.403241,65d51f7e-4e96-4e7a-a886-ab95e6bf7e46,Europe/London,2025-07-30 16:33:05.306764,2025-07-30 16:33:05.306764,e9857866-b967-4770-9e5e-176f7dd88562,bb05204b-9818-4e53-9036-6b29b936b0fb
43d836ca-ff9b-460e-9f35-dd9ccd25aa2f,c426ca99-65bd-4600-9f56-726efbffb33e,False,False,True,True,2006-06-05 22:39:13.403273,d3e0243a-e292-45eb-b683-a3c06a19a94d,Asia/Kolkata,2025-07-30 16:33:05.306764,2025-07-30 16:33:05.306764,1aa81320-afc4-49cd-9177-d52f3a57ccd5,bb05204b-9818-4e53-9036-6b29b936b0fb
