ConstituentOpportunityStageId,ConstituentId,OpportunityStageId
16e93e06-9b1c-4267-8bf0-3e0dd4a70bd9,117b9f31-609f-4653-99e5-db172ffe46c1,df346b35-3be8-4c2b-9797-902beb40e460
63dc08c5-4bc5-411b-a374-4943d0609fa7,12a9e1d1-1b5a-41f4-8497-cae63906e504,df346b35-3be8-4c2b-9797-902beb40e460
bf27f85d-78bb-4fc7-a83d-311e43baaf40,86badef7-b89f-471f-8f3b-c35025f515c7,df346b35-3be8-4c2b-9797-902beb40e460
846fb1c8-b728-41e3-a0a2-aeef3fe62cb4,04893b62-2a89-4497-b714-33cf7ce1beec,df346b35-3be8-4c2b-9797-902beb40e460
31704298-b17a-4ffd-ac26-53511d2c7408,f329f09d-eea7-43a8-bb27-32efe22605f0,99fa9bcd-8b80-4913-8e2d-1709c78b83cc
be5870ef-acf4-4d2b-9b36-f909da35dd12,47e690d9-04e0-42a4-ae62-1a5a841eac9c,ff06c9f1-e62c-423b-a8c6-bddea496dd00
6f08dc37-b88c-4ba7-ab52-8e64dc93fe9e,9fa20147-fe6a-4bf4-9732-0aa1057e54a8,516f5eca-6ee3-4688-ae0b-a1e599981009
f263a73c-e432-4bc5-a94c-8c4f849e3970,a7e28f37-997b-4d20-acb7-916d9a52bb27,ff06c9f1-e62c-423b-a8c6-bddea496dd00
18152595-875b-4321-9ba0-9a8551996376,085dc28c-f791-47d9-892d-d1fcd81bce04,df346b35-3be8-4c2b-9797-902beb40e460
dc16f3c6-8c2e-4c56-a8f3-b7a9a65ba5d5,f3b39046-d92a-4234-8f34-9d81ae242d80,8569c219-d6b7-4973-a3ef-c282a61e30bb
5825ea3c-2fb7-4845-970d-fb7ba45ed4ef,8a52f400-c6e1-4d42-a896-97eab36422ba,df346b35-3be8-4c2b-9797-902beb40e460
ca215c39-f467-4f1b-afe8-2721c0846b79,3993015e-0068-4ccd-85ed-0558c3a8ba17,ac8dee3a-6f9c-485a-b3e8-4b5bfa4efa27
9c9bc77b-aa32-4e26-83e1-13599269c0ff,319ccb32-8e93-43d4-98e5-6e16be19d5c2,ff06c9f1-e62c-423b-a8c6-bddea496dd00
146aac80-e48a-44ac-8c42-f7573d4f377f,0eda044a-b0b5-434d-be5d-dad5e35c1455,8569c219-d6b7-4973-a3ef-c282a61e30bb
ea99986e-c6ab-465a-bf15-272505403c7e,0bfb91e6-6dd4-4f77-8561-6c238918a191,516f5eca-6ee3-4688-ae0b-a1e599981009
a25f6b67-39d0-43b6-8b77-85b2c035396f,6150b358-612a-4b36-a8a4-13ecbd122b86,df346b35-3be8-4c2b-9797-902beb40e460
55f3659c-e354-4c8f-b2da-0d4842ea811b,6a2d1eba-15b6-44de-af86-63954258f989,bc93d7bf-1afa-44cb-96ed-e70407f0e4d3
3eff4170-3537-414a-bef1-32f2d7fd0d71,2cd66244-1d31-4337-bbb0-c122682c4f85,df346b35-3be8-4c2b-9797-902beb40e460
b5ea12c3-be6a-465b-acfb-0b759bd5fc7b,d5f7f8f5-1b49-452e-ba47-c4f41b89acff,df346b35-3be8-4c2b-9797-902beb40e460
33b77a95-a29b-49fb-b27f-f1a7e4d061a0,4353b7c2-7c4f-4a6a-812b-639cb99b5d4b,ac8dee3a-6f9c-485a-b3e8-4b5bfa4efa27
0e232032-4c41-4416-bc71-bd49631f7076,1706963e-630a-4feb-87c9-9db74c7c0985,bc93d7bf-1afa-44cb-96ed-e70407f0e4d3
c12b7cb2-fdcd-49d8-988f-a7ba371c9b8a,d8983f37-2bdc-484c-9559-f5807b8a64cd,8569c219-d6b7-4973-a3ef-c282a61e30bb
59974a04-3d3b-41de-96b8-df173522e950,306f37a2-edf9-4dec-a83c-874358abb5ce,516f5eca-6ee3-4688-ae0b-a1e599981009
d5823346-621d-4e1c-8c27-7d6053da3a3f,a96d6ad5-b651-49f4-9dab-15611eed19a4,bc93d7bf-1afa-44cb-96ed-e70407f0e4d3
d6bb8c37-e5f5-4cbc-95f0-763a5a16b512,93ea0b4f-2145-47d4-8f7e-580ab5868d6a,99fa9bcd-8b80-4913-8e2d-1709c78b83cc
3bf5c0fa-1d82-4bce-8af8-27b67fe2ca10,cf5d532b-177e-4aa4-9a3d-c8180c6e65a7,ac8dee3a-6f9c-485a-b3e8-4b5bfa4efa27
a26f93ce-3382-44d5-9df9-ad9bd4ce3778,56d3a1d2-994b-48e5-b9f4-58b59dff3117,df346b35-3be8-4c2b-9797-902beb40e460
dfcb7dba-7f8f-49b5-b9d9-868b3ffbd2a6,fd1bc25d-7aa2-47ae-8f9b-d57145888ed1,79fb11ff-5fbb-4d14-970b-4153b657e8ab
74ce3ece-87c7-4041-89b1-9e6665bdf998,c4a8d70e-0d23-4f80-b7a8-deb3e99dfa31,8569c219-d6b7-4973-a3ef-c282a61e30bb
109e63a0-aa34-4e53-8902-a831e3001888,965cd724-5ae4-4b4a-9228-4a967ebc7585,516f5eca-6ee3-4688-ae0b-a1e599981009
6bd3a952-727f-45e8-a954-cf513a88b736,1dc04a9f-206c-465f-9008-79f7cb59c9e1,00d035ee-4aeb-488a-97f6-d214b467c77e
f1e63856-6f0a-43ba-9408-03f5a3d9c555,3be43ec2-01bd-49fd-843a-a2c4b7882531,99fa9bcd-8b80-4913-8e2d-1709c78b83cc
5e9be2e5-c391-4d6e-b933-015918b39fc3,0c063031-c545-4480-8faf-772f5a2f5aee,df346b35-3be8-4c2b-9797-902beb40e460
bf408e87-c028-4f76-b15d-a361e9d9d108,a833d479-3770-4ad7-b2cd-2a0de0c21427,79fb11ff-5fbb-4d14-970b-4153b657e8ab
48c25f3d-d83b-4a55-924f-27367e61a684,cf4bf744-fec6-4ad5-a7e4-aeac74e32fa4,8569c219-d6b7-4973-a3ef-c282a61e30bb
6eea7c28-5bb7-4c34-9393-2941ef57f6fe,cbda3c21-623c-4892-806e-041dba736cd0,8569c219-d6b7-4973-a3ef-c282a61e30bb
5ed77697-54e7-43b0-be69-cd9837ee379c,e31e847a-28ce-438f-b63e-5f10e16dcfec,ac8dee3a-6f9c-485a-b3e8-4b5bfa4efa27
9a541166-5b5b-4ef5-86b5-df8250ce54dd,a5bd2503-b4a9-47ce-9c01-c805065e2a10,8569c219-d6b7-4973-a3ef-c282a61e30bb
82785449-e9f1-42fd-9ddc-970888e7f477,ea74efc0-428f-4ce4-8f45-4af23395e920,516f5eca-6ee3-4688-ae0b-a1e599981009
c07b0dd3-c3bf-44d9-b78a-5f80d5953ec8,554ee134-8a37-47f4-8b93-ff224d898f4e,79fb11ff-5fbb-4d14-970b-4153b657e8ab
ea42673f-7d87-4364-8550-048deed21363,99e6f062-07df-4752-bdac-2fc92459340d,516f5eca-6ee3-4688-ae0b-a1e599981009
ed6c457d-fd66-49db-bd60-df972e5175bf,7e993612-385b-43cc-a61d-9ecda37619c4,ff06c9f1-e62c-423b-a8c6-bddea496dd00
c0bca9b7-72c6-4339-9297-9d8dff0ac82a,e8bf062c-2484-44ed-ba13-8b328fc84cd6,79fb11ff-5fbb-4d14-970b-4153b657e8ab
37f6fe07-c513-47fe-a4a9-2e22f1b62370,54e64f7b-55e0-4def-a5d2-71c0fe1ce4ad,99fa9bcd-8b80-4913-8e2d-1709c78b83cc
c6250481-6f78-4e67-88a8-8f9b51e1975b,085be69d-63b1-4b27-a3ac-56c541c62371,516f5eca-6ee3-4688-ae0b-a1e599981009
204a5e92-2a56-471a-a960-609d8ad2e8f1,0369258e-3989-4e78-a33a-279dfc899320,bc93d7bf-1afa-44cb-96ed-e70407f0e4d3
dcd291c2-4e94-4866-9356-f2abf556b370,926ec565-f2ae-4f19-82bc-28d9c6dbd239,ff06c9f1-e62c-423b-a8c6-bddea496dd00
4be9cb1e-c990-44f1-aeda-ef60d13beaae,84f2c2cb-4c3d-4456-a8c9-ed4938c07e96,ac8dee3a-6f9c-485a-b3e8-4b5bfa4efa27
24a1e386-e185-43af-9299-dd9b17677489,52ad918f-3dc5-416a-8835-f16300d3a1b8,ac8dee3a-6f9c-485a-b3e8-4b5bfa4efa27
c6fb16b3-42fc-4c81-b17f-2648e0af95a8,3c64af15-b8b0-40f6-8640-7f0c431c9e5e,00d035ee-4aeb-488a-97f6-d214b467c77e
9102b6bf-f2fe-424f-b600-20ac0dc2b1bc,4b7dd4c6-b7e1-4957-8e87-0cb9767bc491,516f5eca-6ee3-4688-ae0b-a1e599981009
11ca451c-85c5-4674-807e-99022c16c78b,1e89dbb9-be96-4a0d-87b2-aa9de287240e,ff06c9f1-e62c-423b-a8c6-bddea496dd00
abdb315a-99bb-461c-acc8-2ad2256829b6,979abc6f-7168-426d-810b-190bc34824f1,8569c219-d6b7-4973-a3ef-c282a61e30bb
ebb3adc7-4678-41f0-90e3-6571fa08753e,f57b0992-a992-4e42-ac43-2a020c35db2c,516f5eca-6ee3-4688-ae0b-a1e599981009
5a27d4f1-92c4-489c-82bb-157f96b61d9b,20362d10-315c-4eca-9d2c-12b718783102,8569c219-d6b7-4973-a3ef-c282a61e30bb
8d790a7f-d984-44c0-8b7e-eda5439cd8e1,7f523488-7db0-4151-8283-24bf9119e218,00d035ee-4aeb-488a-97f6-d214b467c77e
bd6ebc48-2005-4dd5-bd6c-1d208adf2142,84752832-bc42-4247-83d4-cb94e8f92dcd,ac8dee3a-6f9c-485a-b3e8-4b5bfa4efa27
f4b3fb72-5f12-4e68-ba1d-59a1b19439fb,7ee8c45c-5e7b-43f0-81f1-b62d055c5245,99fa9bcd-8b80-4913-8e2d-1709c78b83cc
9192974d-48e6-4efb-ba69-0b4b8745ae45,4eaaf9a4-bf8c-4ede-8104-cad41291bab0,516f5eca-6ee3-4688-ae0b-a1e599981009
6bcd73aa-4c60-42ee-a26a-06c413d16c1b,231b5c29-a6bb-46e7-9c04-0d901686e17b,ac8dee3a-6f9c-485a-b3e8-4b5bfa4efa27
70e4a1f6-cda1-4e0c-a32c-91f37bba5596,fa4e5fe1-6854-4943-ba47-f2c631708042,8569c219-d6b7-4973-a3ef-c282a61e30bb
cc71c3ee-6690-448b-a3f2-8d3dd73fd4d9,708b3491-5e42-49ca-809c-0812c0a0bffc,ac8dee3a-6f9c-485a-b3e8-4b5bfa4efa27
195d7538-0e60-4919-bfb3-aee57f818047,a76ce94d-b598-4c05-87ae-870e56e9dcb7,99fa9bcd-8b80-4913-8e2d-1709c78b83cc
a93e0fc0-6f03-48e3-a387-ac6ce9e4cb5c,465756df-af23-4e93-99c4-889b7f444fee,516f5eca-6ee3-4688-ae0b-a1e599981009
3948a59a-5c5c-42df-b39e-8617a87c7fb0,a0c2afa1-3d37-47b9-b997-619b0e8df8b4,99fa9bcd-8b80-4913-8e2d-1709c78b83cc
440626a7-3eb8-4f0b-809b-344c85f793d5,e61a0147-b279-421b-8779-9f8ed6400a28,516f5eca-6ee3-4688-ae0b-a1e599981009
e3285ce5-30bb-4215-9ae7-6d8f390e6b04,269517a0-4b3f-4507-8742-dc531017443e,516f5eca-6ee3-4688-ae0b-a1e599981009
e317d340-9903-46a6-aa9f-cad090957f7f,c8208eaa-08c4-4212-8ddf-146e9940f082,8569c219-d6b7-4973-a3ef-c282a61e30bb
827ebab8-8a6d-4192-86d7-3b26684d8505,c0569cae-65dd-47ca-9df4-56e445ba7bb7,ac8dee3a-6f9c-485a-b3e8-4b5bfa4efa27
cb8e660a-d41f-4ab1-b123-348ae3ab3cdd,6b7e8698-f44c-4c39-9392-77a56b1097b3,df346b35-3be8-4c2b-9797-902beb40e460
0ff19746-6796-4ff6-9dbd-f05980822c9a,be25fb8f-cf65-438f-8071-f9da5c61bc53,99fa9bcd-8b80-4913-8e2d-1709c78b83cc
c303f476-0c1d-4713-b42c-04320c1b2a32,edb06c9d-fa8a-4927-a8c7-bc4f6619d681,99fa9bcd-8b80-4913-8e2d-1709c78b83cc
2aa9c58b-cb15-4db1-98a1-fedba0f2bc23,f7958c58-1dcf-47c2-b7b3-5acfb0b6d1ea,ac8dee3a-6f9c-485a-b3e8-4b5bfa4efa27
4184e649-6286-488d-a8d0-13e71c5f58b2,9d307630-1c11-4007-9792-e278f63cabf7,516f5eca-6ee3-4688-ae0b-a1e599981009
0874b890-e10a-407a-ab70-7deb9794c7f6,19c7f726-ccb6-4f6b-881f-fb542b87531f,8569c219-d6b7-4973-a3ef-c282a61e30bb
c9c5c9b8-fb4f-4d37-8c17-27c48e061e75,03e1b9d2-28ce-4b10-9648-fefcd922cec0,99fa9bcd-8b80-4913-8e2d-1709c78b83cc
eaff63cb-0612-4402-8a45-3130832ea610,77d63eb8-c05c-43fe-ab86-f79f6b1d2e1e,79fb11ff-5fbb-4d14-970b-4153b657e8ab
324b8daa-4c85-4072-ba3d-9008e15fb7ea,cf67c6ff-9d0e-4119-bd0d-538c6ebad7e0,516f5eca-6ee3-4688-ae0b-a1e599981009
28c12bf2-78dc-4378-ac0b-c8d922387857,43f8a71d-7f5e-4006-b14a-09488f688ea9,df346b35-3be8-4c2b-9797-902beb40e460
be88454a-24f0-4f6b-9a93-a4dac5a5e9be,c97aa5fe-8690-4e19-8a4d-aaaf3ad85ba9,00d035ee-4aeb-488a-97f6-d214b467c77e
16cb94bb-1fb3-4cd8-b39f-8be1b31cefec,e40a4574-6c6e-488b-a16b-1a1fdeb28a79,00d035ee-4aeb-488a-97f6-d214b467c77e
c1a30b8e-aa20-4880-9e9e-1553409d97e6,6ec224fd-b7f2-454d-8ce4-2e9be3c27c79,ff06c9f1-e62c-423b-a8c6-bddea496dd00
fb27643f-76b6-4bae-b775-e5a66601acdd,29fa974b-0823-494f-9e0a-511cfe140831,00d035ee-4aeb-488a-97f6-d214b467c77e
4637f42c-2009-4cf1-a0c6-b712cae021c7,59ef7636-956d-4f64-8b41-1de6781be056,99fa9bcd-8b80-4913-8e2d-1709c78b83cc
c1e1072d-926c-4e56-b5f7-2136a5b44ffd,545abf38-e632-47b3-84e9-9d2f1bce18d1,bc93d7bf-1afa-44cb-96ed-e70407f0e4d3
fd88951a-9bb9-4d7f-a0ac-8fce375d9a11,8a52f400-c6e1-4d42-a896-97eab36422ba,99fa9bcd-8b80-4913-8e2d-1709c78b83cc
762b3b36-bfa7-4d8b-9637-e699364fb096,941cc0cf-ff80-41dc-ae96-e76864920dea,df346b35-3be8-4c2b-9797-902beb40e460
d54be24d-cfc8-4c29-90bc-8142d252764f,354b85fa-6a15-4bb8-aa56-d1adf5cf4d93,df346b35-3be8-4c2b-9797-902beb40e460
a4cc18d1-1a66-4e88-bbf5-ddf4f2bc525e,ba4c94ad-ccaf-40f9-b36c-b5eb4fe35e21,ac8dee3a-6f9c-485a-b3e8-4b5bfa4efa27
95a1fc60-bfd8-4720-8413-e4d63e95388b,7b1d7721-9dfd-4cac-8437-01a1983ce635,8569c219-d6b7-4973-a3ef-c282a61e30bb
df2dd408-5233-46ec-a3a5-ea411baca919,d136bb4c-441c-4a3c-834c-8713ffe3e623,516f5eca-6ee3-4688-ae0b-a1e599981009
64a9c7b9-ad85-40f2-9ca0-fa00197a6d97,d6b0eb42-1533-4cdb-bce0-dfc982ff7254,ff06c9f1-e62c-423b-a8c6-bddea496dd00
bd9b5f60-4a94-4d14-a565-9d1aa89105d2,62076f0c-7f6d-496d-a0a7-829d5187fb7e,79fb11ff-5fbb-4d14-970b-4153b657e8ab
61a33839-8344-4a81-96b1-8fd0ce0fa277,ae507c98-ce4b-4a83-b9a0-c6bbcff9bd2e,8569c219-d6b7-4973-a3ef-c282a61e30bb
c3bb22d4-18b4-42e0-b864-43d5a9a106dd,a46d0eae-728b-4152-a9ab-36a2e430c555,bc93d7bf-1afa-44cb-96ed-e70407f0e4d3
da9f505d-cf00-49f3-8164-b3bcea62c9e8,828e1403-be48-42c5-b72c-c1e79b926ff6,99fa9bcd-8b80-4913-8e2d-1709c78b83cc
6e4d3c2d-73b9-42e2-9fb7-404143f8dd48,a1e81f44-4e35-4d36-8ed8-3009a881ba31,df346b35-3be8-4c2b-9797-902beb40e460
989e11af-1a01-4f70-939a-96acc4126dd6,bfbfb7e6-38c4-4630-a9df-62836476f4d7,ac8dee3a-6f9c-485a-b3e8-4b5bfa4efa27
d4c755ed-5e86-4a80-af70-721b40c7980b,e0c49d2d-a00c-4ace-825a-9432818ecad5,ac8dee3a-6f9c-485a-b3e8-4b5bfa4efa27
d2772a9f-8b2b-46a8-acfd-7bb68e775d61,439d7509-f43f-4570-a869-1713af4a1d3e,516f5eca-6ee3-4688-ae0b-a1e599981009
e93e8fc2-1a6b-4ca3-bda7-60e032c45486,085be69d-63b1-4b27-a3ac-56c541c62371,df346b35-3be8-4c2b-9797-902beb40e460
343d29db-2bd5-43bf-8863-b9cb005a8611,9c38bbe8-ff4c-4cda-9972-a42844581582,516f5eca-6ee3-4688-ae0b-a1e599981009
d516162c-d6ea-4207-99c8-e8554748e8a4,16f186f2-b422-4fb7-8489-61046d9f1c4d,ff06c9f1-e62c-423b-a8c6-bddea496dd00
6fe8c71a-14e5-476e-be09-933be4579f2d,0869ec7f-a679-4d67-bf50-b529e0e7a5ec,516f5eca-6ee3-4688-ae0b-a1e599981009
4144edcc-e886-43e4-94af-55be5c1d4092,cf5d532b-177e-4aa4-9a3d-c8180c6e65a7,79fb11ff-5fbb-4d14-970b-4153b657e8ab
76c73670-77fa-4ad3-aa20-20b43321d6e9,a295c8ea-4307-4e3a-a325-fdb36f37c0ad,ff06c9f1-e62c-423b-a8c6-bddea496dd00
3f024067-a649-4934-91cc-76bb46b4bbf1,a3102072-da83-4267-8b38-a27eeee145b7,8569c219-d6b7-4973-a3ef-c282a61e30bb
4be3333c-3d96-4b35-bdf8-1836f80baf5a,70685cec-efcf-4e5d-9e9f-3860f69cd25f,516f5eca-6ee3-4688-ae0b-a1e599981009
e0559c73-8736-4414-a370-87683654de30,5934738b-9fb9-4d4f-bc2f-bff87156c77e,bc93d7bf-1afa-44cb-96ed-e70407f0e4d3
bdc87336-2f4a-42de-9847-1dcf012d1b82,f5f5fa81-4913-458d-99a6-0eec5f6f6f2b,516f5eca-6ee3-4688-ae0b-a1e599981009
dab6f365-0be3-4024-862c-0a985f02eb1a,28168407-1543-4208-aaad-7d76e8fc76fd,df346b35-3be8-4c2b-9797-902beb40e460
f3393ce4-4e72-4354-959c-d5853e956c4c,6444a8b7-d8ae-4c6f-a57d-5a407b6613d8,79fb11ff-5fbb-4d14-970b-4153b657e8ab
b8414114-5dfb-4b8d-8b9c-f87c7d10cd97,15b3e2ce-9517-4110-a466-08ceb4af107b,99fa9bcd-8b80-4913-8e2d-1709c78b83cc
8eff9675-69fa-4792-9aa3-8cef0d8d38eb,6efba15b-e9a5-4eb5-8a61-6a6ab5fac0be,516f5eca-6ee3-4688-ae0b-a1e599981009
7ebaee08-8ba4-4068-b77f-288032c93707,8246cd7e-3ba0-4cec-8895-d7223e449358,00d035ee-4aeb-488a-97f6-d214b467c77e
c190ee4d-ee1e-439a-9afd-e1b08d95e1ad,3739bd1d-4914-4181-a05c-c64bdf929b34,ff06c9f1-e62c-423b-a8c6-bddea496dd00
2a8bcea6-5954-4920-9cfc-ea6704546ff1,5fc767a0-8043-435d-aed9-b91b77098fe5,8569c219-d6b7-4973-a3ef-c282a61e30bb
4fe94c8b-806e-412c-a700-adc7cef1759c,6a2d1eba-15b6-44de-af86-63954258f989,df346b35-3be8-4c2b-9797-902beb40e460
bad7ccb9-c8fa-48d6-8e24-bd3953ba13fe,20362d10-315c-4eca-9d2c-12b718783102,516f5eca-6ee3-4688-ae0b-a1e599981009
12bb4795-7654-4a55-bc4f-d7f2288fc1a6,85d10f23-ce4f-445f-80c8-0eefa814e37e,516f5eca-6ee3-4688-ae0b-a1e599981009
10917463-2a97-4968-8e8f-8498496f5a42,306f37a2-edf9-4dec-a83c-874358abb5ce,df346b35-3be8-4c2b-9797-902beb40e460
9b550bb4-956f-4898-b82f-b5874eee9826,33c323e1-617b-45de-867b-c95dba8e373b,00d035ee-4aeb-488a-97f6-d214b467c77e
5176cc25-da99-4122-baf9-da5e0494c7c3,b9d76e7c-03cb-4fcd-a0fd-01052c5725f9,bc93d7bf-1afa-44cb-96ed-e70407f0e4d3
86b2bdea-1dc2-4576-b5be-d32b4d60aac0,92dd92b2-2f33-475c-b870-8527f585a72d,df346b35-3be8-4c2b-9797-902beb40e460
45efd10e-91e3-44cb-924e-0b99e00ea193,74b11725-53f5-4183-ad40-852e0c86c1a6,bc93d7bf-1afa-44cb-96ed-e70407f0e4d3
38fbe8eb-b45d-400e-baa1-86f580c6754e,1d688eba-08ac-4a5c-b201-4af2e2f5ebd5,ff06c9f1-e62c-423b-a8c6-bddea496dd00
8104e8bd-d3ac-45ef-9e90-2d16255b1d52,c4a8d70e-0d23-4f80-b7a8-deb3e99dfa31,99fa9bcd-8b80-4913-8e2d-1709c78b83cc
883766b7-695c-468d-b5bc-3632582cf6b1,d8e553a9-653a-41e6-ab45-d927f217f363,bc93d7bf-1afa-44cb-96ed-e70407f0e4d3
c0e30618-12d6-4003-9409-3d940f7f20e4,47e690d9-04e0-42a4-ae62-1a5a841eac9c,516f5eca-6ee3-4688-ae0b-a1e599981009
0ce97a72-7f10-495f-a93e-609b49b62d79,e31e847a-28ce-438f-b63e-5f10e16dcfec,516f5eca-6ee3-4688-ae0b-a1e599981009
f389639c-f7f6-44a2-b894-6a6898132466,edb06c9d-fa8a-4927-a8c7-bc4f6619d681,516f5eca-6ee3-4688-ae0b-a1e599981009
e314a708-61b8-40c1-b7d6-0a08decaa714,c97aa5fe-8690-4e19-8a4d-aaaf3ad85ba9,516f5eca-6ee3-4688-ae0b-a1e599981009
a584675b-65c7-40c4-a9d6-b458e53bfa2e,1ed8f2f8-0fb6-428b-8cdf-0478d036cd19,ac8dee3a-6f9c-485a-b3e8-4b5bfa4efa27
170fd200-1452-48ad-9cad-23759ed02981,ee5672a0-af72-48c7-abcc-a493d1736b8a,df346b35-3be8-4c2b-9797-902beb40e460
6628e9bf-7a39-4614-8e57-ac36496f7e28,7eaaa7b4-deed-46b8-af24-6d86da873a9b,79fb11ff-5fbb-4d14-970b-4153b657e8ab
8e146ae9-f0e4-4cb6-89e7-0116729ec676,e1a8ac87-a81b-4a95-8d3a-e75c9453d71b,ff06c9f1-e62c-423b-a8c6-bddea496dd00
c256be7e-80a3-4850-bd18-81e73cf18edd,d608f198-9223-400a-8358-e5d4de48217c,00d035ee-4aeb-488a-97f6-d214b467c77e
1ca54e46-f487-4aac-8145-6daefc4310f4,543e8605-51ad-44f7-a899-f26a5a7a671b,79fb11ff-5fbb-4d14-970b-4153b657e8ab
6f9736d7-a289-46c1-be3d-86081b3b1127,f614bb3f-6445-4648-9725-1f69bb598998,99fa9bcd-8b80-4913-8e2d-1709c78b83cc
34baa30d-ab0c-48e5-9a60-c1fe824e3e85,7a65b624-b253-4a73-8138-c899e7b2840e,516f5eca-6ee3-4688-ae0b-a1e599981009
99075f04-f962-4aab-9c9c-4747cf96dd9c,fd1bc25d-7aa2-47ae-8f9b-d57145888ed1,df346b35-3be8-4c2b-9797-902beb40e460
10b8e330-2f7a-4677-8af2-e7ffd8991687,0f91b855-effe-4be4-9b58-dd5c39b1a3e6,99fa9bcd-8b80-4913-8e2d-1709c78b83cc
36e40823-5304-40f5-9eab-22c278dae014,a1dbf32c-c8e8-4235-936f-680d90fce07b,79fb11ff-5fbb-4d14-970b-4153b657e8ab
13cc5719-3874-4f9a-8ad7-92e21f176861,f4d9fc4d-ffc2-4227-a64d-e626b1ae70ea,df346b35-3be8-4c2b-9797-902beb40e460
fb5c294a-c1bf-459f-9304-af808b642575,d817f03e-6487-4d69-ae25-caf9393b1bb5,79fb11ff-5fbb-4d14-970b-4153b657e8ab
380eb1b9-b4be-4498-bea2-9bbe76468aaf,e13a51d8-304b-456b-90e3-87df2cd61ab0,516f5eca-6ee3-4688-ae0b-a1e599981009
e8a8b753-e670-4f79-8c4f-79638ffbc317,e89b4b54-133c-4601-99f3-e9450524d2f5,99fa9bcd-8b80-4913-8e2d-1709c78b83cc
8a0da1de-bf84-4f09-af96-7183beace1cd,2d05871e-9e3a-4f26-8eca-ec49aa7f8a2d,99fa9bcd-8b80-4913-8e2d-1709c78b83cc
b4884f2d-5936-45f2-a162-6d32fa9723c9,e186df73-2b0a-4437-8d97-4c6c0c9ff7e0,ac8dee3a-6f9c-485a-b3e8-4b5bfa4efa27
50e1a6c3-0a45-4d7a-9eaa-23cf5066fe7e,6efba15b-e9a5-4eb5-8a61-6a6ab5fac0be,99fa9bcd-8b80-4913-8e2d-1709c78b83cc
c200152b-f4ce-401b-9b0a-62c1ef65d7fb,1076d597-c12f-40d4-9f52-ba01dd686ea9,99fa9bcd-8b80-4913-8e2d-1709c78b83cc
337aa11f-2b2c-484a-9eaf-00f5679f0940,fc52abc3-cd83-4466-b36c-dfc79d26d1fb,df346b35-3be8-4c2b-9797-902beb40e460
f04d691a-36da-4dc2-a02e-e4536d9c619e,d7e312ed-6901-46e5-83c9-0fe149381325,79fb11ff-5fbb-4d14-970b-4153b657e8ab
95a1dae1-deb2-4735-903e-431eb41140bd,b462cd3e-aae4-40f7-82ed-999504db24df,ff06c9f1-e62c-423b-a8c6-bddea496dd00
11b31c75-c943-4b5c-9976-101b252eb2fd,fa4e5fe1-6854-4943-ba47-f2c631708042,df346b35-3be8-4c2b-9797-902beb40e460
51e191a7-6192-4c74-ba60-e4fe46d86aef,5ac4f3cf-5459-4fe2-8288-b7acae15cf3f,00d035ee-4aeb-488a-97f6-d214b467c77e
707d5e2f-943f-4703-b49c-67e9d6424dcd,04369ff7-e297-468c-a57e-2c094f32c5c3,79fb11ff-5fbb-4d14-970b-4153b657e8ab
b93410e6-86c9-4287-b7fe-2bbffbf04aa8,e0c49d2d-a00c-4ace-825a-9432818ecad5,516f5eca-6ee3-4688-ae0b-a1e599981009
0559f217-3324-4544-83e6-e547975ed194,8eaf00de-9a58-41db-9722-1b014a7a4223,00d035ee-4aeb-488a-97f6-d214b467c77e
47f8c7b5-3831-4145-a50b-5377858225dd,feaa2568-4f13-4727-9af7-03a9fa619b88,df346b35-3be8-4c2b-9797-902beb40e460
c96a154e-beca-437a-90be-1e9bd865ff24,5f61d1e9-61fd-49dd-8b02-3bc750105145,bc93d7bf-1afa-44cb-96ed-e70407f0e4d3
de34c663-fbda-4d3d-8d4d-ba945686631d,ae96c0bd-d6a3-4d27-bc49-b062b133ab83,00d035ee-4aeb-488a-97f6-d214b467c77e
8015fdce-d503-4b8a-b8a2-4169c50fa1f3,3e7e92b1-c41f-4ada-86a1-0295bd1f598f,516f5eca-6ee3-4688-ae0b-a1e599981009
500c6a5a-83ad-43a1-b191-d155723f30bd,d3ec9932-f403-469b-a134-cecb0a3c7e8f,8569c219-d6b7-4973-a3ef-c282a61e30bb
415aaeca-d486-4256-abc4-875276850cde,48d0b628-01fb-4ae3-93a9-f9add0341a81,79fb11ff-5fbb-4d14-970b-4153b657e8ab
8d5bcec5-a8ea-46c8-9f1c-3ec596ed8a4c,5e9d380f-2a2e-44ac-8579-f3e0a18e7ffd,bc93d7bf-1afa-44cb-96ed-e70407f0e4d3
a0d23aa1-e82f-4f56-b7a2-1fa20cd933dd,b5e5c2bb-2448-42bc-8209-1eb88747cd56,df346b35-3be8-4c2b-9797-902beb40e460
caf38dfc-16d4-4aac-9b8e-ff7609a4ca39,2dec1c59-47a3-47ff-8f7f-eb3d437b98a5,8569c219-d6b7-4973-a3ef-c282a61e30bb
470cadb8-9811-4143-bc76-3067a25875ec,1b6edafa-905d-4120-8e43-daae6be268fd,516f5eca-6ee3-4688-ae0b-a1e599981009
e8fd6c7c-8998-4b4e-b2a2-ab1c1a3e67f5,22618bff-4c07-4bbd-b6e0-ee3aa2f618d3,99fa9bcd-8b80-4913-8e2d-1709c78b83cc
16d00e48-8b77-4131-a015-ecfc3520102d,b462cd3e-aae4-40f7-82ed-999504db24df,79fb11ff-5fbb-4d14-970b-4153b657e8ab
5e4a9cf8-ad70-47ee-b8a3-1f8922329c2f,31f3f9cd-8215-4a4c-83f6-38c689c0ff22,79fb11ff-5fbb-4d14-970b-4153b657e8ab
77e6d3c8-a052-4af2-8219-5d355c3c34c4,4ae7d2e2-c717-4b1c-9609-092d157796d9,00d035ee-4aeb-488a-97f6-d214b467c77e
977eba92-9ea0-4ef8-9326-2f23bdf1688d,6e011de0-fb82-4272-9d27-4261c29f04fc,8569c219-d6b7-4973-a3ef-c282a61e30bb
07b4f197-d02c-45cf-88e1-7ce6868a36af,319ccb32-8e93-43d4-98e5-6e16be19d5c2,79fb11ff-5fbb-4d14-970b-4153b657e8ab
aa396b2a-abea-4a5c-a675-69f52b6191c9,e2eb0bff-850a-4cd4-a6a5-0ab9d27df247,99fa9bcd-8b80-4913-8e2d-1709c78b83cc
c2c15bb7-794f-4a0e-ba2c-883307c63d93,85d10f23-ce4f-445f-80c8-0eefa814e37e,516f5eca-6ee3-4688-ae0b-a1e599981009
c7883e6c-8b49-48ed-b634-42dfb089ff37,e0784209-9311-4b72-8a7e-8e5368af664e,ac8dee3a-6f9c-485a-b3e8-4b5bfa4efa27
f8fedf76-1abd-41a6-a2cc-b7170ad8356f,30fb7f51-0fb5-45c7-a597-8d5fcdf3fdb1,516f5eca-6ee3-4688-ae0b-a1e599981009
9320af5d-84c2-4466-b735-62493b291f1f,371ef70b-0b0a-4062-b046-eef615a576d9,8569c219-d6b7-4973-a3ef-c282a61e30bb
efd5e2b2-86b8-4c04-937d-5dc64702f7ea,cde1eb37-d108-4fdf-adb1-4e7b09a1ec71,79fb11ff-5fbb-4d14-970b-4153b657e8ab
2cd7bcf3-e6e3-4fbb-9695-0a9947314632,f7958c58-1dcf-47c2-b7b3-5acfb0b6d1ea,516f5eca-6ee3-4688-ae0b-a1e599981009
63e483d5-09a1-4c63-856b-8103d3b35b50,4d629186-873d-44a9-ae6b-ec80704ea7ea,df346b35-3be8-4c2b-9797-902beb40e460
9c2a2c01-d5da-4972-93a3-93621c209142,50dcea5a-f384-4c67-8faa-9d0db886a85f,bc93d7bf-1afa-44cb-96ed-e70407f0e4d3
cafb7d82-45c3-4750-8919-836528fbe547,884020ef-1e48-4d8d-9b7b-877a3e869cac,8569c219-d6b7-4973-a3ef-c282a61e30bb
50e88b71-7b48-4002-b982-010d6138923c,4e6ccefe-e044-46ae-af48-7abaca4e0609,516f5eca-6ee3-4688-ae0b-a1e599981009
fffaf9b2-972f-41ce-8646-28a93eb48535,a3102072-da83-4267-8b38-a27eeee145b7,bc93d7bf-1afa-44cb-96ed-e70407f0e4d3
3478c140-a6ec-49d4-910a-f6ccc6e78853,18c9d837-cf2e-4ed2-9782-8e1d6795f2c1,bc93d7bf-1afa-44cb-96ed-e70407f0e4d3
e614ef49-79d9-420e-8011-eb586c00441b,7b1d7721-9dfd-4cac-8437-01a1983ce635,8569c219-d6b7-4973-a3ef-c282a61e30bb
0b58c93e-a1d3-4bc8-a728-4ee7db07739b,1b522ea9-ce7b-418e-b487-1e724530699d,516f5eca-6ee3-4688-ae0b-a1e599981009
bd7c5996-ea9e-48c1-b7a3-b90a306f0515,cb326d20-5468-4786-8cb3-ae8b627af901,516f5eca-6ee3-4688-ae0b-a1e599981009
3e3e6ca1-e82b-4e3f-9fd5-7f662a12c396,3e087d5c-bd79-44ab-8809-35184fcfcbf1,00d035ee-4aeb-488a-97f6-d214b467c77e
2c26ab15-2b6c-44d5-891c-918b533117aa,e186df73-2b0a-4437-8d97-4c6c0c9ff7e0,99fa9bcd-8b80-4913-8e2d-1709c78b83cc
aabd7f82-b6fa-4416-9b68-289aad6b2db0,cf67c6ff-9d0e-4119-bd0d-538c6ebad7e0,99fa9bcd-8b80-4913-8e2d-1709c78b83cc
776c9b71-3a60-46e5-8efc-b897b6e53fe7,14fda15f-48a9-4567-afb2-69fa655725d2,00d035ee-4aeb-488a-97f6-d214b467c77e
39437066-7979-460f-b262-8e2880616575,1b303980-edc4-43b5-8910-8a5271d16329,ac8dee3a-6f9c-485a-b3e8-4b5bfa4efa27
581641e4-1ab1-401a-aa87-d1f2ee9c7118,9fa20147-fe6a-4bf4-9732-0aa1057e54a8,99fa9bcd-8b80-4913-8e2d-1709c78b83cc
160a69a6-57e2-4f20-8a31-2a2883bc82a6,bca96e54-a8ff-4753-a2ff-0b2f4e610ecb,516f5eca-6ee3-4688-ae0b-a1e599981009
5c556863-3951-4e8c-8a40-1deea58d741f,983a3878-1936-48e5-98f0-090f6eb8fabd,8569c219-d6b7-4973-a3ef-c282a61e30bb
686e1fc7-affc-4a61-8cb5-70b07fa1cd01,67d26c3d-fa47-4b17-993d-3021eafa5ba4,99fa9bcd-8b80-4913-8e2d-1709c78b83cc
c6dbab54-1df8-4aba-90c1-8aba5425deca,fec7c516-c8cf-4d78-99a2-cfeb554f4d5b,00d035ee-4aeb-488a-97f6-d214b467c77e
c4c36f44-3a06-4490-a2d5-98fb90a51e72,1d89a1ab-fefc-44c2-959f-05b0b9583052,df346b35-3be8-4c2b-9797-902beb40e460
9ff34ac1-0c3a-4c51-a30c-ddc4f4be8090,7af7131e-edea-4f0e-9478-32223924510a,00d035ee-4aeb-488a-97f6-d214b467c77e
40748198-ec99-4461-9a20-f2636e248fc4,360c77a0-ca0d-48a9-baf7-ba4eec418433,516f5eca-6ee3-4688-ae0b-a1e599981009
39197213-1549-4f4e-87c2-d9a5346a879b,543e8605-51ad-44f7-a899-f26a5a7a671b,516f5eca-6ee3-4688-ae0b-a1e599981009
1f311a06-de26-42ca-875b-69fc3692b14f,1f09f492-988a-4a98-ba1b-6a56b863dcb2,bc93d7bf-1afa-44cb-96ed-e70407f0e4d3
7d770cfe-b70a-4e1e-bff7-a30d066788cb,1f264976-2ed0-4d29-8dda-4ebb477d7bb3,99fa9bcd-8b80-4913-8e2d-1709c78b83cc
52520db9-690f-4805-893c-709f96e431f3,3a3d9cf2-ddff-4631-ad9c-c275672cc1a1,516f5eca-6ee3-4688-ae0b-a1e599981009
e6a97caf-7054-4886-8998-c2fe2a85c4cd,3b2a06a2-0f92-4c1a-a9d7-b7325c86585d,bc93d7bf-1afa-44cb-96ed-e70407f0e4d3
12496ecd-70fd-47e7-bcb0-87de0be0a096,9d007a45-49ee-4c3c-9dfd-4e41c7900bde,8569c219-d6b7-4973-a3ef-c282a61e30bb
a0461476-636f-44e9-b57c-45a234ecb02f,fd91b2f5-8746-42d2-ab86-16f614dc22ad,df346b35-3be8-4c2b-9797-902beb40e460
55d4e420-ec6e-4442-b580-c48bcb819439,95258e80-5516-4248-a2d8-58540bb00f3e,8569c219-d6b7-4973-a3ef-c282a61e30bb
af86d18f-e85a-482e-94fc-65121c206c81,76ef07c4-5dd8-4975-904a-6c10d2d5739b,516f5eca-6ee3-4688-ae0b-a1e599981009
90a83b5c-2f15-45a5-b778-95b10baf6d7c,9873f073-e8d9-415e-af74-f0cc8ab3fd10,79fb11ff-5fbb-4d14-970b-4153b657e8ab
b78196cd-3a9d-436d-bb47-52e095919581,933b81b4-829d-4ad5-88ac-222492b55155,99fa9bcd-8b80-4913-8e2d-1709c78b83cc
74aecbd9-8482-4f4a-8162-aa85ef592a75,74b11725-53f5-4183-ad40-852e0c86c1a6,ac8dee3a-6f9c-485a-b3e8-4b5bfa4efa27
ffbf3a6f-2313-4fd2-8865-be60e8b03411,80ad9207-ad42-4991-927d-15d36da92a05,ac8dee3a-6f9c-485a-b3e8-4b5bfa4efa27
9278692b-c294-425d-a039-1993f0386b14,c426ca99-65bd-4600-9f56-726efbffb33e,bc93d7bf-1afa-44cb-96ed-e70407f0e4d3
392a721f-c960-4657-9e7c-c0ff8ba067f6,8bb90b88-c005-4908-9c36-b74f05d057b1,ff06c9f1-e62c-423b-a8c6-bddea496dd00
466e43bd-7339-4008-aba7-085cbe4bcde8,99e6f062-07df-4752-bdac-2fc92459340d,8569c219-d6b7-4973-a3ef-c282a61e30bb
91c38fb4-e540-487b-99ae-079fa8ebbc47,e2a5ea87-821e-45c4-aca9-7550a91f8b0c,79fb11ff-5fbb-4d14-970b-4153b657e8ab
2b90be40-9537-45d5-af33-3134563fe725,24ee67c9-5710-46c7-9d28-e538674d6c10,8569c219-d6b7-4973-a3ef-c282a61e30bb
e8c82f3c-d5a1-4a28-be04-8f862ab06bc0,cc8b3513-de7a-4cdd-a667-46c0e42fca22,00d035ee-4aeb-488a-97f6-d214b467c77e
f4a2255b-55ad-4008-b143-d8db0cb0e102,67dfa2af-9727-474d-bcba-e387b524a7ea,8569c219-d6b7-4973-a3ef-c282a61e30bb
245d1bcd-cbda-4546-bc43-c86f494015fb,50f15737-31f5-4fdb-802b-5f216b3f2519,516f5eca-6ee3-4688-ae0b-a1e599981009
21ab2d1c-f0de-46d8-b6d8-93aa92b503d1,a51179db-cc4b-4db9-9f7c-5c30d14ee7bd,99fa9bcd-8b80-4913-8e2d-1709c78b83cc
930ecefe-3c0f-4c58-9630-92486a0ceca6,02e50afe-9737-44f8-abb8-c7b08bd3b414,516f5eca-6ee3-4688-ae0b-a1e599981009
235d3340-9e82-41b3-ad18-8034aec91e46,6bd7f1ad-edbc-45a8-ab3f-148cd67b0d80,ac8dee3a-6f9c-485a-b3e8-4b5bfa4efa27
a0d5b59b-2757-4a70-b164-5baea9c985ed,a1b3e731-f77a-4518-a83d-b80b43b6b0af,8569c219-d6b7-4973-a3ef-c282a61e30bb
89c3139d-5589-4d05-8a6d-b88bbb1e44db,cb89af5b-78fd-48a1-8f05-84f28de9339d,8569c219-d6b7-4973-a3ef-c282a61e30bb
a39fe0d7-df41-42ef-84a7-a94ff0e9d450,2f31e670-03fb-4893-9d18-225791543ad6,516f5eca-6ee3-4688-ae0b-a1e599981009
e82e049f-1859-4476-b73c-3d7ed2b683bb,d6c1281c-b9b3-41c0-8aa2-9b138ac1eac7,ac8dee3a-6f9c-485a-b3e8-4b5bfa4efa27
bf082043-b408-4fd2-9892-2371373af8a5,4e5347cf-a360-49e4-ad69-6a17bdc5aa65,ff06c9f1-e62c-423b-a8c6-bddea496dd00
a104d829-b7db-4238-b381-dd4f3bc74b4c,c68401b3-00c0-4e41-b938-71d4bd6b8d7f,516f5eca-6ee3-4688-ae0b-a1e599981009
83f412c5-794a-4452-a204-7f7fe67bab21,019b787d-ca8a-415e-b476-943e249b6f04,ac8dee3a-6f9c-485a-b3e8-4b5bfa4efa27
45ce607b-0f6c-4518-93e4-8218a53f7b8e,bee12502-72f9-48da-949b-187908372e9d,bc93d7bf-1afa-44cb-96ed-e70407f0e4d3
d6fd7fa8-c9d7-4839-93ee-5c09cf4293a7,ae73eb60-3c1a-4ed1-93b9-0f0882c537dc,ac8dee3a-6f9c-485a-b3e8-4b5bfa4efa27
3b68d81f-c632-4cba-816f-0cccfe169570,90197448-3463-4b6f-8e1b-cf913a1bb9ed,516f5eca-6ee3-4688-ae0b-a1e599981009
36e3de96-4571-4043-8820-c6a88ac17b92,d13b4709-ea7a-46e8-a9cc-51ab881a9bf7,df346b35-3be8-4c2b-9797-902beb40e460
dbd93205-f275-467a-a34f-f548f5857951,e5693555-18c9-43ff-a294-10d80064abb0,00d035ee-4aeb-488a-97f6-d214b467c77e
1df463bd-f746-4a6d-b112-8880fcb6d821,650f56d3-dfe1-427e-b10d-21d46c263912,99fa9bcd-8b80-4913-8e2d-1709c78b83cc
181dab09-558f-4b2d-a3c5-899521ef3038,f77e1b6b-0f3f-4432-b3e7-60edd354431c,df346b35-3be8-4c2b-9797-902beb40e460
4dc2a930-d1ff-45c3-9f9d-c450c3c890b2,c626602d-16a6-46fe-9c00-12843c83f4ca,8569c219-d6b7-4973-a3ef-c282a61e30bb
6f7af19c-f661-4d70-913e-9d698a8e39b1,47e690d9-04e0-42a4-ae62-1a5a841eac9c,ac8dee3a-6f9c-485a-b3e8-4b5bfa4efa27
e2351e8c-4499-4826-990a-b049ea4544f7,f230b43f-64d6-452b-999a-edbc1dd40269,ac8dee3a-6f9c-485a-b3e8-4b5bfa4efa27
2a5aa043-f9f3-4c19-98b8-9804b11a4fa6,768e8af4-d550-47a1-bfd1-5903eda8e9b0,516f5eca-6ee3-4688-ae0b-a1e599981009
7bacf21c-18e5-4d21-89a9-fb8c62058f15,128841d9-487b-4cf9-9445-c6da4bdeb300,516f5eca-6ee3-4688-ae0b-a1e599981009
dcab886e-5467-4d26-8f15-5fb264a5074f,6b7e8698-f44c-4c39-9392-77a56b1097b3,ff06c9f1-e62c-423b-a8c6-bddea496dd00
6c99a823-26b5-4f17-b98c-c732acebaadf,97dfe802-d79d-4b36-b7e8-100723db7b8e,ff06c9f1-e62c-423b-a8c6-bddea496dd00
e3ae6706-1575-4d6c-8c57-a8ef6747fb7d,8a80c555-0a77-4966-a413-97ab6940bf86,df346b35-3be8-4c2b-9797-902beb40e460
ae9ccf19-bc30-4846-bd8b-0fba224919f0,04369ff7-e297-468c-a57e-2c094f32c5c3,8569c219-d6b7-4973-a3ef-c282a61e30bb
71dc9334-e34b-43ba-881b-c2d424e08370,1361026a-fa82-4ea1-8abf-770203696361,516f5eca-6ee3-4688-ae0b-a1e599981009
b817726a-5141-4cbf-8273-05b0b2ea3b3b,03c29ffb-85b7-4a35-91cd-78c81be5ff2b,bc93d7bf-1afa-44cb-96ed-e70407f0e4d3
259053b3-27c8-4c95-8b98-37a18cf9778a,d62b70c7-9f2b-486e-bfe3-7f6074f43736,df346b35-3be8-4c2b-9797-902beb40e460
35c89d0c-7d57-4256-b4fd-748698f03be1,4787b20d-7d92-4c61-be91-6dc7bc2312c5,516f5eca-6ee3-4688-ae0b-a1e599981009
6ce23e97-791a-44f6-8196-d06b98d3cdbf,505dc766-01f5-46b7-8c06-858be6c94ad2,99fa9bcd-8b80-4913-8e2d-1709c78b83cc
e3a6c30a-f0dc-49fd-943d-eb673fe470c1,9175a864-6ceb-4c6e-8e6d-7ac8dd244d3e,df346b35-3be8-4c2b-9797-902beb40e460
ede88277-6e93-4323-843e-525da6ff515e,8bd4de47-6f1d-4760-a750-6ad256cda3d1,df346b35-3be8-4c2b-9797-902beb40e460
15cda246-591f-4681-b852-a163fbd17f65,70295a89-b719-42e2-99aa-55895143f43d,df346b35-3be8-4c2b-9797-902beb40e460
5310c2dc-12b7-4093-88cf-35c67cd846de,18ca00dc-6727-4991-85a4-8dc00d1883b1,79fb11ff-5fbb-4d14-970b-4153b657e8ab
eebb998f-a83f-4015-803e-22e6248fbb5b,c0e9a9f9-9edc-4efb-98cd-2749b32ca0c8,8569c219-d6b7-4973-a3ef-c282a61e30bb
4ca9321d-6b03-4ef9-a560-a408a6a08598,c73f9672-8154-4b98-8dee-46d4dfa73ba2,df346b35-3be8-4c2b-9797-902beb40e460
8033e02d-7253-47d4-8de6-10a2fe377735,c8208eaa-08c4-4212-8ddf-146e9940f082,df346b35-3be8-4c2b-9797-902beb40e460
2c30a986-2e47-4432-b217-a0c6145a4d3f,8471942c-be95-4896-9435-ef979c3d68ff,516f5eca-6ee3-4688-ae0b-a1e599981009
a09fd29f-2568-4b76-a976-71cfa9f21a75,85d10f23-ce4f-445f-80c8-0eefa814e37e,79fb11ff-5fbb-4d14-970b-4153b657e8ab
f784b00b-6bce-4a09-b95d-8b73317d3855,7af7131e-edea-4f0e-9478-32223924510a,8569c219-d6b7-4973-a3ef-c282a61e30bb
637e145e-c460-48bf-a170-c5850d48c745,a2b23dd2-73ae-4314-855c-f104ec51da2c,df346b35-3be8-4c2b-9797-902beb40e460
0cfbfb4f-8866-4501-9fac-acb38eea2ad3,c2156e94-9631-4cb0-8a6f-72bc7c4e6e47,516f5eca-6ee3-4688-ae0b-a1e599981009
d8fd0852-be6b-443e-8da4-195c5ad0825c,c89bb7d5-7d9c-4d5a-9871-28718d23a44d,516f5eca-6ee3-4688-ae0b-a1e599981009
4b8c7be3-4c74-4d64-a40a-cc230bfcee55,43395729-f4ce-4932-aba6-2dde2824031b,516f5eca-6ee3-4688-ae0b-a1e599981009
0b03afe2-6b38-4565-a375-090ef29048dc,f0be74bd-7b58-4304-a7dc-8eaa50a7a589,516f5eca-6ee3-4688-ae0b-a1e599981009
4ae22a34-4f08-47e7-84a2-f2e9f13aadf6,78455396-a34d-4c95-84ef-bdad0320c8ae,00d035ee-4aeb-488a-97f6-d214b467c77e
c8ea7044-054d-4c42-ad45-19ce82c5bbb5,b1b94a8a-daae-4aa6-9763-4432438d90f7,8569c219-d6b7-4973-a3ef-c282a61e30bb
12a295a6-72f5-4829-8b84-11ff6fd78824,98e7f48f-6310-4e42-90d5-a09582de2439,8569c219-d6b7-4973-a3ef-c282a61e30bb
958c93d1-b8a0-469c-b342-4b71b95bfd10,a295c8ea-4307-4e3a-a325-fdb36f37c0ad,ff06c9f1-e62c-423b-a8c6-bddea496dd00
c162926a-baa6-4f8e-8526-fa1c899a160d,70c3145d-74ed-4601-8afa-1ed8977a9ed0,ac8dee3a-6f9c-485a-b3e8-4b5bfa4efa27
a9c4ebc9-85ef-4350-9a0b-0e51c74756e1,39623b43-1d8e-4920-9f52-ef5ddccd4883,99fa9bcd-8b80-4913-8e2d-1709c78b83cc
94c19751-5413-4694-bd59-d1ec1783543b,be721385-d203-4c22-959f-694ef2aa1eeb,8569c219-d6b7-4973-a3ef-c282a61e30bb
6685baee-9a15-47a1-a56f-e9b7214ebda0,0984cdb2-0c5c-4c3b-98ba-2f98f25ec3d7,bc93d7bf-1afa-44cb-96ed-e70407f0e4d3
744adcdb-8591-44ab-a3b6-dbc541537779,fec7c516-c8cf-4d78-99a2-cfeb554f4d5b,99fa9bcd-8b80-4913-8e2d-1709c78b83cc
8c3653d0-b785-4715-8ced-8b845905a214,0dcab983-fd32-4504-ad00-94db727cf3a9,df346b35-3be8-4c2b-9797-902beb40e460
b1773f89-e17f-4ef1-8b61-80a420e6a6d5,30fb7f51-0fb5-45c7-a597-8d5fcdf3fdb1,516f5eca-6ee3-4688-ae0b-a1e599981009
fe24b3a4-5e36-4c41-9ab0-49be9c7c7aee,ab60bf3b-442f-4494-8d70-048a24fc5401,79fb11ff-5fbb-4d14-970b-4153b657e8ab
71c04312-066b-42f4-86a5-aa61211ffb18,b462cd3e-aae4-40f7-82ed-999504db24df,ac8dee3a-6f9c-485a-b3e8-4b5bfa4efa27
b901f8d9-44c4-4f18-9493-08dc901bd651,15b3e2ce-9517-4110-a466-08ceb4af107b,99fa9bcd-8b80-4913-8e2d-1709c78b83cc
569d3916-1452-46a2-bddc-2baf19e50e32,5abb3344-5a2a-4b0e-938a-0c0f637795c6,8569c219-d6b7-4973-a3ef-c282a61e30bb
cebf11b3-d87e-4ca6-82ee-2d1fce29374c,8019d5ce-bfbb-49d8-8322-8406ffd8608c,99fa9bcd-8b80-4913-8e2d-1709c78b83cc
4555da14-a0dc-4295-8732-df741e47948a,28cd7a31-e815-4d42-b855-d8566fe26557,79fb11ff-5fbb-4d14-970b-4153b657e8ab
a13a680a-5574-4d46-8c7b-87f6381a386c,96d24e1c-b535-438c-bec2-c03c61af7a79,00d035ee-4aeb-488a-97f6-d214b467c77e
b12b3927-4483-4a25-a9e9-c2bfd6c249fe,535b6996-1eab-4092-a55c-4d06440a0226,bc93d7bf-1afa-44cb-96ed-e70407f0e4d3
bda50940-2c43-48e5-b76c-68e915172721,93ea0b4f-2145-47d4-8f7e-580ab5868d6a,8569c219-d6b7-4973-a3ef-c282a61e30bb
93970360-7ec3-493e-ba44-7d0f7e9310f6,81fd95e7-0a0f-4050-b9e1-061ae3b967d2,df346b35-3be8-4c2b-9797-902beb40e460
641b2653-4f2b-4d10-b45c-340c4b0b8cd6,9111a661-8da2-4e2f-a564-ad9b1dcaca93,00d035ee-4aeb-488a-97f6-d214b467c77e
e6855616-563a-45c1-93d9-80e8905c835f,c47112a8-5f5b-4c5f-8030-c5e9f25bda07,99fa9bcd-8b80-4913-8e2d-1709c78b83cc
7ac76ab8-65b7-4a4e-aa6e-268525f13796,580c20a0-dc27-4212-881b-88c52650a3d5,516f5eca-6ee3-4688-ae0b-a1e599981009
cbffe7f2-7bed-45cf-ac15-15909bf6ac5e,68ded2b5-ed12-47b1-85f7-c236ef6376bd,79fb11ff-5fbb-4d14-970b-4153b657e8ab
0a25d41a-5dfc-4881-8aae-3ff92494936f,b34e9315-bbf0-4b62-aaf1-14d8eddc6c45,df346b35-3be8-4c2b-9797-902beb40e460
34eda439-317a-4d93-8094-b337b80c141f,fa4e5fe1-6854-4943-ba47-f2c631708042,ac8dee3a-6f9c-485a-b3e8-4b5bfa4efa27
21cdcbd7-65e3-4768-8eae-90833d79a208,7ac037b1-07c9-4b01-b616-2512da56b7f7,df346b35-3be8-4c2b-9797-902beb40e460
7809ecfc-fb6d-481c-a447-0dbc1596e4ad,6e4394a8-eb3a-4b14-bf02-c25453173523,99fa9bcd-8b80-4913-8e2d-1709c78b83cc
