ConstituentProgramId,ConstituentId,ProgramId,CreatedDate,ModifiedDate,SourceId,SourceSystemId
fed4931b-cdf5-4f11-a5c2-2cdc210838d8,4afd3016-57e1-4e42-8539-c05cc27537a4,c6682a11-949c-4224-90af-591d994cc1d0,2025-07-30 16:33:05.306764,2025-07-30 16:33:05.306764,bb05204b-9818-4e53-9036-6b29b936b0fb,cae5d70e-cb00-4411-9f2c-a356466f05e1
2b3fa822-ea72-4fd3-a7f4-e7fddfffdd3d,03c29ffb-85b7-4a35-91cd-78c81be5ff2b,9601b110-b81b-46c0-9da1-77e159d0a7ed,2025-07-30 16:33:05.306764,2025-07-30 16:33:05.306764,bb05204b-9818-4e53-9036-6b29b936b0fb,e59de2d8-d02c-4638-ad0f-1579c96f4696
7864428f-ff3f-432d-9a65-b037e76f007d,449b16b2-d9b3-43c7-82c0-f16da93b0c1a,676cdfab-f6ca-4bc4-b649-9978a83cc7bc,2025-07-30 16:33:05.306764,2025-07-30 16:33:05.306764,bb05204b-9818-4e53-9036-6b29b936b0fb,5823e6b4-b4a8-4777-9ffa-1ac1193ac698
61bb3342-3eb2-4e91-bb91-4ab0916d0660,669c5350-63f8-4cea-9f48-22ddf59aaf4c,1968bdb3-12f0-4527-b2b9-295665e8c63d,2025-07-30 16:33:05.306764,2025-07-30 16:33:05.306764,bb05204b-9818-4e53-9036-6b29b936b0fb,68a68f15-081b-4e33-9e08-49f4b69b7022
32bfe324-85bc-48d1-abd1-1805eed477f5,467c500c-7224-4b62-8458-e39ac81c62d9,c752295b-e2cd-48ba-afe6-9458dfd17b8c,2025-07-30 16:33:05.306764,2025-07-30 16:33:05.306764,bb05204b-9818-4e53-9036-6b29b936b0fb,9f2ea5ed-279d-420f-8865-654204fb937d
408f0c74-a4d0-45fa-b27a-676e308c8eb4,7f523488-7db0-4151-8283-24bf9119e218,2f27fe1d-d613-4ed3-a9b9-3c3ee02aa2b9,2025-07-30 16:33:05.306764,2025-07-30 16:33:05.306764,bb05204b-9818-4e53-9036-6b29b936b0fb,ba7dd1d7-2129-4673-880e-d33baf31b646
b5ccb6e8-bda9-4f1b-802e-64e01734f0b9,cf5d532b-177e-4aa4-9a3d-c8180c6e65a7,1968bdb3-12f0-4527-b2b9-295665e8c63d,2025-07-30 16:33:05.306764,2025-07-30 16:33:05.306764,bb05204b-9818-4e53-9036-6b29b936b0fb,0ab85036-19f8-48f0-8c18-e8f2d49c95ea
12afe9c3-635c-4aae-872f-ca187c2d9c9d,893de352-8f6e-4819-8b4e-0ee7437e68fb,222264b4-e46a-427a-b527-c65991f7a8b6,2025-07-30 16:33:05.306764,2025-07-30 16:33:05.306764,bb05204b-9818-4e53-9036-6b29b936b0fb,4acf16f7-f8dc-4176-a719-0e9eced8c110
f28ef8b8-5ab6-4e0f-a8fd-57ed7c578124,9a680f1e-e8ec-46de-aebf-5a963e0ff16a,dd8a33a6-3e40-419b-9e08-b511e62e2388,2025-07-30 16:33:05.306764,2025-07-30 16:33:05.306764,bb05204b-9818-4e53-9036-6b29b936b0fb,63ce392a-101c-44d8-8ebd-6448b8eed9f9
e4b0df86-6687-4746-90c1-a9384064815b,c71fa618-45c8-4024-9e0a-e9df618c77d1,bf360bb6-80da-4991-b37a-c785f39b6ea9,2025-07-30 16:33:05.306764,2025-07-30 16:33:05.306764,bb05204b-9818-4e53-9036-6b29b936b0fb,af27e6f2-e0b9-44df-bb9a-fc36139e92a3
3fdaf058-6fbb-41d4-a566-4a72239a4ad6,87e7d447-7962-45ba-b49e-617bc49b0cf0,9601b110-b81b-46c0-9da1-77e159d0a7ed,2025-07-30 16:33:05.306764,2025-07-30 16:33:05.306764,bb05204b-9818-4e53-9036-6b29b936b0fb,9b90d2b3-4809-4cd8-b3cc-46cea4038840
60c82e48-35b8-4165-8b21-c5994f060df7,36580ebb-98f7-4902-b6e5-5123fe55b664,1968bdb3-12f0-4527-b2b9-295665e8c63d,2025-07-30 16:33:05.306764,2025-07-30 16:33:05.306764,bb05204b-9818-4e53-9036-6b29b936b0fb,fdd84c7f-e41c-45ed-8b0a-eb3942d8ce3c
69bc784e-478b-4414-a570-5719b96a466b,86badef7-b89f-471f-8f3b-c35025f515c7,c752295b-e2cd-48ba-afe6-9458dfd17b8c,2025-07-30 16:33:05.306764,2025-07-30 16:33:05.306764,bb05204b-9818-4e53-9036-6b29b936b0fb,9e0bdd8e-95b7-4d59-aa0e-9b8b7eba1f0b
717c0724-8c82-4027-bf58-89cea939ae32,8ad21807-da1f-4608-8a2d-2c22cee88e30,222264b4-e46a-427a-b527-c65991f7a8b6,2025-07-30 16:33:05.306764,2025-07-30 16:33:05.306764,bb05204b-9818-4e53-9036-6b29b936b0fb,bc04bb9d-27e2-447e-8cf9-46d5ce9f9a7a
d2f2dfff-a0e3-4938-b196-8b969a9b5d73,e1e6539d-909a-40e6-80f9-b05ab6764ac1,222264b4-e46a-427a-b527-c65991f7a8b6,2025-07-30 16:33:05.306764,2025-07-30 16:33:05.306764,bb05204b-9818-4e53-9036-6b29b936b0fb,badf9a19-5fb6-4373-af9b-b12d1210bc05
cacb72de-f25b-4448-bca2-505252e6e984,bff6b951-2c9f-4ea0-96f6-027b1744789e,c752295b-e2cd-48ba-afe6-9458dfd17b8c,2025-07-30 16:33:05.306764,2025-07-30 16:33:05.306764,bb05204b-9818-4e53-9036-6b29b936b0fb,c109f848-0e8f-4528-b7d0-1a4f0b9fb460
9e2ccc10-90f3-4c0b-b434-7132d5f3faa5,813b8877-6508-4a3c-84a9-af0a762d0a5c,0e57436c-f305-492f-8f73-d4091f46436d,2025-07-30 16:33:05.306764,2025-07-30 16:33:05.306764,bb05204b-9818-4e53-9036-6b29b936b0fb,4c244501-1179-4a6e-97e8-197e63872975
72878344-9eb4-44c9-9d3e-f8e11741ea1c,fc3ac2e6-20c8-4bba-a3f8-11d4dfdbb88e,9601b110-b81b-46c0-9da1-77e159d0a7ed,2025-07-30 16:33:05.306764,2025-07-30 16:33:05.306764,bb05204b-9818-4e53-9036-6b29b936b0fb,f2f11c0f-0f0e-4519-83d0-a5c56c47ab4d
7f199a69-b5c9-4162-bece-be93e4f366fa,05b86e6b-4270-4963-bde0-203caefac34e,bf360bb6-80da-4991-b37a-c785f39b6ea9,2025-07-30 16:33:05.306764,2025-07-30 16:33:05.306764,bb05204b-9818-4e53-9036-6b29b936b0fb,c76bd629-b306-4675-9e88-7d9df3adb587
b85910cf-5ac0-4c34-90d2-700813dc290b,03e1b9d2-28ce-4b10-9648-fefcd922cec0,c6682a11-949c-4224-90af-591d994cc1d0,2025-07-30 16:33:05.306764,2025-07-30 16:33:05.306764,bb05204b-9818-4e53-9036-6b29b936b0fb,766f964d-46a0-4675-8fad-73b0ff1782a8
357c00b5-d607-4fe1-b4b6-3f1d2d44c597,4fde0047-8824-4614-aec0-d62c48b9a998,9601b110-b81b-46c0-9da1-77e159d0a7ed,2025-07-30 16:33:05.306764,2025-07-30 16:33:05.306764,bb05204b-9818-4e53-9036-6b29b936b0fb,e40fefcc-363d-4f51-8e10-08ccfd4054d3
fa2dc08d-1349-448d-8e7b-bfcdf8c77bd0,d8983f37-2bdc-484c-9559-f5807b8a64cd,c752295b-e2cd-48ba-afe6-9458dfd17b8c,2025-07-30 16:33:05.306764,2025-07-30 16:33:05.306764,bb05204b-9818-4e53-9036-6b29b936b0fb,bfd5cebf-d82c-4a64-95c4-749e826c04a1
7af3d06a-672d-4c7d-9caa-4c04694d71c0,d0fdc862-e453-48fd-873a-3278c7723dfa,bf360bb6-80da-4991-b37a-c785f39b6ea9,2025-07-30 16:33:05.306764,2025-07-30 16:33:05.306764,bb05204b-9818-4e53-9036-6b29b936b0fb,47ed5f4f-5fd3-4a13-9ea4-ebae07687145
68b458df-944b-43b2-927b-f7a9d4fbb1a4,f35181cc-2073-4d25-8c97-a6e3ef14b747,2f27fe1d-d613-4ed3-a9b9-3c3ee02aa2b9,2025-07-30 16:33:05.306764,2025-07-30 16:33:05.306764,bb05204b-9818-4e53-9036-6b29b936b0fb,3d443ac0-4036-494c-99d0-0f108788cc18
fd3f950e-0df3-4d58-8aba-fe61aa01cac3,31176aff-267a-4b2c-8549-0ecd64ac1c2a,1968bdb3-12f0-4527-b2b9-295665e8c63d,2025-07-30 16:33:05.306764,2025-07-30 16:33:05.306764,bb05204b-9818-4e53-9036-6b29b936b0fb,7a207682-b178-4160-adfd-903203432294
385a03b9-9903-42b7-8f68-9b30b198f594,22618bff-4c07-4bbd-b6e0-ee3aa2f618d3,9601b110-b81b-46c0-9da1-77e159d0a7ed,2025-07-30 16:33:05.306764,2025-07-30 16:33:05.306764,bb05204b-9818-4e53-9036-6b29b936b0fb,8b7282df-c19e-4b24-ace5-d05cc9ba786a
8d1853f3-332b-4b73-865c-6bcdb4b51d74,a15af9fd-0735-4a3d-aa45-5c459e34df41,c752295b-e2cd-48ba-afe6-9458dfd17b8c,2025-07-30 16:33:05.306764,2025-07-30 16:33:05.306764,bb05204b-9818-4e53-9036-6b29b936b0fb,94cf380d-5950-475f-87f1-d0cbf0ae09e1
4a143393-5c10-48d3-aa16-39f647437635,dd96531f-01a9-482f-8df6-0e8e4a62b1ff,1968bdb3-12f0-4527-b2b9-295665e8c63d,2025-07-30 16:33:05.306764,2025-07-30 16:33:05.306764,bb05204b-9818-4e53-9036-6b29b936b0fb,940a593a-65cf-4db8-b0cc-99a229cfb5a8
454be388-9aac-4a36-b910-9b7862deb280,465756df-af23-4e93-99c4-889b7f444fee,c6682a11-949c-4224-90af-591d994cc1d0,2025-07-30 16:33:05.306764,2025-07-30 16:33:05.306764,bb05204b-9818-4e53-9036-6b29b936b0fb,33e9e74b-7278-4145-8dda-512ce6a8957e
d50d345c-1feb-4826-aa94-b71575780063,185f88b2-c882-41de-9c83-9b8a3fbb1cd3,0e57436c-f305-492f-8f73-d4091f46436d,2025-07-30 16:33:05.306764,2025-07-30 16:33:05.306764,bb05204b-9818-4e53-9036-6b29b936b0fb,5142b2e4-917c-4f46-bcba-f469d1dbde8a
cdf8773c-1d66-4ad9-9469-6a579655afbd,8bc0f4a5-1cfb-4c0a-8b4d-f984faf62870,0e57436c-f305-492f-8f73-d4091f46436d,2025-07-30 16:33:05.306764,2025-07-30 16:33:05.306764,bb05204b-9818-4e53-9036-6b29b936b0fb,babc6224-f163-4ea4-b7c2-b1d4dd32570b
891ecb6f-5e81-434e-8f58-e92d2ab5a8ca,397a775b-001d-4abf-b817-91296f311254,676cdfab-f6ca-4bc4-b649-9978a83cc7bc,2025-07-30 16:33:05.306764,2025-07-30 16:33:05.306764,bb05204b-9818-4e53-9036-6b29b936b0fb,075e95d5-ed20-4659-9799-bffd183877bb
78d758ea-989b-49de-875f-9fdfd964ae63,9810e2cf-f78b-43e0-9c5e-7274a322c6d8,c752295b-e2cd-48ba-afe6-9458dfd17b8c,2025-07-30 16:33:05.306764,2025-07-30 16:33:05.306764,bb05204b-9818-4e53-9036-6b29b936b0fb,b2259809-8527-4a17-899f-268e9c0e3c52
7246b999-2fbb-46e9-bce8-4abada9873f0,fc4b4537-38bf-4986-a895-0adfb287e1f2,9601b110-b81b-46c0-9da1-77e159d0a7ed,2025-07-30 16:33:05.306764,2025-07-30 16:33:05.306764,bb05204b-9818-4e53-9036-6b29b936b0fb,03ac4962-6184-4eb8-bc9b-351d3c60b1ea
b32c8d83-e49d-47b5-8b30-d9d2120d5c90,aed4226e-b264-44c5-89cb-150501e7badf,222264b4-e46a-427a-b527-c65991f7a8b6,2025-07-30 16:33:05.306764,2025-07-30 16:33:05.306764,bb05204b-9818-4e53-9036-6b29b936b0fb,76796657-b520-40aa-a86c-8bfa1a3d513b
d5acc5ca-ff39-439f-a85a-b43a2075617c,4a0157b5-2136-4dbd-aa73-50fbd5347871,c752295b-e2cd-48ba-afe6-9458dfd17b8c,2025-07-30 16:33:05.306764,2025-07-30 16:33:05.306764,bb05204b-9818-4e53-9036-6b29b936b0fb,741fae00-9633-41e3-99e0-749e22680959
1a4b6120-9c94-4f65-acf1-05d1cad5e253,798c11ae-56d2-4702-a9ea-bc6f288927e8,9601b110-b81b-46c0-9da1-77e159d0a7ed,2025-07-30 16:33:05.306764,2025-07-30 16:33:05.306764,bb05204b-9818-4e53-9036-6b29b936b0fb,f79b99cc-5cfa-414d-b6b0-ba6a07fa5753
a43111e1-c458-4826-bba1-d12b4bf2b6cc,3d347071-ec32-4482-abed-dbbe4ea80577,1968bdb3-12f0-4527-b2b9-295665e8c63d,2025-07-30 16:33:05.306764,2025-07-30 16:33:05.306764,bb05204b-9818-4e53-9036-6b29b936b0fb,af584011-48c6-4c69-a511-139393922470
10da7533-96df-4a15-95fc-29f111b54adb,ac4cf3e9-9a3c-40af-a7b5-f26b0570f2da,2f27fe1d-d613-4ed3-a9b9-3c3ee02aa2b9,2025-07-30 16:33:05.306764,2025-07-30 16:33:05.306764,bb05204b-9818-4e53-9036-6b29b936b0fb,331d030c-e28e-4afc-b895-4c55348fa9a3
4b9586b7-5821-4a50-915e-4d83b153f326,6b7e8698-f44c-4c39-9392-77a56b1097b3,0e57436c-f305-492f-8f73-d4091f46436d,2025-07-30 16:33:05.306764,2025-07-30 16:33:05.306764,bb05204b-9818-4e53-9036-6b29b936b0fb,74b941ce-84ad-476d-98ce-1c392cf296ad
95b9c1a6-f777-4d25-8cc0-6e9d72a9e456,c2279869-1ed1-4ad7-8412-c0ea3e87e23b,c752295b-e2cd-48ba-afe6-9458dfd17b8c,2025-07-30 16:33:05.306764,2025-07-30 16:33:05.306764,bb05204b-9818-4e53-9036-6b29b936b0fb,2bda9cb1-e8be-4cf3-8430-a0d6e6ba3124
b07482be-ae99-4496-a859-4fcaedc8e1d9,efdceb8f-f39f-4785-92c2-adc35e90bc60,dd8a33a6-3e40-419b-9e08-b511e62e2388,2025-07-30 16:33:05.306764,2025-07-30 16:33:05.306764,bb05204b-9818-4e53-9036-6b29b936b0fb,5b53ffbc-0f21-4919-9f0a-ae23ff7c5a20
0fe066c3-8d9f-4204-b332-95fe986df6b2,545abf38-e632-47b3-84e9-9d2f1bce18d1,2f27fe1d-d613-4ed3-a9b9-3c3ee02aa2b9,2025-07-30 16:33:05.306764,2025-07-30 16:33:05.306764,bb05204b-9818-4e53-9036-6b29b936b0fb,babcb29a-f120-437e-be9f-a254ff0f07a7
a42e19aa-7293-479f-8f8b-759a30d6034a,2949d1a1-4016-431b-bb44-68c178a89ccf,dd8a33a6-3e40-419b-9e08-b511e62e2388,2025-07-30 16:33:05.306764,2025-07-30 16:33:05.306764,bb05204b-9818-4e53-9036-6b29b936b0fb,3e89fbb4-7e87-4315-8a3e-9df8d150a8b1
14c49ebf-18a1-4da3-a764-40132616fc39,d13b4709-ea7a-46e8-a9cc-51ab881a9bf7,2f27fe1d-d613-4ed3-a9b9-3c3ee02aa2b9,2025-07-30 16:33:05.306764,2025-07-30 16:33:05.306764,bb05204b-9818-4e53-9036-6b29b936b0fb,ee8d1637-044a-4bd4-b05a-ad95c5a24cea
846626fc-b4e6-4c91-8ff1-b8b05dc74709,be81c0ff-5451-411a-9e2a-c192f88c2f9d,dd8a33a6-3e40-419b-9e08-b511e62e2388,2025-07-30 16:33:05.306764,2025-07-30 16:33:05.306764,bb05204b-9818-4e53-9036-6b29b936b0fb,21329d58-06a4-457a-9730-e933fb183437
c6030750-a1f2-415a-b77d-64be868938b7,a0c2afa1-3d37-47b9-b997-619b0e8df8b4,676cdfab-f6ca-4bc4-b649-9978a83cc7bc,2025-07-30 16:33:05.306764,2025-07-30 16:33:05.306764,bb05204b-9818-4e53-9036-6b29b936b0fb,92f06fdc-bec8-4af0-bb69-7b93ea935628
19b33b51-b5bf-4b62-9def-c77b379cbb13,73761778-b276-48a4-8113-330a15f21ffb,1968bdb3-12f0-4527-b2b9-295665e8c63d,2025-07-30 16:33:05.306764,2025-07-30 16:33:05.306764,bb05204b-9818-4e53-9036-6b29b936b0fb,d3c7d8f5-a584-43eb-9cdb-c98bf62a0113
abc0e601-cd44-43c7-acbb-87a0e3e4121e,ce5a66c4-c5c2-4f94-b655-7bedfbe6adc9,676cdfab-f6ca-4bc4-b649-9978a83cc7bc,2025-07-30 16:33:05.306764,2025-07-30 16:33:05.306764,bb05204b-9818-4e53-9036-6b29b936b0fb,b16a531c-f3b3-4d9f-b1a4-86a8afd93950
c7f38fda-b429-4cd5-a3fa-a58b3ad864d4,efdceb8f-f39f-4785-92c2-adc35e90bc60,9601b110-b81b-46c0-9da1-77e159d0a7ed,2025-07-30 16:33:05.306764,2025-07-30 16:33:05.306764,bb05204b-9818-4e53-9036-6b29b936b0fb,145d36d7-7350-4463-8dc9-e71e8f6fe396
5a3ad695-c996-4f9a-aa43-8ef96e38104b,6b3542bf-9232-478e-b1cb-e2528844cd92,c6682a11-949c-4224-90af-591d994cc1d0,2025-07-30 16:33:05.306764,2025-07-30 16:33:05.306764,bb05204b-9818-4e53-9036-6b29b936b0fb,48cdf553-4056-45c3-9c00-d9c529fb13b6
8b5f804e-a72e-48e5-ac00-70b1b33e8595,df89017d-d29e-4740-8afa-bca25be3506f,2f27fe1d-d613-4ed3-a9b9-3c3ee02aa2b9,2025-07-30 16:33:05.306764,2025-07-30 16:33:05.306764,bb05204b-9818-4e53-9036-6b29b936b0fb,9e487e8f-04d0-474d-b267-af959b76a154
d5e9f57e-4f3f-4c97-840a-17ca1b588f31,26d0d530-86d8-42e4-8214-51ef32fb8294,c6682a11-949c-4224-90af-591d994cc1d0,2025-07-30 16:33:05.306764,2025-07-30 16:33:05.306764,bb05204b-9818-4e53-9036-6b29b936b0fb,351fe35a-9ebd-43fb-9869-2d79f0ec9f7f
91e5e698-2c80-4b55-9521-998ea491f057,62dae4c0-ebac-4d26-9188-9544b5a98e4f,2f27fe1d-d613-4ed3-a9b9-3c3ee02aa2b9,2025-07-30 16:33:05.306764,2025-07-30 16:33:05.306764,bb05204b-9818-4e53-9036-6b29b936b0fb,9a63edd7-cef7-4b9a-8daf-c19cffb23687
d93cce6e-afe3-4945-aeab-99ef8e8ecc6e,95258e80-5516-4248-a2d8-58540bb00f3e,bf360bb6-80da-4991-b37a-c785f39b6ea9,2025-07-30 16:33:05.306764,2025-07-30 16:33:05.306764,bb05204b-9818-4e53-9036-6b29b936b0fb,81b6f4ed-ec2c-4802-af1b-553dbd0db416
2f8e0e0a-f36a-4cee-af52-5015fefda3eb,786270fa-6d26-426f-99c0-460061c709ca,c752295b-e2cd-48ba-afe6-9458dfd17b8c,2025-07-30 16:33:05.306764,2025-07-30 16:33:05.306764,bb05204b-9818-4e53-9036-6b29b936b0fb,358072e1-2461-46d9-97de-5da946a920e6
67bc8828-46b3-417c-a63c-e66e08674e8d,e40a4574-6c6e-488b-a16b-1a1fdeb28a79,0e57436c-f305-492f-8f73-d4091f46436d,2025-07-30 16:33:05.306764,2025-07-30 16:33:05.306764,bb05204b-9818-4e53-9036-6b29b936b0fb,bd26d679-ce55-40ba-a072-4425f23e0356
ced971af-5a3d-4f99-b835-be1ae363fb67,628fe9b2-8112-42e4-9a11-cac4ac4fb13b,222264b4-e46a-427a-b527-c65991f7a8b6,2025-07-30 16:33:05.306764,2025-07-30 16:33:05.306764,bb05204b-9818-4e53-9036-6b29b936b0fb,14524f9c-4b28-43bd-9609-6429ccd373d2
d165b612-df3b-4b5a-8a52-87284daef0b7,f27ab855-d936-421b-9e04-cd779cc05c80,c6682a11-949c-4224-90af-591d994cc1d0,2025-07-30 16:33:05.306764,2025-07-30 16:33:05.306764,bb05204b-9818-4e53-9036-6b29b936b0fb,d3733b80-65af-483b-ae8e-a3bacd06c02b
a57d3e36-c69a-487e-8bfa-929cd5168211,9ac578e4-1b8d-49dc-afce-226e7d519a83,c752295b-e2cd-48ba-afe6-9458dfd17b8c,2025-07-30 16:33:05.306764,2025-07-30 16:33:05.306764,bb05204b-9818-4e53-9036-6b29b936b0fb,15a86d6e-c21c-4012-90a8-17469facc039
75e41ea7-8a7a-49cf-b3ab-85155342a923,1a8a65b4-b991-4ab6-8a60-a2bca617e39e,dd8a33a6-3e40-419b-9e08-b511e62e2388,2025-07-30 16:33:05.306764,2025-07-30 16:33:05.306764,bb05204b-9818-4e53-9036-6b29b936b0fb,b47c501a-5c74-436f-a8d3-e8a1fc730056
d7b4b71d-3294-407c-91cf-8232b1990eb4,4983b584-ebd3-471a-ab2a-840caeeb90f5,676cdfab-f6ca-4bc4-b649-9978a83cc7bc,2025-07-30 16:33:05.306764,2025-07-30 16:33:05.306764,bb05204b-9818-4e53-9036-6b29b936b0fb,f3d20ae1-2e56-4adc-a514-311384980e48
931e549c-cafe-4c89-bede-7903ebb0eca2,a0c2afa1-3d37-47b9-b997-619b0e8df8b4,0e57436c-f305-492f-8f73-d4091f46436d,2025-07-30 16:33:05.306764,2025-07-30 16:33:05.306764,bb05204b-9818-4e53-9036-6b29b936b0fb,14adcdc8-bd11-419f-a0c6-b8766ca4fc97
edef8ce3-d596-4504-891a-ee5d717d9bee,371ef70b-0b0a-4062-b046-eef615a576d9,0e57436c-f305-492f-8f73-d4091f46436d,2025-07-30 16:33:05.306764,2025-07-30 16:33:05.306764,bb05204b-9818-4e53-9036-6b29b936b0fb,1e22f946-ffb4-4515-b865-8cd2eb150096
8d36c20c-dbb3-49b4-bd9d-752308c060f4,465a2860-4088-4494-88b9-08c8d1391699,1968bdb3-12f0-4527-b2b9-295665e8c63d,2025-07-30 16:33:05.306764,2025-07-30 16:33:05.306764,bb05204b-9818-4e53-9036-6b29b936b0fb,0505a612-6a28-4cf6-bcf3-36a32a3ac8f0
498e1fc3-03d1-4611-9ff4-342db33f9022,0b590f81-48d9-4262-8105-8eb3139c77a0,c752295b-e2cd-48ba-afe6-9458dfd17b8c,2025-07-30 16:33:05.306764,2025-07-30 16:33:05.306764,bb05204b-9818-4e53-9036-6b29b936b0fb,fbd31f08-db17-4d16-96b2-9f8c26dc2535
451b9675-048a-419d-b47b-52f03c28b4ec,7ee8c45c-5e7b-43f0-81f1-b62d055c5245,c6682a11-949c-4224-90af-591d994cc1d0,2025-07-30 16:33:05.306764,2025-07-30 16:33:05.306764,bb05204b-9818-4e53-9036-6b29b936b0fb,e3639eaa-66cb-4c76-9fea-f5151e087259
2d87d674-045e-499b-8ed1-b83d46620ecf,78455396-a34d-4c95-84ef-bdad0320c8ae,dd8a33a6-3e40-419b-9e08-b511e62e2388,2025-07-30 16:33:05.306764,2025-07-30 16:33:05.306764,bb05204b-9818-4e53-9036-6b29b936b0fb,e3833bcc-d348-46ca-b645-e09045bdd535
a30926d8-2398-4deb-aaa9-7f0bb3dff27e,e6ae289d-a318-4f0e-9377-a25f83a57662,2f27fe1d-d613-4ed3-a9b9-3c3ee02aa2b9,2025-07-30 16:33:05.306764,2025-07-30 16:33:05.306764,bb05204b-9818-4e53-9036-6b29b936b0fb,82b759dc-1ddb-4396-9b84-e2b952d99edd
bb8a594e-4566-4829-8161-514b8815627e,fdd16fab-7a23-48a5-a237-c912ce51d461,2f27fe1d-d613-4ed3-a9b9-3c3ee02aa2b9,2025-07-30 16:33:05.306764,2025-07-30 16:33:05.306764,bb05204b-9818-4e53-9036-6b29b936b0fb,51ca1b3d-23eb-445d-956f-c58fd4e2341c
c059eb2d-017c-4a11-a92e-ff4ba855150f,a1f5001f-1ce9-42f7-bb69-dd399bb59094,dd8a33a6-3e40-419b-9e08-b511e62e2388,2025-07-30 16:33:05.306764,2025-07-30 16:33:05.306764,bb05204b-9818-4e53-9036-6b29b936b0fb,2ce9342d-65ba-4225-8a06-b095c591592a
c6b4d67c-56a2-4f7a-adee-e1ba02319519,511b7f21-cc4e-4b43-8c11-e516ad3cdd91,bf360bb6-80da-4991-b37a-c785f39b6ea9,2025-07-30 16:33:05.306764,2025-07-30 16:33:05.306764,bb05204b-9818-4e53-9036-6b29b936b0fb,fcdb4a26-10cc-4022-8313-af9af8d43487
54ea1de7-65a5-4af7-9748-abeebb4b9a8a,93ba3a86-7165-44dc-8829-24e93dd71ecf,c752295b-e2cd-48ba-afe6-9458dfd17b8c,2025-07-30 16:33:05.306764,2025-07-30 16:33:05.306764,bb05204b-9818-4e53-9036-6b29b936b0fb,b8487116-d087-438b-b7e1-c45bb9e51ea4
969b86c0-d7f4-469a-9408-0b7e65b0eb9b,65819a9c-bbd9-4a06-920b-295fa07c1f9e,bf360bb6-80da-4991-b37a-c785f39b6ea9,2025-07-30 16:33:05.306764,2025-07-30 16:33:05.306764,bb05204b-9818-4e53-9036-6b29b936b0fb,934666b5-6c65-4ec9-a010-fbd141637c4d
bd797b59-2b0c-4cf6-b190-74d57ace8882,65356cf8-9a03-4bc0-85f3-1afec0dab808,dd8a33a6-3e40-419b-9e08-b511e62e2388,2025-07-30 16:33:05.306764,2025-07-30 16:33:05.306764,bb05204b-9818-4e53-9036-6b29b936b0fb,99365ce0-7c78-4181-a9c0-93a80ef27e47
93d7407f-9f1a-493c-a906-875a02338510,3bb7d4bd-2e82-455a-ade1-780e874c24c5,676cdfab-f6ca-4bc4-b649-9978a83cc7bc,2025-07-30 16:33:05.306764,2025-07-30 16:33:05.306764,bb05204b-9818-4e53-9036-6b29b936b0fb,4ba25507-f99a-4541-9b67-9f42ea5df525
a497332f-03ed-417f-aa66-de1c6872df2b,c1f93ea2-17d2-4a8f-b49a-5a916e05b990,bf360bb6-80da-4991-b37a-c785f39b6ea9,2025-07-30 16:33:05.306764,2025-07-30 16:33:05.306764,bb05204b-9818-4e53-9036-6b29b936b0fb,d914f9f0-2ba1-4225-99a5-4ca93a6e87ca
add90df5-99e9-40fb-ad20-7b2b0e4f8470,8834483f-9bbd-46c4-b9b9-7304ee7fd29c,9601b110-b81b-46c0-9da1-77e159d0a7ed,2025-07-30 16:33:05.306764,2025-07-30 16:33:05.306764,bb05204b-9818-4e53-9036-6b29b936b0fb,08f10218-a3c5-47fa-bb94-cb671b862cc0
6460a512-d1f3-487a-8d35-2e5c5466d3a8,bc307c3b-345d-4630-9402-308ebb1f6ea1,0e57436c-f305-492f-8f73-d4091f46436d,2025-07-30 16:33:05.306764,2025-07-30 16:33:05.306764,bb05204b-9818-4e53-9036-6b29b936b0fb,1bb63b87-445c-4f48-bb10-b8a8d2033ad0
cad5dc63-3df8-4042-b52d-d8891c5b9ab4,7b67c784-1197-47ea-8950-7c7f44247cb3,1968bdb3-12f0-4527-b2b9-295665e8c63d,2025-07-30 16:33:05.306764,2025-07-30 16:33:05.306764,bb05204b-9818-4e53-9036-6b29b936b0fb,9559cc65-880d-40fa-934c-6ca2ce10df97
9d602c2f-b14a-4f77-b614-d8e0b68833c0,6edfa9b1-c09b-47e7-8844-7b691ea5b357,c752295b-e2cd-48ba-afe6-9458dfd17b8c,2025-07-30 16:33:05.306764,2025-07-30 16:33:05.306764,bb05204b-9818-4e53-9036-6b29b936b0fb,b57595ac-c947-4729-bc74-dced4d6b15fa
6675e466-9725-4225-86d9-02f1ddb77f23,80ad9207-ad42-4991-927d-15d36da92a05,c752295b-e2cd-48ba-afe6-9458dfd17b8c,2025-07-30 16:33:05.306764,2025-07-30 16:33:05.306764,bb05204b-9818-4e53-9036-6b29b936b0fb,d40a507d-138b-4063-815c-e37c6868c814
4d526629-0577-409f-a8c6-1ac7c4ce0f9c,43cc368e-2f6d-477a-8073-8c73228c8d14,dd8a33a6-3e40-419b-9e08-b511e62e2388,2025-07-30 16:33:05.306764,2025-07-30 16:33:05.306764,bb05204b-9818-4e53-9036-6b29b936b0fb,9e05a368-96b5-4d4f-90dd-fb9bada2b2ea
cf7731e2-72d8-4922-aa86-33e03c4d7508,382f97dc-0e99-42a5-946a-57d82dac1214,676cdfab-f6ca-4bc4-b649-9978a83cc7bc,2025-07-30 16:33:05.306764,2025-07-30 16:33:05.306764,bb05204b-9818-4e53-9036-6b29b936b0fb,545016b8-d00e-4947-bdb3-2c62fdf38632
2f51d123-93c8-41ea-9557-a35fcbb708d4,f2a4d0e0-5cd9-4937-a76f-83f43fdfe9ba,676cdfab-f6ca-4bc4-b649-9978a83cc7bc,2025-07-30 16:33:05.306764,2025-07-30 16:33:05.306764,bb05204b-9818-4e53-9036-6b29b936b0fb,97965447-14a4-4a81-a247-43a766155290
6463d508-85a8-493f-a71b-d238b5ed82ab,1e4205a3-339f-4ef5-b57e-dcd4f46b3069,c6682a11-949c-4224-90af-591d994cc1d0,2025-07-30 16:33:05.306764,2025-07-30 16:33:05.306764,bb05204b-9818-4e53-9036-6b29b936b0fb,4eeb5829-df1e-4af4-af09-26dc0bd1095b
7b0b392f-b38a-45b5-bbf2-99d8c5e2de81,e50d51ab-b6b2-4ce8-a5b6-3535d8fd98d4,0e57436c-f305-492f-8f73-d4091f46436d,2025-07-30 16:33:05.306764,2025-07-30 16:33:05.306764,bb05204b-9818-4e53-9036-6b29b936b0fb,dd89c6ee-47d4-400b-ab5b-8c25130a95f8
4f77d62d-5783-4525-83d4-3f93044d6a4b,a4e9e8ee-e3c2-46ef-aa68-d9108d83a872,1968bdb3-12f0-4527-b2b9-295665e8c63d,2025-07-30 16:33:05.306764,2025-07-30 16:33:05.306764,bb05204b-9818-4e53-9036-6b29b936b0fb,cfeb5313-d552-4ef9-b0a3-6a5aa7bede6f
5dd8fbf6-a94a-4cfa-9baa-bc72fe057f03,74a0bcd2-d177-4453-b2f9-2838f85892a0,bf360bb6-80da-4991-b37a-c785f39b6ea9,2025-07-30 16:33:05.306764,2025-07-30 16:33:05.306764,bb05204b-9818-4e53-9036-6b29b936b0fb,0944a03f-d73d-4784-b2c2-407d644cb9ab
714dcc8a-1a92-412e-91c6-99a5b7ccb4a3,be7b79ed-1fe4-433d-9f3e-c2982b70bd19,676cdfab-f6ca-4bc4-b649-9978a83cc7bc,2025-07-30 16:33:05.306764,2025-07-30 16:33:05.306764,bb05204b-9818-4e53-9036-6b29b936b0fb,1fc81d2a-31d7-4735-9e7f-61b0abc14a1e
787b886e-de9f-437a-8ea9-6b4b55b93493,a6e961fa-c92a-4395-b691-1e1596e4f0ed,1968bdb3-12f0-4527-b2b9-295665e8c63d,2025-07-30 16:33:05.306764,2025-07-30 16:33:05.306764,bb05204b-9818-4e53-9036-6b29b936b0fb,6f440f11-ab9a-4cf3-996e-194b2c815668
6c7d4817-d8fe-4c32-ba9a-847281ddfa28,2fb36e7e-c367-4f93-bfbb-e274cc16db24,1968bdb3-12f0-4527-b2b9-295665e8c63d,2025-07-30 16:33:05.306764,2025-07-30 16:33:05.306764,bb05204b-9818-4e53-9036-6b29b936b0fb,3bd6df8d-0679-4ac1-946f-0cd0659920af
69ef5859-d378-47e6-94ae-0e4bfb301b61,6b3542bf-9232-478e-b1cb-e2528844cd92,676cdfab-f6ca-4bc4-b649-9978a83cc7bc,2025-07-30 16:33:05.306764,2025-07-30 16:33:05.306764,bb05204b-9818-4e53-9036-6b29b936b0fb,d4410f34-68ac-4d86-b671-660428987af9
a2825516-2f59-413a-bb2b-77c0d56d0fd5,e13a51d8-304b-456b-90e3-87df2cd61ab0,9601b110-b81b-46c0-9da1-77e159d0a7ed,2025-07-30 16:33:05.306764,2025-07-30 16:33:05.306764,bb05204b-9818-4e53-9036-6b29b936b0fb,bdb18e6c-13ac-4984-a042-5d5526286ab0
a0e2b05a-ebfc-483f-ac7e-f89bc98f5cb0,fc1d83fa-40bb-4c10-9db1-388be9c2c280,9601b110-b81b-46c0-9da1-77e159d0a7ed,2025-07-30 16:33:05.306764,2025-07-30 16:33:05.306764,bb05204b-9818-4e53-9036-6b29b936b0fb,0795590c-78c2-47e2-98ba-086ff8c696e4
299174ad-6015-454b-8b72-f4ffd0614ce8,f97d521c-f5a7-4f3f-92b6-1da779c97dc4,676cdfab-f6ca-4bc4-b649-9978a83cc7bc,2025-07-30 16:33:05.306764,2025-07-30 16:33:05.306764,bb05204b-9818-4e53-9036-6b29b936b0fb,5b9d4c28-4d97-4690-9add-bc2df6e34386
01dd6e79-24a8-41d6-9932-2cb3d062a4be,93ea0b4f-2145-47d4-8f7e-580ab5868d6a,676cdfab-f6ca-4bc4-b649-9978a83cc7bc,2025-07-30 16:33:05.306764,2025-07-30 16:33:05.306764,bb05204b-9818-4e53-9036-6b29b936b0fb,2d2b6e3f-3ba5-4f40-b872-45395a69f9b4
d618c988-092c-47f4-bc3b-0a165a339719,a51179db-cc4b-4db9-9f7c-5c30d14ee7bd,222264b4-e46a-427a-b527-c65991f7a8b6,2025-07-30 16:33:05.306764,2025-07-30 16:33:05.306764,bb05204b-9818-4e53-9036-6b29b936b0fb,d6f48ad8-5069-44dc-a382-ff923f44f273
c90b6dd4-133e-4324-aa14-0e985eccfe14,a4e41027-eabc-4485-809f-54e096c6a18a,dd8a33a6-3e40-419b-9e08-b511e62e2388,2025-07-30 16:33:05.306764,2025-07-30 16:33:05.306764,bb05204b-9818-4e53-9036-6b29b936b0fb,b0af5582-5fbf-4dc1-9590-5ab091da110a
ce7b90e8-c4db-4c18-86c0-34a91885bbec,d9b4eed0-446e-452d-97f4-1001b44ba5d5,2f27fe1d-d613-4ed3-a9b9-3c3ee02aa2b9,2025-07-30 16:33:05.306764,2025-07-30 16:33:05.306764,bb05204b-9818-4e53-9036-6b29b936b0fb,c303d4fd-74e8-45c6-8143-887700fd419f
4c396632-9e7e-450e-90f8-554bf6c00c6b,6777bc47-91f1-409e-b366-e82f6b481de7,1968bdb3-12f0-4527-b2b9-295665e8c63d,2025-07-30 16:33:05.306764,2025-07-30 16:33:05.306764,bb05204b-9818-4e53-9036-6b29b936b0fb,157adb3f-e95a-4b9e-8736-acac43d81724
d3d5c8a4-4aeb-4b0f-ab36-fa7341154ddd,4c1b2c4a-d154-44f1-a9e2-fc6c3801dc7e,2f27fe1d-d613-4ed3-a9b9-3c3ee02aa2b9,2025-07-30 16:33:05.306764,2025-07-30 16:33:05.306764,bb05204b-9818-4e53-9036-6b29b936b0fb,c5358320-335d-4051-8449-5112ae1e2822
11a92afd-a2c4-4083-8c71-a398d252ca78,15a90065-23ef-4f3c-8782-609e3351f34a,c6682a11-949c-4224-90af-591d994cc1d0,2025-07-30 16:33:05.306764,2025-07-30 16:33:05.306764,bb05204b-9818-4e53-9036-6b29b936b0fb,bf0675fe-b12f-44a3-98b2-2c4f54384fec
62d191cd-541e-4a04-a336-4cfb03df38e6,6efba15b-e9a5-4eb5-8a61-6a6ab5fac0be,bf360bb6-80da-4991-b37a-c785f39b6ea9,2025-07-30 16:33:05.306764,2025-07-30 16:33:05.306764,bb05204b-9818-4e53-9036-6b29b936b0fb,fd8df479-f5e7-4130-8e7c-c15f8613856e
b8954c89-914b-4a53-9357-f2d79678ba0b,4e2e548e-9e84-4071-bb0c-27cce39ef1df,1968bdb3-12f0-4527-b2b9-295665e8c63d,2025-07-30 16:33:05.306764,2025-07-30 16:33:05.306764,bb05204b-9818-4e53-9036-6b29b936b0fb,01b1400b-8ec0-4110-9402-522f887ec295
5ffc6ca4-eb9f-44f9-ad17-dbe0f93ca7b0,78c1be87-394c-4219-b895-0d5ec07a6156,0e57436c-f305-492f-8f73-d4091f46436d,2025-07-30 16:33:05.306764,2025-07-30 16:33:05.306764,bb05204b-9818-4e53-9036-6b29b936b0fb,708ab5db-f750-4a9b-8828-a22f1691d521
dc35fc82-cace-4a88-93d6-9233d18fce78,9ac578e4-1b8d-49dc-afce-226e7d519a83,0e57436c-f305-492f-8f73-d4091f46436d,2025-07-30 16:33:05.306764,2025-07-30 16:33:05.306764,bb05204b-9818-4e53-9036-6b29b936b0fb,1bad99f1-00e4-4201-adab-8735b3092313
7401a0d6-19e1-4a49-8d54-c7673937125e,d16759d5-63fe-45d4-b3c1-c10e22de2758,222264b4-e46a-427a-b527-c65991f7a8b6,2025-07-30 16:33:05.306764,2025-07-30 16:33:05.306764,bb05204b-9818-4e53-9036-6b29b936b0fb,69ec1629-08ed-471f-b4e9-0b43c5f8dbb5
ded01e08-4b2e-49e0-bf01-a2c7b06f71f0,db9a3176-96da-4e13-86db-bfe3695aba28,676cdfab-f6ca-4bc4-b649-9978a83cc7bc,2025-07-30 16:33:05.306764,2025-07-30 16:33:05.306764,bb05204b-9818-4e53-9036-6b29b936b0fb,fb643438-609c-43e8-b7ab-7d20b7f05e1f
562ba7bc-d670-4bb5-b1d4-07577de799eb,4c1b2c4a-d154-44f1-a9e2-fc6c3801dc7e,1968bdb3-12f0-4527-b2b9-295665e8c63d,2025-07-30 16:33:05.306764,2025-07-30 16:33:05.306764,bb05204b-9818-4e53-9036-6b29b936b0fb,9f88a646-a3e7-41c3-a24e-74ce0e612526
a2789533-2a51-4977-977a-68760d0fb0ec,c6b5e02d-d24b-42f0-ac77-5344f388f727,222264b4-e46a-427a-b527-c65991f7a8b6,2025-07-30 16:33:05.306764,2025-07-30 16:33:05.306764,bb05204b-9818-4e53-9036-6b29b936b0fb,6cacf8cb-73fc-4b04-b055-7ce162dcb900
b5512732-0add-4769-8ada-e3ac2188ea30,8a279b59-ccba-46a9-b548-b58f6e04801f,2f27fe1d-d613-4ed3-a9b9-3c3ee02aa2b9,2025-07-30 16:33:05.306764,2025-07-30 16:33:05.306764,bb05204b-9818-4e53-9036-6b29b936b0fb,85b8b732-9582-4cc2-9590-55b02b062e86
9ad2acf7-f2bf-42fd-9118-73ca0d1064df,6c85ab8a-78db-443b-a385-d1a4b5bedf50,c752295b-e2cd-48ba-afe6-9458dfd17b8c,2025-07-30 16:33:05.306764,2025-07-30 16:33:05.306764,bb05204b-9818-4e53-9036-6b29b936b0fb,cf6e5893-ced6-4c92-9e85-ba48b0e70c24
f10d3be3-4dac-44b0-a4e8-7c421c661c1a,27e355a9-cd56-4f7e-8943-917df9dd589d,676cdfab-f6ca-4bc4-b649-9978a83cc7bc,2025-07-30 16:33:05.306764,2025-07-30 16:33:05.306764,bb05204b-9818-4e53-9036-6b29b936b0fb,8e87a6d6-e7ae-4232-b21d-1316cc5d8c9b
dcc11fe5-ed22-410a-a440-dc8cf7cfe7dd,b1c5a172-151a-49b2-85c0-cfc63f13138e,2f27fe1d-d613-4ed3-a9b9-3c3ee02aa2b9,2025-07-30 16:33:05.306764,2025-07-30 16:33:05.306764,bb05204b-9818-4e53-9036-6b29b936b0fb,83dce61a-85aa-446c-9b2f-181a59ea7173
432eddca-d454-442b-a92c-8716b69f86ad,ee3b8a39-56f1-44bc-bb14-92a936cc5fb7,1968bdb3-12f0-4527-b2b9-295665e8c63d,2025-07-30 16:33:05.306764,2025-07-30 16:33:05.306764,bb05204b-9818-4e53-9036-6b29b936b0fb,33b2d509-2bbc-4d1e-92ba-99945b15ba3e
b55b43f0-aeac-4bc8-b97b-95dfbce0e220,6b3542bf-9232-478e-b1cb-e2528844cd92,c6682a11-949c-4224-90af-591d994cc1d0,2025-07-30 16:33:05.306764,2025-07-30 16:33:05.306764,bb05204b-9818-4e53-9036-6b29b936b0fb,01b0fc29-6d24-4d5a-8104-19a804a36e45
a6d9cf90-cbe5-47d6-926f-a98035ae143b,a6e961fa-c92a-4395-b691-1e1596e4f0ed,dd8a33a6-3e40-419b-9e08-b511e62e2388,2025-07-30 16:33:05.306764,2025-07-30 16:33:05.306764,bb05204b-9818-4e53-9036-6b29b936b0fb,0186a2cc-373c-479c-a24e-d848bfad999f
bbe5f773-ed72-4a88-af00-ac9af4900dab,7f523488-7db0-4151-8283-24bf9119e218,0e57436c-f305-492f-8f73-d4091f46436d,2025-07-30 16:33:05.306764,2025-07-30 16:33:05.306764,bb05204b-9818-4e53-9036-6b29b936b0fb,bea7fdd8-c949-485e-88a5-7af62cd2cb40
6114f720-43dd-4946-9604-2babbc070c45,4787b20d-7d92-4c61-be91-6dc7bc2312c5,9601b110-b81b-46c0-9da1-77e159d0a7ed,2025-07-30 16:33:05.306764,2025-07-30 16:33:05.306764,bb05204b-9818-4e53-9036-6b29b936b0fb,28131d38-0b62-42a8-ad59-f768cee24977
e212eb0d-0950-4329-9118-41af8141f0f5,f5f36ec6-bb05-4b65-9b81-d875a440d963,676cdfab-f6ca-4bc4-b649-9978a83cc7bc,2025-07-30 16:33:05.306764,2025-07-30 16:33:05.306764,bb05204b-9818-4e53-9036-6b29b936b0fb,8dd9aeef-e4e2-4e6b-a504-53bdb8f9f09a
4051cf06-a5d4-4805-9ef1-26c630e17124,3362b79a-2b05-44f3-acbf-a1296a10c3ab,222264b4-e46a-427a-b527-c65991f7a8b6,2025-07-30 16:33:05.306764,2025-07-30 16:33:05.306764,bb05204b-9818-4e53-9036-6b29b936b0fb,0863cfaf-8cc5-4cde-b353-49a1b0b4bead
7af009e1-67c9-434f-9c9b-7dd1e16101d1,be25fb8f-cf65-438f-8071-f9da5c61bc53,0e57436c-f305-492f-8f73-d4091f46436d,2025-07-30 16:33:05.306764,2025-07-30 16:33:05.306764,bb05204b-9818-4e53-9036-6b29b936b0fb,9d8f7fbf-c736-40a9-ab63-3d5724dd96a6
bc7eaa7a-601e-4291-8940-bcbc536373ad,7a469b42-d274-4505-80c3-029c58f7df92,1968bdb3-12f0-4527-b2b9-295665e8c63d,2025-07-30 16:33:05.306764,2025-07-30 16:33:05.306764,bb05204b-9818-4e53-9036-6b29b936b0fb,6893dc10-3546-439e-9922-deaf7e13f35e
8be1bb5d-63c2-4b3f-a36f-3961a3429feb,41b00fe0-ba05-4d27-95c2-04e0a2c284ba,222264b4-e46a-427a-b527-c65991f7a8b6,2025-07-30 16:33:05.306764,2025-07-30 16:33:05.306764,bb05204b-9818-4e53-9036-6b29b936b0fb,8c90b8a1-ae82-4168-a315-ade9256a9ec5
7ab85f22-4e25-4470-93aa-ffb8c3702d9f,5e702b4f-7d1c-49fa-b415-46612343d402,bf360bb6-80da-4991-b37a-c785f39b6ea9,2025-07-30 16:33:05.306764,2025-07-30 16:33:05.306764,bb05204b-9818-4e53-9036-6b29b936b0fb,dbb5e139-4255-4d66-8cae-f263cf03b6d1
99002b9b-eaf2-41c4-b4a9-a226b0f4c6f5,23a9eb3c-fed4-420b-b436-c7d6db66bd10,9601b110-b81b-46c0-9da1-77e159d0a7ed,2025-07-30 16:33:05.306764,2025-07-30 16:33:05.306764,bb05204b-9818-4e53-9036-6b29b936b0fb,9262bc00-c80a-448a-af0d-67d3c7739f14
26720a7e-99b1-4dfe-9b95-39f3cac4065f,66c31ce6-65d8-4589-8b8f-0141eac80f5b,c6682a11-949c-4224-90af-591d994cc1d0,2025-07-30 16:33:05.306764,2025-07-30 16:33:05.306764,bb05204b-9818-4e53-9036-6b29b936b0fb,85f1b3e2-e8af-41b9-be6c-322bba57ca9c
6858a110-221b-44ad-8a69-e4b1db5ce730,f2a4d0e0-5cd9-4937-a76f-83f43fdfe9ba,bf360bb6-80da-4991-b37a-c785f39b6ea9,2025-07-30 16:33:05.306764,2025-07-30 16:33:05.306764,bb05204b-9818-4e53-9036-6b29b936b0fb,d72f4ac1-c41c-4429-b8d6-468eb7e05a52
c9b318f0-d182-4873-b7e0-c8121c92bf18,085be69d-63b1-4b27-a3ac-56c541c62371,c6682a11-949c-4224-90af-591d994cc1d0,2025-07-30 16:33:05.306764,2025-07-30 16:33:05.306764,bb05204b-9818-4e53-9036-6b29b936b0fb,07b94c0a-b78c-4b89-8a4f-a2d3fdcfce13
a4d196d7-3463-4d7c-8115-2cffd346e055,b361d457-4dc9-4b61-ac93-82b09c3a20a1,1968bdb3-12f0-4527-b2b9-295665e8c63d,2025-07-30 16:33:05.306764,2025-07-30 16:33:05.306764,bb05204b-9818-4e53-9036-6b29b936b0fb,5b636bfe-a8ac-4c7a-a1c2-10da12fc71a4
322e409c-afd9-498c-b369-1d8c9c87380e,e3dda837-2c6b-47b1-8b87-f5c563a8d5e1,bf360bb6-80da-4991-b37a-c785f39b6ea9,2025-07-30 16:33:05.306764,2025-07-30 16:33:05.306764,bb05204b-9818-4e53-9036-6b29b936b0fb,c6a147b4-c4e2-4a31-b01b-c06b2b3fd94f
10779ab9-d92f-4c35-b493-9870ed93c15e,1e784a3d-2c00-4a2f-8b95-14a9ea9b8509,dd8a33a6-3e40-419b-9e08-b511e62e2388,2025-07-30 16:33:05.306764,2025-07-30 16:33:05.306764,bb05204b-9818-4e53-9036-6b29b936b0fb,309e44ca-4634-4237-95d9-d3177aaecf48
60f104a8-8923-4873-ab5a-3dd296e2dbd3,16f186f2-b422-4fb7-8489-61046d9f1c4d,c752295b-e2cd-48ba-afe6-9458dfd17b8c,2025-07-30 16:33:05.306764,2025-07-30 16:33:05.306764,bb05204b-9818-4e53-9036-6b29b936b0fb,a57397c3-2b69-4125-bb4e-3db9ef458d78
fd74ca86-9809-4480-bdf8-4fa4712e45be,daead6a0-3624-4cfb-86dd-cd97935b155e,1968bdb3-12f0-4527-b2b9-295665e8c63d,2025-07-30 16:33:05.306764,2025-07-30 16:33:05.306764,bb05204b-9818-4e53-9036-6b29b936b0fb,9b513693-e357-43fa-bf95-600353ede3ab
abfface7-7e34-4c3a-88f8-c148c52bc0df,09ac71bb-31f6-4a88-82b5-84f475c52057,9601b110-b81b-46c0-9da1-77e159d0a7ed,2025-07-30 16:33:05.306764,2025-07-30 16:33:05.306764,bb05204b-9818-4e53-9036-6b29b936b0fb,7b0f1c85-8706-4bf5-8f39-fcdb17590aec
ab22f4ca-8553-41df-802d-c132e5378eaf,e4afd27a-b529-4007-ba2e-e453d04c3cc5,0e57436c-f305-492f-8f73-d4091f46436d,2025-07-30 16:33:05.306764,2025-07-30 16:33:05.306764,bb05204b-9818-4e53-9036-6b29b936b0fb,c360b066-d2f0-4ef1-aea3-d41d00e6bb98
d0b5db16-cdf3-47bb-a2a0-b98b82ee1b1c,3cf14fb1-288a-40ba-8605-e8bfc664072e,222264b4-e46a-427a-b527-c65991f7a8b6,2025-07-30 16:33:05.306764,2025-07-30 16:33:05.306764,bb05204b-9818-4e53-9036-6b29b936b0fb,1c3a2c51-ec19-4cc5-9af4-7bc2ddb4b6b2
2c72948f-3021-4167-8516-5d8452b1a7f1,cfb80cf8-77e2-49ea-b612-a69f59e4e308,bf360bb6-80da-4991-b37a-c785f39b6ea9,2025-07-30 16:33:05.306764,2025-07-30 16:33:05.306764,bb05204b-9818-4e53-9036-6b29b936b0fb,9d393aa6-d174-42b8-8238-ca0b51afec78
3a943497-1324-4f56-9240-8c9c3f7ada3a,91eee63f-23cd-4429-bf95-70e52c0b672e,dd8a33a6-3e40-419b-9e08-b511e62e2388,2025-07-30 16:33:05.306764,2025-07-30 16:33:05.306764,bb05204b-9818-4e53-9036-6b29b936b0fb,41a6c5c4-010f-49aa-97b1-a1ce4e24ea06
62bc80ff-8ba1-49f0-a4be-d075a8acaaa6,5cafc515-f0e4-43d3-a24e-3b5841285719,9601b110-b81b-46c0-9da1-77e159d0a7ed,2025-07-30 16:33:05.306764,2025-07-30 16:33:05.306764,bb05204b-9818-4e53-9036-6b29b936b0fb,d12bd51b-20b2-48cf-ac77-06254c2c5182
80c8ddca-bb34-40df-bb1b-b305bbafb038,0399108f-e833-42ad-bd04-e38fea7faa97,2f27fe1d-d613-4ed3-a9b9-3c3ee02aa2b9,2025-07-30 16:33:05.306764,2025-07-30 16:33:05.306764,bb05204b-9818-4e53-9036-6b29b936b0fb,8337e7f3-48b6-4df4-b9f9-512159123081
a7e8a0c0-daa2-4cc8-b0a1-59a4ec83a4a5,dca2058a-d2f0-4d5a-aa96-4bd1996a9439,9601b110-b81b-46c0-9da1-77e159d0a7ed,2025-07-30 16:33:05.306764,2025-07-30 16:33:05.306764,bb05204b-9818-4e53-9036-6b29b936b0fb,ad5b200a-ca60-4fda-8139-4e22fae15da2
ddf8c059-3c89-412b-b036-aea74b94b4a9,213ee584-b018-40a7-9ddc-66d9e04e613a,222264b4-e46a-427a-b527-c65991f7a8b6,2025-07-30 16:33:05.306764,2025-07-30 16:33:05.306764,bb05204b-9818-4e53-9036-6b29b936b0fb,ff855233-fd14-4f3e-8327-cab1bd8dd3c3
e6996ed7-159a-4001-8385-026dd49f974e,a1939114-aa87-4350-a20e-8f4f35b9ce5b,222264b4-e46a-427a-b527-c65991f7a8b6,2025-07-30 16:33:05.306764,2025-07-30 16:33:05.306764,bb05204b-9818-4e53-9036-6b29b936b0fb,d1e93a50-862e-44ba-ab32-92dd2ad6d12e
e7f53b6e-3b18-4618-af65-431a2b86c49b,bcd4dd3d-a40e-4472-8907-3439c2fedffe,0e57436c-f305-492f-8f73-d4091f46436d,2025-07-30 16:33:05.306764,2025-07-30 16:33:05.306764,bb05204b-9818-4e53-9036-6b29b936b0fb,b63878e8-ebe8-47f9-aa8b-6a5db18943be
18b34863-018e-4518-994a-280651a115dc,6d892444-07a8-4b09-aabd-a5782f93c536,c6682a11-949c-4224-90af-591d994cc1d0,2025-07-30 16:33:05.306764,2025-07-30 16:33:05.306764,bb05204b-9818-4e53-9036-6b29b936b0fb,c3340093-8bf6-423a-9b8d-ce8eba0079b8
b796205a-654d-4872-8195-a6d657745b02,371ef70b-0b0a-4062-b046-eef615a576d9,c752295b-e2cd-48ba-afe6-9458dfd17b8c,2025-07-30 16:33:05.306764,2025-07-30 16:33:05.306764,bb05204b-9818-4e53-9036-6b29b936b0fb,3abf8b0f-1163-48f8-b75b-f4ab44eb8803
adcb98d7-8876-4ae9-9302-69e3b12b70e1,543e8605-51ad-44f7-a899-f26a5a7a671b,c6682a11-949c-4224-90af-591d994cc1d0,2025-07-30 16:33:05.306764,2025-07-30 16:33:05.306764,bb05204b-9818-4e53-9036-6b29b936b0fb,ce06bfe5-3581-491e-ab25-4291de31dd07
e746fbe2-13bc-4a8b-b2c6-ad8dac0a78ac,f1fed835-683e-412f-96b1-e4e7e27790fe,1968bdb3-12f0-4527-b2b9-295665e8c63d,2025-07-30 16:33:05.306764,2025-07-30 16:33:05.306764,bb05204b-9818-4e53-9036-6b29b936b0fb,ec710130-cbf0-428c-98ef-8236da4fd70f
f74b76a7-a309-4723-9ede-0a15330f6396,0c978f95-3c6f-4a0d-b6dd-378356907da3,c752295b-e2cd-48ba-afe6-9458dfd17b8c,2025-07-30 16:33:05.306764,2025-07-30 16:33:05.306764,bb05204b-9818-4e53-9036-6b29b936b0fb,b6b487e7-0436-476d-bdaf-7aeb6526e2ec
195692f9-2f4b-4a39-86c7-abe81f1cf07a,b95a4bf7-cf62-4391-8b1d-77d4c5423a46,bf360bb6-80da-4991-b37a-c785f39b6ea9,2025-07-30 16:33:05.306764,2025-07-30 16:33:05.306764,bb05204b-9818-4e53-9036-6b29b936b0fb,6d96d6fb-df83-48f6-8c8d-6337d4603238
2cee218e-634f-4dc7-bc49-feb5f951f30e,867d8117-e20c-49f9-bd29-10be3e29f1b2,c6682a11-949c-4224-90af-591d994cc1d0,2025-07-30 16:33:05.306764,2025-07-30 16:33:05.306764,bb05204b-9818-4e53-9036-6b29b936b0fb,49dc17c9-ed71-4c83-81df-d0c71c713230
2a0f751a-8ec0-4fe5-8910-9aa697cb8efb,5544eb68-791d-4437-b061-5f5f51f926df,c752295b-e2cd-48ba-afe6-9458dfd17b8c,2025-07-30 16:33:05.306764,2025-07-30 16:33:05.306764,bb05204b-9818-4e53-9036-6b29b936b0fb,0f4440f6-3c54-41ac-87f8-10fa809eb9fc
4c502f45-e533-4526-99fc-3c536703ec10,360c77a0-ca0d-48a9-baf7-ba4eec418433,bf360bb6-80da-4991-b37a-c785f39b6ea9,2025-07-30 16:33:05.306764,2025-07-30 16:33:05.306764,bb05204b-9818-4e53-9036-6b29b936b0fb,f9a17f46-30a2-436c-882a-9352b518d8d3
f9f30259-c410-4af9-9a10-e6b4dadca504,f329f09d-eea7-43a8-bb27-32efe22605f0,c6682a11-949c-4224-90af-591d994cc1d0,2025-07-30 16:33:05.306764,2025-07-30 16:33:05.306764,bb05204b-9818-4e53-9036-6b29b936b0fb,cd38c169-4fd9-44ce-ae75-0afea66bced0
9a103907-8da8-4b2f-9ff1-3e0366e1de9b,1ee99d7f-a788-4f20-902c-201f5b1ff4e9,9601b110-b81b-46c0-9da1-77e159d0a7ed,2025-07-30 16:33:05.306764,2025-07-30 16:33:05.306764,bb05204b-9818-4e53-9036-6b29b936b0fb,abc46a08-8a97-4bb2-bace-7d890382a45d
d5c3aba6-70db-49a6-8ab6-b6af8d5671ce,933b81b4-829d-4ad5-88ac-222492b55155,dd8a33a6-3e40-419b-9e08-b511e62e2388,2025-07-30 16:33:05.306764,2025-07-30 16:33:05.306764,bb05204b-9818-4e53-9036-6b29b936b0fb,159e4599-9fe1-44f7-917d-e5537cf02b8b
02a856c9-74a6-47e2-aec2-1ac6d55b03da,08444f65-cd9b-44bb-a3ec-3a9c63ec8692,222264b4-e46a-427a-b527-c65991f7a8b6,2025-07-30 16:33:05.306764,2025-07-30 16:33:05.306764,bb05204b-9818-4e53-9036-6b29b936b0fb,752d3457-5541-4dd5-8dad-d7e7fb92dd84
c1110181-0804-4c6e-8e56-679cd828ffb1,64eb4ea2-f91c-4e88-92f8-6e172a3320bf,c6682a11-949c-4224-90af-591d994cc1d0,2025-07-30 16:33:05.306764,2025-07-30 16:33:05.306764,bb05204b-9818-4e53-9036-6b29b936b0fb,318d14f0-5716-4d59-bfa4-539f0b5a72c2
3d7f178d-b805-4482-914c-27c8681afbfc,a1ad744c-5509-4413-b215-381df894a813,1968bdb3-12f0-4527-b2b9-295665e8c63d,2025-07-30 16:33:05.306764,2025-07-30 16:33:05.306764,bb05204b-9818-4e53-9036-6b29b936b0fb,6a120101-aab5-4355-92ce-9a9ab5645e36
8c3981f9-e98f-42e6-9a8f-0925ad3e0e56,98e7f48f-6310-4e42-90d5-a09582de2439,1968bdb3-12f0-4527-b2b9-295665e8c63d,2025-07-30 16:33:05.306764,2025-07-30 16:33:05.306764,bb05204b-9818-4e53-9036-6b29b936b0fb,665bea6b-7c36-4864-a1ef-eebe76bcd65a
24f5db1d-1f70-409c-aab6-2a7b50b7b026,58327d59-62c3-465d-a5fb-d98157ef23c7,676cdfab-f6ca-4bc4-b649-9978a83cc7bc,2025-07-30 16:33:05.306764,2025-07-30 16:33:05.306764,bb05204b-9818-4e53-9036-6b29b936b0fb,5dbe3609-c72d-402b-9996-f7f16bb3acc2
2aa1ef5e-dcfe-4a38-8b7a-653055f1aa37,02e50afe-9737-44f8-abb8-c7b08bd3b414,676cdfab-f6ca-4bc4-b649-9978a83cc7bc,2025-07-30 16:33:05.306764,2025-07-30 16:33:05.306764,bb05204b-9818-4e53-9036-6b29b936b0fb,234f3665-fbde-4dd7-a921-4462ad08f943
09b14ffa-23c8-422a-9671-31a467b8cb65,622b9c9e-f2ff-4bcd-9c7f-a85778f3790a,0e57436c-f305-492f-8f73-d4091f46436d,2025-07-30 16:33:05.306764,2025-07-30 16:33:05.306764,bb05204b-9818-4e53-9036-6b29b936b0fb,33bc87fd-57ad-4bb4-a897-307d81bd51c0
ea063e29-c354-4cf5-81d1-3115b0800d79,59d74841-b6a1-4d63-a691-e532f9382f25,dd8a33a6-3e40-419b-9e08-b511e62e2388,2025-07-30 16:33:05.306764,2025-07-30 16:33:05.306764,bb05204b-9818-4e53-9036-6b29b936b0fb,9d02de47-d500-48de-b10a-0379db9b1a89
493c5386-0ca9-4cbc-b854-7726174b4e6e,27d52aa2-6320-4dc0-8576-f7ce36b7a808,222264b4-e46a-427a-b527-c65991f7a8b6,2025-07-30 16:33:05.306764,2025-07-30 16:33:05.306764,bb05204b-9818-4e53-9036-6b29b936b0fb,9d1030ba-ec4d-4a6c-a712-9f72f96a1a87
efd2e1d0-65d4-4257-9374-98899af52f1e,6ea12f42-9034-44e4-a0be-f98961d25d8f,dd8a33a6-3e40-419b-9e08-b511e62e2388,2025-07-30 16:33:05.306764,2025-07-30 16:33:05.306764,bb05204b-9818-4e53-9036-6b29b936b0fb,d3902a92-c87c-4d88-900e-a395f607a3e9
7b68125e-2ee0-46b2-96a0-0eb74b8a82ba,5d422e92-67be-4d22-89e8-f7b76101d381,2f27fe1d-d613-4ed3-a9b9-3c3ee02aa2b9,2025-07-30 16:33:05.306764,2025-07-30 16:33:05.306764,bb05204b-9818-4e53-9036-6b29b936b0fb,71799417-b6dd-4082-ba85-8e02690f7b40
46720e0f-3da4-4d67-842d-16cad6c5ab90,3d080013-b43d-46be-8764-6ba89ac3ded8,1968bdb3-12f0-4527-b2b9-295665e8c63d,2025-07-30 16:33:05.306764,2025-07-30 16:33:05.306764,bb05204b-9818-4e53-9036-6b29b936b0fb,ed9e3427-2696-44ec-9e86-be66531ffb83
e3342cf8-1f67-414b-a9fe-0db9b3826bd8,f0d34233-e9ba-4d55-8040-4c6c1ef1ae74,c752295b-e2cd-48ba-afe6-9458dfd17b8c,2025-07-30 16:33:05.306764,2025-07-30 16:33:05.306764,bb05204b-9818-4e53-9036-6b29b936b0fb,dbdcfa42-3767-47b2-bb5c-21a572261242
7db4a387-d88f-4418-9c6a-602f21f26757,b5e5c2bb-2448-42bc-8209-1eb88747cd56,222264b4-e46a-427a-b527-c65991f7a8b6,2025-07-30 16:33:05.306764,2025-07-30 16:33:05.306764,bb05204b-9818-4e53-9036-6b29b936b0fb,e6338fb4-9110-448f-9294-c1eab5e5f658
b645846a-0bfb-403f-b173-c14a1c79fa74,6644ae20-6628-4caf-86e0-5ef0f2eb9369,c752295b-e2cd-48ba-afe6-9458dfd17b8c,2025-07-30 16:33:05.306764,2025-07-30 16:33:05.306764,bb05204b-9818-4e53-9036-6b29b936b0fb,83b4a301-0356-4922-97c5-bc1379bc0460
d7f247b6-818a-4993-a573-97f5f2b2952b,f2dc3d6e-c12a-4dea-9d43-d95c970cb94b,9601b110-b81b-46c0-9da1-77e159d0a7ed,2025-07-30 16:33:05.306764,2025-07-30 16:33:05.306764,bb05204b-9818-4e53-9036-6b29b936b0fb,b6687044-9d37-4e32-a727-25117caef063
863158e2-648d-41f1-a286-6cf8fbf50f1f,d136bb4c-441c-4a3c-834c-8713ffe3e623,c752295b-e2cd-48ba-afe6-9458dfd17b8c,2025-07-30 16:33:05.306764,2025-07-30 16:33:05.306764,bb05204b-9818-4e53-9036-6b29b936b0fb,f3e68e7d-2cf3-4f5e-b604-1baf9a51210a
d5268f9c-453e-486e-8d1e-63236b95e579,15830115-20e3-47a4-a5ee-0a8cbed90bfb,dd8a33a6-3e40-419b-9e08-b511e62e2388,2025-07-30 16:33:05.306764,2025-07-30 16:33:05.306764,bb05204b-9818-4e53-9036-6b29b936b0fb,2eab7346-7180-45b4-a9ad-08069b6b2870
ebfda7eb-5576-42fd-bdb1-5d725e84aacf,15a0726d-21a5-4937-9694-f6a68eba25ce,2f27fe1d-d613-4ed3-a9b9-3c3ee02aa2b9,2025-07-30 16:33:05.306764,2025-07-30 16:33:05.306764,bb05204b-9818-4e53-9036-6b29b936b0fb,b7507b7e-3b04-46fb-b007-91a55c493d3d
5e29b823-72eb-4384-8ccd-00e651b2c684,4b444dc8-ddbf-4a50-bbc9-b09e66e8652b,9601b110-b81b-46c0-9da1-77e159d0a7ed,2025-07-30 16:33:05.306764,2025-07-30 16:33:05.306764,bb05204b-9818-4e53-9036-6b29b936b0fb,29171ed1-c0bb-468e-8af3-020dc867857f
843a0ca0-9305-47d9-8601-54dc7e9f470a,75e39914-5092-426d-9a5f-cc2222c8a0bd,c6682a11-949c-4224-90af-591d994cc1d0,2025-07-30 16:33:05.306764,2025-07-30 16:33:05.306764,bb05204b-9818-4e53-9036-6b29b936b0fb,a6a64e21-e4f0-480b-9fbb-e2774442dd7e
496044f1-3c1f-4054-baf4-d005846c6c4d,437ed67d-7f5a-4d38-aac7-f30424b0631d,676cdfab-f6ca-4bc4-b649-9978a83cc7bc,2025-07-30 16:33:05.306764,2025-07-30 16:33:05.306764,bb05204b-9818-4e53-9036-6b29b936b0fb,e4a55ce2-e7b8-4373-9bfa-7085c2be3a34
d321872b-af31-44c9-a75e-cb5a424f501a,6777bc47-91f1-409e-b366-e82f6b481de7,1968bdb3-12f0-4527-b2b9-295665e8c63d,2025-07-30 16:33:05.306764,2025-07-30 16:33:05.306764,bb05204b-9818-4e53-9036-6b29b936b0fb,64f804a1-0c82-442b-8c8c-c86bd584887e
fc8edf7a-0cb2-4d09-8267-53711ec9a435,7927609b-1145-431f-8393-cb56fe0cc6ec,c752295b-e2cd-48ba-afe6-9458dfd17b8c,2025-07-30 16:33:05.306764,2025-07-30 16:33:05.306764,bb05204b-9818-4e53-9036-6b29b936b0fb,d655ae74-b818-415e-8772-5304c7503a63
a8afbf4f-e0c2-4feb-bf9b-837c073500e7,40b20032-0259-4bb3-b64d-e8e6944900ae,222264b4-e46a-427a-b527-c65991f7a8b6,2025-07-30 16:33:05.306764,2025-07-30 16:33:05.306764,bb05204b-9818-4e53-9036-6b29b936b0fb,6fa161ac-45cf-444a-89a4-3cdc5567c2a2
f9bb2543-788c-4acc-96a8-c828e3aff820,aedfa14f-7928-47d5-8ce8-8b1ddef934ee,c752295b-e2cd-48ba-afe6-9458dfd17b8c,2025-07-30 16:33:05.306764,2025-07-30 16:33:05.306764,bb05204b-9818-4e53-9036-6b29b936b0fb,65069248-0521-4ce8-930f-4382930ee25a
700837e1-e1b7-4729-a9c9-de699bfac832,86badef7-b89f-471f-8f3b-c35025f515c7,bf360bb6-80da-4991-b37a-c785f39b6ea9,2025-07-30 16:33:05.306764,2025-07-30 16:33:05.306764,bb05204b-9818-4e53-9036-6b29b936b0fb,11fd3b85-43f3-4b26-a4da-8843b59d009a
76f51f17-0b69-436d-a6ee-71d0812c1824,adb5595c-c5c9-4c1b-89f0-2d522152dac9,bf360bb6-80da-4991-b37a-c785f39b6ea9,2025-07-30 16:33:05.306764,2025-07-30 16:33:05.306764,bb05204b-9818-4e53-9036-6b29b936b0fb,c1945831-e932-4dbe-b87c-e6d2c458e145
7d5dccd8-34b8-45a4-a847-0666a574004c,a1c5ea79-6f31-4c21-941c-93db19420a0b,bf360bb6-80da-4991-b37a-c785f39b6ea9,2025-07-30 16:33:05.306764,2025-07-30 16:33:05.306764,bb05204b-9818-4e53-9036-6b29b936b0fb,c9e20403-a599-437f-aa7a-7c0c2dd6efc1
4766be5f-559c-4cfb-84f5-4208ed630653,5761863e-63d4-4744-b78f-c16cc4da7187,676cdfab-f6ca-4bc4-b649-9978a83cc7bc,2025-07-30 16:33:05.306764,2025-07-30 16:33:05.306764,bb05204b-9818-4e53-9036-6b29b936b0fb,a701f2a1-602b-4c69-9dc0-3a332c02a078
82032b63-9409-4c86-a531-cfab375580b5,8af46409-95e0-4e76-9f71-e0a82cb3db7b,222264b4-e46a-427a-b527-c65991f7a8b6,2025-07-30 16:33:05.306764,2025-07-30 16:33:05.306764,bb05204b-9818-4e53-9036-6b29b936b0fb,9f7e43af-5b5a-4e5a-822e-5d763ac52883
deb33257-860d-449f-a40b-6acc9f215fff,0b62a593-8aff-46bb-921e-a6a89ce2348c,1968bdb3-12f0-4527-b2b9-295665e8c63d,2025-07-30 16:33:05.306764,2025-07-30 16:33:05.306764,bb05204b-9818-4e53-9036-6b29b936b0fb,f517b64d-f275-4cfa-8735-22da5f15d14b
50bdfd62-16e4-48ab-92ab-b80e71c15a0a,b105969d-5ff5-4517-a17a-4b1134f06443,dd8a33a6-3e40-419b-9e08-b511e62e2388,2025-07-30 16:33:05.306764,2025-07-30 16:33:05.306764,bb05204b-9818-4e53-9036-6b29b936b0fb,bb690d32-eb0d-458a-97e4-d393a8f37a3c
c68a0719-4598-40fe-bf2a-362fa714f966,549813b3-01d2-48ea-b97a-7d09913356e7,9601b110-b81b-46c0-9da1-77e159d0a7ed,2025-07-30 16:33:05.306764,2025-07-30 16:33:05.306764,bb05204b-9818-4e53-9036-6b29b936b0fb,8268e14e-b145-4e8a-bbcd-827040a8eb17
23a94c74-582f-42c6-a3d7-335ecb6b11f2,bbd5b5f6-3918-43e2-b682-8ab615a2a4d9,dd8a33a6-3e40-419b-9e08-b511e62e2388,2025-07-30 16:33:05.306764,2025-07-30 16:33:05.306764,bb05204b-9818-4e53-9036-6b29b936b0fb,64755e29-4b89-43ad-bbce-49a9af49c4bf
75ed0f50-03e8-4270-958a-578cd388a22e,c6ab313d-fa9d-471f-8ff1-03784134e858,0e57436c-f305-492f-8f73-d4091f46436d,2025-07-30 16:33:05.306764,2025-07-30 16:33:05.306764,bb05204b-9818-4e53-9036-6b29b936b0fb,807d6782-44f3-450f-b0f8-a0e6436cbf88
492b834a-75fa-481f-98dc-5e9f60ad64b6,92319ab7-50bd-4186-b3d5-bbe1b6bf8ad6,c752295b-e2cd-48ba-afe6-9458dfd17b8c,2025-07-30 16:33:05.306764,2025-07-30 16:33:05.306764,bb05204b-9818-4e53-9036-6b29b936b0fb,021c856b-299d-45b3-bcbf-2f8cc9751ebd
7fad5fc4-709f-4705-8de6-f68d8394472a,8e063b33-97e5-4abd-a420-6032454d27a0,1968bdb3-12f0-4527-b2b9-295665e8c63d,2025-07-30 16:33:05.306764,2025-07-30 16:33:05.306764,bb05204b-9818-4e53-9036-6b29b936b0fb,288174bc-112f-44d8-b82b-6a47bd40c798
4ad987f7-af02-47ba-94f5-55dfdba6af9f,4ae7d2e2-c717-4b1c-9609-092d157796d9,dd8a33a6-3e40-419b-9e08-b511e62e2388,2025-07-30 16:33:05.306764,2025-07-30 16:33:05.306764,bb05204b-9818-4e53-9036-6b29b936b0fb,8687d48a-34a3-403c-9bca-207a8776fede
f0cec7e6-2218-4c60-805f-c0c0d7d9ad5c,e6ae289d-a318-4f0e-9377-a25f83a57662,9601b110-b81b-46c0-9da1-77e159d0a7ed,2025-07-30 16:33:05.306764,2025-07-30 16:33:05.306764,bb05204b-9818-4e53-9036-6b29b936b0fb,257fee0e-200f-43be-9223-99d085237114
0754d317-ae6d-474d-ab42-9bb11b979dc0,8a279b59-ccba-46a9-b548-b58f6e04801f,c752295b-e2cd-48ba-afe6-9458dfd17b8c,2025-07-30 16:33:05.306764,2025-07-30 16:33:05.306764,bb05204b-9818-4e53-9036-6b29b936b0fb,92f8c84a-a243-425e-8fda-0d4da83079b3
788c48f6-063d-4542-bb70-068dc4665225,2b00cd93-330d-497d-be26-7d49db32314a,c752295b-e2cd-48ba-afe6-9458dfd17b8c,2025-07-30 16:33:05.306764,2025-07-30 16:33:05.306764,bb05204b-9818-4e53-9036-6b29b936b0fb,7d0bcd25-042f-475e-8475-7f3a3eccee74
dbd85c4c-e8f3-4198-9a30-bc9213f4b70e,0b590f81-48d9-4262-8105-8eb3139c77a0,c752295b-e2cd-48ba-afe6-9458dfd17b8c,2025-07-30 16:33:05.306764,2025-07-30 16:33:05.306764,bb05204b-9818-4e53-9036-6b29b936b0fb,e611c29a-9155-4b10-b839-b7c884722269
183233c3-5376-4f93-b455-1ac040d8cc08,08b23527-e06f-4816-9532-2a253dc8b67e,dd8a33a6-3e40-419b-9e08-b511e62e2388,2025-07-30 16:33:05.306764,2025-07-30 16:33:05.306764,bb05204b-9818-4e53-9036-6b29b936b0fb,30594cf1-6305-4334-8c5d-dcfaae0e7fa8
107d45b1-0e43-4d03-be4c-4371a88ddccb,ab40af78-598b-4180-bd34-bcb111732a26,dd8a33a6-3e40-419b-9e08-b511e62e2388,2025-07-30 16:33:05.306764,2025-07-30 16:33:05.306764,bb05204b-9818-4e53-9036-6b29b936b0fb,69daa972-acd4-4caf-8135-c468d5c4b5ea
4a87f600-bcf5-4ec4-bb86-7f1b359de0c6,1dc04a9f-206c-465f-9008-79f7cb59c9e1,c6682a11-949c-4224-90af-591d994cc1d0,2025-07-30 16:33:05.306764,2025-07-30 16:33:05.306764,bb05204b-9818-4e53-9036-6b29b936b0fb,5c6f9147-9cc7-4da6-8614-5ec49c37462d
622e4603-a39f-4c51-b3d2-2bdd166913dc,2bbf76a3-096a-4ab9-836e-fc41c769014f,0e57436c-f305-492f-8f73-d4091f46436d,2025-07-30 16:33:05.306764,2025-07-30 16:33:05.306764,bb05204b-9818-4e53-9036-6b29b936b0fb,eb0f4dc7-04ff-484e-ade0-f31c6146d9be
0205e57e-ab4c-4afc-b7d2-3db2f8f76e5a,7ff286c3-eae8-4c17-9c2b-ccabad68b334,9601b110-b81b-46c0-9da1-77e159d0a7ed,2025-07-30 16:33:05.306764,2025-07-30 16:33:05.306764,bb05204b-9818-4e53-9036-6b29b936b0fb,345bd3a0-0267-469f-afb6-4e72b197c7db
3547b449-728b-4aa5-b1da-7c3186897acc,1ea55548-afc7-4dc1-808d-e8f877104e82,9601b110-b81b-46c0-9da1-77e159d0a7ed,2025-07-30 16:33:05.306764,2025-07-30 16:33:05.306764,bb05204b-9818-4e53-9036-6b29b936b0fb,fa5e840e-48ab-4d06-9463-363266a44534
6303e808-cb13-4b6f-a00b-6b1c7a017645,ce5956c2-e504-42ff-96d1-277f22e80782,9601b110-b81b-46c0-9da1-77e159d0a7ed,2025-07-30 16:33:05.306764,2025-07-30 16:33:05.306764,bb05204b-9818-4e53-9036-6b29b936b0fb,f1464c2b-581e-4436-bbe6-3a578a2adff4
92ce7c4f-a1c2-4408-84f4-83fcd90df760,78a667a9-b675-42d5-9184-04c4ffdb7a48,c752295b-e2cd-48ba-afe6-9458dfd17b8c,2025-07-30 16:33:05.306764,2025-07-30 16:33:05.306764,bb05204b-9818-4e53-9036-6b29b936b0fb,4be530d2-a46e-40b4-a6c7-8e69b65f3f6c
1a1536fd-e14f-45a5-80b4-0d1b08404301,8c5b9d6b-3055-4af1-b87d-208b89433122,c6682a11-949c-4224-90af-591d994cc1d0,2025-07-30 16:33:05.306764,2025-07-30 16:33:05.306764,bb05204b-9818-4e53-9036-6b29b936b0fb,f82bb76d-fcac-48d7-b710-485f7a55a425
52af2b52-9224-4359-95d8-573bd05fb4aa,08b23527-e06f-4816-9532-2a253dc8b67e,676cdfab-f6ca-4bc4-b649-9978a83cc7bc,2025-07-30 16:33:05.306764,2025-07-30 16:33:05.306764,bb05204b-9818-4e53-9036-6b29b936b0fb,fefe6882-0dbe-4971-8cf3-0f809aa30f14
baaba05e-b1b7-44ea-82b8-da78ecbac20b,4b96697e-eba2-43f1-8594-23541631fa70,2f27fe1d-d613-4ed3-a9b9-3c3ee02aa2b9,2025-07-30 16:33:05.306764,2025-07-30 16:33:05.306764,bb05204b-9818-4e53-9036-6b29b936b0fb,1e4b8a39-38fc-49c8-9959-81d0bf4b5577
7c9c63dc-552a-4546-9b2f-5fd7daf6c8dd,df89017d-d29e-4740-8afa-bca25be3506f,c6682a11-949c-4224-90af-591d994cc1d0,2025-07-30 16:33:05.306764,2025-07-30 16:33:05.306764,bb05204b-9818-4e53-9036-6b29b936b0fb,68756e0a-ea64-4e89-aca9-bc103597e0cc
f1e3c632-1f4b-4161-b848-305308d14153,f1fed835-683e-412f-96b1-e4e7e27790fe,c6682a11-949c-4224-90af-591d994cc1d0,2025-07-30 16:33:05.306764,2025-07-30 16:33:05.306764,bb05204b-9818-4e53-9036-6b29b936b0fb,615eb862-fba2-4fc9-9b90-a50fd523ace6
5c3ac17f-1203-4fc6-9294-7aac818e23a5,7a469b42-d274-4505-80c3-029c58f7df92,0e57436c-f305-492f-8f73-d4091f46436d,2025-07-30 16:33:05.306764,2025-07-30 16:33:05.306764,bb05204b-9818-4e53-9036-6b29b936b0fb,b8462f53-99e7-4dda-b0f3-95868ebf31b9
7541d376-c5af-43a7-9084-5a482d5b288a,257230b5-fafc-46c4-bb92-078896c742d8,1968bdb3-12f0-4527-b2b9-295665e8c63d,2025-07-30 16:33:05.306764,2025-07-30 16:33:05.306764,bb05204b-9818-4e53-9036-6b29b936b0fb,8ec01c94-e982-4da3-8d3e-47384e881607
45675a92-cd19-418b-a676-964aba622f55,62e200c2-0602-4268-b848-42b3c1c38e9d,676cdfab-f6ca-4bc4-b649-9978a83cc7bc,2025-07-30 16:33:05.306764,2025-07-30 16:33:05.306764,bb05204b-9818-4e53-9036-6b29b936b0fb,a98656dc-cb85-458b-9636-7df30b863531
fbdfd30a-12ce-4680-8ebb-640ab059b251,cb326d20-5468-4786-8cb3-ae8b627af901,222264b4-e46a-427a-b527-c65991f7a8b6,2025-07-30 16:33:05.306764,2025-07-30 16:33:05.306764,bb05204b-9818-4e53-9036-6b29b936b0fb,8564d517-f6a9-4d48-8c89-b5ac307fa894
26cef6f6-2b05-47bb-87ab-607e24d6c165,68ded2b5-ed12-47b1-85f7-c236ef6376bd,2f27fe1d-d613-4ed3-a9b9-3c3ee02aa2b9,2025-07-30 16:33:05.306764,2025-07-30 16:33:05.306764,bb05204b-9818-4e53-9036-6b29b936b0fb,ad85419d-d282-4aa4-a89c-25169d3ec584
abab7cde-1678-4279-970b-f248ef40b03e,4bc34a38-44d0-497f-8132-82779cd54345,0e57436c-f305-492f-8f73-d4091f46436d,2025-07-30 16:33:05.306764,2025-07-30 16:33:05.306764,bb05204b-9818-4e53-9036-6b29b936b0fb,218c539c-a265-446c-8e74-3b668bcd33d0
39ba4e8a-e695-4e45-a78b-92a776ec784f,57d08d8e-85ff-4a90-acaf-49b01d783db7,bf360bb6-80da-4991-b37a-c785f39b6ea9,2025-07-30 16:33:05.306764,2025-07-30 16:33:05.306764,bb05204b-9818-4e53-9036-6b29b936b0fb,301b20e5-fe8c-418b-b717-034c5dff6043
8b11182e-d8ea-49b4-aa8d-9d76c19ca284,9951fdec-2dd3-4620-8bee-ae893f360308,2f27fe1d-d613-4ed3-a9b9-3c3ee02aa2b9,2025-07-30 16:33:05.306764,2025-07-30 16:33:05.306764,bb05204b-9818-4e53-9036-6b29b936b0fb,04e90010-d188-4e0f-b9b6-2a049f59fae9
8c1062b2-72c9-46ab-8de1-30b4485af084,e2eb0bff-850a-4cd4-a6a5-0ab9d27df247,bf360bb6-80da-4991-b37a-c785f39b6ea9,2025-07-30 16:33:05.306764,2025-07-30 16:33:05.306764,bb05204b-9818-4e53-9036-6b29b936b0fb,5f6ad1fb-0d84-4bea-bcb0-c41b11b7f5d5
b396387e-0505-4d3e-9cc6-6dc7279d7625,ecefdad8-6723-47a9-b293-308c10c70855,9601b110-b81b-46c0-9da1-77e159d0a7ed,2025-07-30 16:33:05.306764,2025-07-30 16:33:05.306764,bb05204b-9818-4e53-9036-6b29b936b0fb,cda7cc28-d2bb-467a-a20e-1f7bcd031531
e46840e1-9a11-422e-a25a-79fa9621d72c,dccaeb61-172f-4fad-b11a-68a5560776ca,2f27fe1d-d613-4ed3-a9b9-3c3ee02aa2b9,2025-07-30 16:33:05.306764,2025-07-30 16:33:05.306764,bb05204b-9818-4e53-9036-6b29b936b0fb,67338616-8c1e-4e74-9bdd-eca5811648a8
59f688c1-4a21-4d92-9598-8b3353dfb682,3d9a47d6-4aed-433f-baf8-8c9bfc753e6d,bf360bb6-80da-4991-b37a-c785f39b6ea9,2025-07-30 16:33:05.306764,2025-07-30 16:33:05.306764,bb05204b-9818-4e53-9036-6b29b936b0fb,1e4fb369-22e4-4cfa-b5d5-ddf2bc8c427c
f86b129e-2b7d-4d5a-8fe0-8474d51d3edf,70685cec-efcf-4e5d-9e9f-3860f69cd25f,c6682a11-949c-4224-90af-591d994cc1d0,2025-07-30 16:33:05.306764,2025-07-30 16:33:05.306764,bb05204b-9818-4e53-9036-6b29b936b0fb,0a532789-f461-4ad2-b747-afa7cd1d3b8a
2ea22d76-3f5c-475f-bfaf-aa65a0cc9f02,0f91b855-effe-4be4-9b58-dd5c39b1a3e6,1968bdb3-12f0-4527-b2b9-295665e8c63d,2025-07-30 16:33:05.306764,2025-07-30 16:33:05.306764,bb05204b-9818-4e53-9036-6b29b936b0fb,0ca694e3-c95c-4cd7-9a83-b80568e4f1de
01462db1-c2ae-4285-aa3d-7e0b8623c8d7,bbf5f22a-0477-4eda-889e-d71125b9760e,9601b110-b81b-46c0-9da1-77e159d0a7ed,2025-07-30 16:33:05.306764,2025-07-30 16:33:05.306764,bb05204b-9818-4e53-9036-6b29b936b0fb,3c136379-86b7-4be5-b498-2fe941914aa9
6ca5a55c-a55f-448e-89c9-33cddc5ba57c,6b55d694-15e1-4cbc-864d-349097b1e840,1968bdb3-12f0-4527-b2b9-295665e8c63d,2025-07-30 16:33:05.306764,2025-07-30 16:33:05.306764,bb05204b-9818-4e53-9036-6b29b936b0fb,211e1089-0a49-403c-bd5d-29e8676350f7
8d8432ac-1cf5-41f1-babb-3f8b5abe70f9,81fd95e7-0a0f-4050-b9e1-061ae3b967d2,c6682a11-949c-4224-90af-591d994cc1d0,2025-07-30 16:33:05.306764,2025-07-30 16:33:05.306764,bb05204b-9818-4e53-9036-6b29b936b0fb,172b8ba1-eda2-415c-ab98-5daf602a5a29
71ac6dc2-83ef-454b-9089-2a038a0377eb,8de242f9-8f38-4a13-a290-a09986b57a81,9601b110-b81b-46c0-9da1-77e159d0a7ed,2025-07-30 16:33:05.306764,2025-07-30 16:33:05.306764,bb05204b-9818-4e53-9036-6b29b936b0fb,a3d2daa9-b6ad-42f5-b728-72be617dd7a9
9a05bef4-c9ce-4a75-9342-9850ccfaecf9,9292fc7a-4223-4758-a3cc-984f4e034a7a,9601b110-b81b-46c0-9da1-77e159d0a7ed,2025-07-30 16:33:05.306764,2025-07-30 16:33:05.306764,bb05204b-9818-4e53-9036-6b29b936b0fb,4b26417c-aada-438e-ae0a-548dc9abddd2
6c70b4ed-4118-4d3b-83f8-b920734de09e,28b52433-6c5b-4e27-bb0d-7a7499007eb8,bf360bb6-80da-4991-b37a-c785f39b6ea9,2025-07-30 16:33:05.306764,2025-07-30 16:33:05.306764,bb05204b-9818-4e53-9036-6b29b936b0fb,16bdca46-ec69-4a5b-821f-f3cbe83337fa
37fe385b-0e1f-487c-8ed0-1fd5708b6e63,5544eb68-791d-4437-b061-5f5f51f926df,0e57436c-f305-492f-8f73-d4091f46436d,2025-07-30 16:33:05.306764,2025-07-30 16:33:05.306764,bb05204b-9818-4e53-9036-6b29b936b0fb,33e29c19-2b3d-4a41-8ae6-a4bfb459b0d9
3e235dd3-a416-4a2d-beae-8957dc3a659b,3f761388-3edb-4b7a-bee7-78924e89f782,0e57436c-f305-492f-8f73-d4091f46436d,2025-07-30 16:33:05.306764,2025-07-30 16:33:05.306764,bb05204b-9818-4e53-9036-6b29b936b0fb,2de0337a-1d44-407d-b991-9480d62f8885
024dc07c-e21b-4c10-bf39-71086028aba6,48063104-6eab-40c3-a2f5-8247efbc8650,bf360bb6-80da-4991-b37a-c785f39b6ea9,2025-07-30 16:33:05.306764,2025-07-30 16:33:05.306764,bb05204b-9818-4e53-9036-6b29b936b0fb,caedb3eb-0392-4e0c-a0bb-c8e8c3dba71f
9ffd991c-d8a1-47e7-8dc5-a0bd123e0505,54b90756-4a7e-42cd-9aac-242fc8f86b35,bf360bb6-80da-4991-b37a-c785f39b6ea9,2025-07-30 16:33:05.306764,2025-07-30 16:33:05.306764,bb05204b-9818-4e53-9036-6b29b936b0fb,1f34ef1b-302e-48cb-9da8-6138ecc06e1a
29bb4721-63d3-4389-99fb-6bcdb4a3c221,4e6ccefe-e044-46ae-af48-7abaca4e0609,c6682a11-949c-4224-90af-591d994cc1d0,2025-07-30 16:33:05.306764,2025-07-30 16:33:05.306764,bb05204b-9818-4e53-9036-6b29b936b0fb,9f4baf50-a73d-4056-a680-7227d61029fe
bd6534e7-cdb0-400b-b296-578bfa68e606,9292fc7a-4223-4758-a3cc-984f4e034a7a,9601b110-b81b-46c0-9da1-77e159d0a7ed,2025-07-30 16:33:05.306764,2025-07-30 16:33:05.306764,bb05204b-9818-4e53-9036-6b29b936b0fb,e2b48e2d-5e06-416f-8002-28f7cefdc737
87ca2e29-d5c5-4f87-ad5f-737977e75b7c,84f2c2cb-4c3d-4456-a8c9-ed4938c07e96,dd8a33a6-3e40-419b-9e08-b511e62e2388,2025-07-30 16:33:05.306764,2025-07-30 16:33:05.306764,bb05204b-9818-4e53-9036-6b29b936b0fb,6dade47c-d273-4c01-8301-aa9689c744da
ffcc3a43-2721-45c9-8af2-6569c6b48290,47e690d9-04e0-42a4-ae62-1a5a841eac9c,dd8a33a6-3e40-419b-9e08-b511e62e2388,2025-07-30 16:33:05.306764,2025-07-30 16:33:05.306764,bb05204b-9818-4e53-9036-6b29b936b0fb,89ad9c98-aed4-42bc-90f0-3e03007dbcb7
fcb9a83f-488c-49a7-aa1a-8551864dc904,31f3f9cd-8215-4a4c-83f6-38c689c0ff22,222264b4-e46a-427a-b527-c65991f7a8b6,2025-07-30 16:33:05.306764,2025-07-30 16:33:05.306764,bb05204b-9818-4e53-9036-6b29b936b0fb,ed825a64-16af-4e33-ad61-0afa82fd35f4
841153fc-e7dc-4037-8924-7186385b4f76,afb88ac3-7190-4d1a-84c2-3ae645ac4455,dd8a33a6-3e40-419b-9e08-b511e62e2388,2025-07-30 16:33:05.306764,2025-07-30 16:33:05.306764,bb05204b-9818-4e53-9036-6b29b936b0fb,05d956e3-0161-4363-80e2-a954c775512f
0a966aab-b41f-4236-83a7-21a172176be4,4d182ab7-289e-4b03-9d27-f3c68eb29a16,bf360bb6-80da-4991-b37a-c785f39b6ea9,2025-07-30 16:33:05.306764,2025-07-30 16:33:05.306764,bb05204b-9818-4e53-9036-6b29b936b0fb,dc8d270d-0ef5-4b9d-a167-99b61f372c06
f6990459-c08c-4c41-a934-1327fbaa9956,730591e7-0927-4207-b195-15714771979c,2f27fe1d-d613-4ed3-a9b9-3c3ee02aa2b9,2025-07-30 16:33:05.306764,2025-07-30 16:33:05.306764,bb05204b-9818-4e53-9036-6b29b936b0fb,ff38a9cf-8f10-4097-ad26-f53590c47c2e
b1e28535-8b00-41b3-8a3e-e81dd9a04ae9,ad0fc7bc-6e2d-4de4-9302-d5ba6c77221e,1968bdb3-12f0-4527-b2b9-295665e8c63d,2025-07-30 16:33:05.306764,2025-07-30 16:33:05.306764,bb05204b-9818-4e53-9036-6b29b936b0fb,07bc54a3-12da-45e4-b933-265fcafffaec
ed9e0689-a627-478c-afd4-31e84e8a0466,c626602d-16a6-46fe-9c00-12843c83f4ca,222264b4-e46a-427a-b527-c65991f7a8b6,2025-07-30 16:33:05.306764,2025-07-30 16:33:05.306764,bb05204b-9818-4e53-9036-6b29b936b0fb,cda06986-93b1-4867-abf6-d860891e62be
1256f7f9-38c3-4674-92cc-2a93dcfbe7af,f1fed835-683e-412f-96b1-e4e7e27790fe,9601b110-b81b-46c0-9da1-77e159d0a7ed,2025-07-30 16:33:05.306764,2025-07-30 16:33:05.306764,bb05204b-9818-4e53-9036-6b29b936b0fb,76c035da-d1c2-446e-a858-eb67a27a1f90
c1335176-c308-4402-987a-08ee2eb72aaa,42d22f94-2e82-495f-aaf5-01bc5776f6ae,bf360bb6-80da-4991-b37a-c785f39b6ea9,2025-07-30 16:33:05.306764,2025-07-30 16:33:05.306764,bb05204b-9818-4e53-9036-6b29b936b0fb,fdbec795-e044-47c2-afd4-f182ae776488
c26bdd98-b2e3-4202-8076-f5a879d38edf,cfab10b6-fb0a-4a7c-9b42-cb901fbe2796,1968bdb3-12f0-4527-b2b9-295665e8c63d,2025-07-30 16:33:05.306764,2025-07-30 16:33:05.306764,bb05204b-9818-4e53-9036-6b29b936b0fb,92b976d1-0773-4225-94c3-cbc4bd6688ca
79da4c5b-e3ca-47ee-9335-7c8e95d3034c,7ff21166-4002-4aee-ab4c-5baae4d97b2b,c752295b-e2cd-48ba-afe6-9458dfd17b8c,2025-07-30 16:33:05.306764,2025-07-30 16:33:05.306764,bb05204b-9818-4e53-9036-6b29b936b0fb,bd2bdf86-65e1-4bf8-bf89-e870144305da
d55ec167-e34a-4e7d-8647-09467ebff1fd,117b9f31-609f-4653-99e5-db172ffe46c1,c752295b-e2cd-48ba-afe6-9458dfd17b8c,2025-07-30 16:33:05.306764,2025-07-30 16:33:05.306764,bb05204b-9818-4e53-9036-6b29b936b0fb,c97a8997-f7d3-450b-a18b-5aa090535b43
cf7f3da9-433d-4448-8e53-205de339bc37,9810e2cf-f78b-43e0-9c5e-7274a322c6d8,dd8a33a6-3e40-419b-9e08-b511e62e2388,2025-07-30 16:33:05.306764,2025-07-30 16:33:05.306764,bb05204b-9818-4e53-9036-6b29b936b0fb,4f83445d-2f91-4f5e-97bd-28e4cb676066
5e460190-ae47-43dc-b2c4-ec79c426237e,1b303980-edc4-43b5-8910-8a5271d16329,9601b110-b81b-46c0-9da1-77e159d0a7ed,2025-07-30 16:33:05.306764,2025-07-30 16:33:05.306764,bb05204b-9818-4e53-9036-6b29b936b0fb,64cc5e9c-6ba2-4786-b9d5-972d5fdd074c
0f31f5ba-f7f1-44f5-93df-fdc00db0340a,1fe41b7f-3c41-48ea-a233-bff0cb6536db,676cdfab-f6ca-4bc4-b649-9978a83cc7bc,2025-07-30 16:33:05.306764,2025-07-30 16:33:05.306764,bb05204b-9818-4e53-9036-6b29b936b0fb,65c409f9-0454-49ed-a067-ff8eece103ee
6bf3d6ce-13c6-4d0f-819d-69f68db8dd4e,1d89a1ab-fefc-44c2-959f-05b0b9583052,c6682a11-949c-4224-90af-591d994cc1d0,2025-07-30 16:33:05.306764,2025-07-30 16:33:05.306764,bb05204b-9818-4e53-9036-6b29b936b0fb,c3c43daa-4dfd-4c3e-b595-551b30c6c7ae
c13765c9-cf22-4867-9570-c67f08d3cd07,734e6199-c883-4d52-a9b7-0d18a4186e4d,dd8a33a6-3e40-419b-9e08-b511e62e2388,2025-07-30 16:33:05.306764,2025-07-30 16:33:05.306764,bb05204b-9818-4e53-9036-6b29b936b0fb,4506da8c-a223-4cb6-886b-0a2a21b5a8b5
80ff8840-6ca3-4d47-9850-5376f600e60a,dd1f3aac-fd43-47ed-9daa-c9dbeaf781f9,c752295b-e2cd-48ba-afe6-9458dfd17b8c,2025-07-30 16:33:05.306764,2025-07-30 16:33:05.306764,bb05204b-9818-4e53-9036-6b29b936b0fb,7dbe3e8c-59aa-434d-9254-774b49746cc3
ba5190e9-766a-4964-94c8-3de7a628fe3c,c89bb7d5-7d9c-4d5a-9871-28718d23a44d,dd8a33a6-3e40-419b-9e08-b511e62e2388,2025-07-30 16:33:05.306764,2025-07-30 16:33:05.306764,bb05204b-9818-4e53-9036-6b29b936b0fb,40f9db59-feea-4bde-aaec-2e042dd7187e
5a6d28cb-4512-4754-a098-e5b13e143ba5,38ddd817-b47f-433b-b875-8677f7e6401f,222264b4-e46a-427a-b527-c65991f7a8b6,2025-07-30 16:33:05.306764,2025-07-30 16:33:05.306764,bb05204b-9818-4e53-9036-6b29b936b0fb,4defe917-c4dc-41e9-a6b1-a4fefa218411
3153972d-a55f-42f1-8a8d-d55fb2364d10,be7b79ed-1fe4-433d-9f3e-c2982b70bd19,0e57436c-f305-492f-8f73-d4091f46436d,2025-07-30 16:33:05.306764,2025-07-30 16:33:05.306764,bb05204b-9818-4e53-9036-6b29b936b0fb,c3fb3622-3dc5-4d07-bdd8-56af4f68ff5a
e8968fdb-cc33-4ef5-ab7d-ea4eec470173,511b7f21-cc4e-4b43-8c11-e516ad3cdd91,2f27fe1d-d613-4ed3-a9b9-3c3ee02aa2b9,2025-07-30 16:33:05.306764,2025-07-30 16:33:05.306764,bb05204b-9818-4e53-9036-6b29b936b0fb,0808a15d-6efd-4651-8377-115b357a742f
2a3e7090-5f74-4340-b08d-6259fab60f62,1d688eba-08ac-4a5c-b201-4af2e2f5ebd5,dd8a33a6-3e40-419b-9e08-b511e62e2388,2025-07-30 16:33:05.306764,2025-07-30 16:33:05.306764,bb05204b-9818-4e53-9036-6b29b936b0fb,0f8a1a30-43fc-49e7-86ee-18ed6c2d8d04
da595122-0910-4450-8e52-150fe7d824de,79606449-b5d4-4c14-af78-9e9a43c0224e,c752295b-e2cd-48ba-afe6-9458dfd17b8c,2025-07-30 16:33:05.306764,2025-07-30 16:33:05.306764,bb05204b-9818-4e53-9036-6b29b936b0fb,c2d43407-e848-47d1-aa18-b1a231ee2455
6aaea82f-fae7-4f27-881d-a86221a947b2,2dec1c59-47a3-47ff-8f7f-eb3d437b98a5,676cdfab-f6ca-4bc4-b649-9978a83cc7bc,2025-07-30 16:33:05.306764,2025-07-30 16:33:05.306764,bb05204b-9818-4e53-9036-6b29b936b0fb,d1d6164e-8755-4469-a8de-74b1ef4adb57
4739c9e4-0a01-4a40-8328-715a4049d214,0072aa10-eacd-4061-b36d-e41a142d72e5,676cdfab-f6ca-4bc4-b649-9978a83cc7bc,2025-07-30 16:33:05.306764,2025-07-30 16:33:05.306764,bb05204b-9818-4e53-9036-6b29b936b0fb,4c5622c0-82f0-43ea-aa66-82a90fc1b18e
6c1a5928-fa9e-4369-b45f-6385ccc32d82,05664945-ee37-4635-8774-25206d8a5428,1968bdb3-12f0-4527-b2b9-295665e8c63d,2025-07-30 16:33:05.306764,2025-07-30 16:33:05.306764,bb05204b-9818-4e53-9036-6b29b936b0fb,175ddaf2-4d5c-47f5-8714-521ce9cce3c8
dd06716e-382b-47ba-ae4a-cdc7243dffc3,f16c0a4a-b5d3-4f53-beb7-e586ae3bd064,c752295b-e2cd-48ba-afe6-9458dfd17b8c,2025-07-30 16:33:05.306764,2025-07-30 16:33:05.306764,bb05204b-9818-4e53-9036-6b29b936b0fb,64d9480e-d936-4767-927e-75f17625607a
950c6993-5eb6-424b-afc0-7eb012e06fc8,97d0a14c-d980-476c-8a88-c8f0f06f184c,0e57436c-f305-492f-8f73-d4091f46436d,2025-07-30 16:33:05.306764,2025-07-30 16:33:05.306764,bb05204b-9818-4e53-9036-6b29b936b0fb,a71d94aa-eae7-463a-b971-64ff5cb34dab
0768d87d-282b-4890-ad9a-f7c6e5eb3196,e0771bdf-14c3-44fe-ae6b-c642a1345338,bf360bb6-80da-4991-b37a-c785f39b6ea9,2025-07-30 16:33:05.306764,2025-07-30 16:33:05.306764,bb05204b-9818-4e53-9036-6b29b936b0fb,ba24279a-b4e0-446b-b4f7-b29dabaed215
4f495e04-7ca5-4848-909f-199b987cc98d,4ce7f498-4a10-4360-80ed-0938ec082fae,676cdfab-f6ca-4bc4-b649-9978a83cc7bc,2025-07-30 16:33:05.306764,2025-07-30 16:33:05.306764,bb05204b-9818-4e53-9036-6b29b936b0fb,09d406ad-120f-467c-8703-3fbc11995ae2
ae2c127a-b463-4b72-997b-da1816df0125,0369258e-3989-4e78-a33a-279dfc899320,676cdfab-f6ca-4bc4-b649-9978a83cc7bc,2025-07-30 16:33:05.306764,2025-07-30 16:33:05.306764,bb05204b-9818-4e53-9036-6b29b936b0fb,a3094b0e-67bb-4782-b4e6-51494add956a
7dd29f21-5de2-4b24-9065-da38950f6a4a,a4e41027-eabc-4485-809f-54e096c6a18a,c6682a11-949c-4224-90af-591d994cc1d0,2025-07-30 16:33:05.306764,2025-07-30 16:33:05.306764,bb05204b-9818-4e53-9036-6b29b936b0fb,2d815076-033c-44f4-8307-81566712fe27
b5347573-aa72-4d6f-802d-49f594a1c5f1,daead6a0-3624-4cfb-86dd-cd97935b155e,676cdfab-f6ca-4bc4-b649-9978a83cc7bc,2025-07-30 16:33:05.306764,2025-07-30 16:33:05.306764,bb05204b-9818-4e53-9036-6b29b936b0fb,4122f298-598b-43b0-9f15-46c326c51fc7
228536de-3f25-4d24-aca7-1ccafe67f016,cda24f43-763a-4d69-aabe-61daa8eb3853,c752295b-e2cd-48ba-afe6-9458dfd17b8c,2025-07-30 16:33:05.306764,2025-07-30 16:33:05.306764,bb05204b-9818-4e53-9036-6b29b936b0fb,44173ec5-6669-4cc6-8108-60c47ce3373e
a8323de2-d14f-43ad-a7ff-b19baefbc395,e2a5ea87-821e-45c4-aca9-7550a91f8b0c,1968bdb3-12f0-4527-b2b9-295665e8c63d,2025-07-30 16:33:05.306764,2025-07-30 16:33:05.306764,bb05204b-9818-4e53-9036-6b29b936b0fb,ed23fad8-24d7-4a67-b588-6e5b3f4360f4
cdbf03d1-1983-418f-9561-11750422c0e8,32fb7f9f-c2cc-423f-9a19-4afcf9ada71f,c752295b-e2cd-48ba-afe6-9458dfd17b8c,2025-07-30 16:33:05.306764,2025-07-30 16:33:05.306764,bb05204b-9818-4e53-9036-6b29b936b0fb,eea47314-562e-433c-9b48-76aa61c48d45
1062f5bc-6118-41ab-b3a7-82eca77b64d1,a6eb54d0-8c67-497e-a4fb-c71268302217,c6682a11-949c-4224-90af-591d994cc1d0,2025-07-30 16:33:05.306764,2025-07-30 16:33:05.306764,bb05204b-9818-4e53-9036-6b29b936b0fb,e14fbdcc-7103-41d2-a710-94353ea5fa28
8e0f2967-4b48-4de7-a8c5-5959923010a4,dd96531f-01a9-482f-8df6-0e8e4a62b1ff,2f27fe1d-d613-4ed3-a9b9-3c3ee02aa2b9,2025-07-30 16:33:05.306764,2025-07-30 16:33:05.306764,bb05204b-9818-4e53-9036-6b29b936b0fb,8bbd3ab7-3487-43be-a487-ea9077a4bbe4
203a1f43-8e22-4e15-a4d8-a48fe8d231e4,914f9eb9-e935-4498-a312-c5ea28c81e1c,1968bdb3-12f0-4527-b2b9-295665e8c63d,2025-07-30 16:33:05.306764,2025-07-30 16:33:05.306764,bb05204b-9818-4e53-9036-6b29b936b0fb,720835d2-76f3-4541-abcf-ffd1223a7745
0b2755f5-adc8-469a-8e73-ec3c7bed3c01,3e087d5c-bd79-44ab-8809-35184fcfcbf1,676cdfab-f6ca-4bc4-b649-9978a83cc7bc,2025-07-30 16:33:05.306764,2025-07-30 16:33:05.306764,bb05204b-9818-4e53-9036-6b29b936b0fb,12324fbe-3d31-40ab-97cf-c80e05cf89fe
f6803be7-f3ab-483a-9e5f-077eb2e2a8f2,6b85ed6f-b8de-41a7-a263-1b63f43008a9,2f27fe1d-d613-4ed3-a9b9-3c3ee02aa2b9,2025-07-30 16:33:05.306764,2025-07-30 16:33:05.306764,bb05204b-9818-4e53-9036-6b29b936b0fb,5ec7b954-2ed0-499b-99c5-9a7b157caa4f
26857451-adf7-4c0c-add6-dae57d773c02,93ea0b4f-2145-47d4-8f7e-580ab5868d6a,dd8a33a6-3e40-419b-9e08-b511e62e2388,2025-07-30 16:33:05.306764,2025-07-30 16:33:05.306764,bb05204b-9818-4e53-9036-6b29b936b0fb,a761e6dd-cc4a-467e-80d9-901ab670e3a2
915e05f7-3e17-4b1d-9af5-fc75aa47b1ad,1c6e0b3e-2658-4ca6-9f4c-bb2e142ad1c5,9601b110-b81b-46c0-9da1-77e159d0a7ed,2025-07-30 16:33:05.306764,2025-07-30 16:33:05.306764,bb05204b-9818-4e53-9036-6b29b936b0fb,82ea5f77-11f3-46de-8217-852a4dd07202
cbeaeed4-6326-4a1f-8021-f93a55a1cd68,6ca17bac-4a8c-407e-aa18-a81db58676a9,0e57436c-f305-492f-8f73-d4091f46436d,2025-07-30 16:33:05.306764,2025-07-30 16:33:05.306764,bb05204b-9818-4e53-9036-6b29b936b0fb,f43accf8-e493-431e-acb1-851aed284ecd
12af488a-93e1-41a2-bcc7-6793e8041551,cc95b612-e658-4967-978e-3b80dc49131e,676cdfab-f6ca-4bc4-b649-9978a83cc7bc,2025-07-30 16:33:05.306764,2025-07-30 16:33:05.306764,bb05204b-9818-4e53-9036-6b29b936b0fb,c244ae36-8c8d-4696-852d-e4806ada9236
6af93671-fc46-418b-b898-51563ddc9338,a3ecd8a5-652a-4a31-8ec7-d553abc7f536,676cdfab-f6ca-4bc4-b649-9978a83cc7bc,2025-07-30 16:33:05.306764,2025-07-30 16:33:05.306764,bb05204b-9818-4e53-9036-6b29b936b0fb,19b34581-77f5-4f5c-b350-46f91cc7fba0
2fd3c1c5-285c-4b42-b12b-57853599b48e,8df53a44-82d3-4006-bda7-d4618ded9d19,9601b110-b81b-46c0-9da1-77e159d0a7ed,2025-07-30 16:33:05.306764,2025-07-30 16:33:05.306764,bb05204b-9818-4e53-9036-6b29b936b0fb,edcb112e-64ae-4e6f-beba-731c2bf6a3c1
99110178-28a1-47b6-82a5-d29e18ac4839,2a126192-a18e-48a6-82af-456106df91c8,2f27fe1d-d613-4ed3-a9b9-3c3ee02aa2b9,2025-07-30 16:33:05.306764,2025-07-30 16:33:05.306764,bb05204b-9818-4e53-9036-6b29b936b0fb,fd17ea36-ae3d-41fd-9905-d429e377bfd8
5bb34eea-272b-4d2a-a704-38bbfd7d5bb0,9d007a45-49ee-4c3c-9dfd-4e41c7900bde,c752295b-e2cd-48ba-afe6-9458dfd17b8c,2025-07-30 16:33:05.306764,2025-07-30 16:33:05.306764,bb05204b-9818-4e53-9036-6b29b936b0fb,1cc0d611-be76-4763-8bb9-c647ee78d60a
193b92c4-52d9-4089-81b0-983e00a1dc5f,bca96e54-a8ff-4753-a2ff-0b2f4e610ecb,c752295b-e2cd-48ba-afe6-9458dfd17b8c,2025-07-30 16:33:05.306764,2025-07-30 16:33:05.306764,bb05204b-9818-4e53-9036-6b29b936b0fb,35c0bae9-b476-4646-823b-cb3674679529
d30509a3-dd06-478b-b701-96917933f20f,6bd7f1ad-edbc-45a8-ab3f-148cd67b0d80,c752295b-e2cd-48ba-afe6-9458dfd17b8c,2025-07-30 16:33:05.306764,2025-07-30 16:33:05.306764,bb05204b-9818-4e53-9036-6b29b936b0fb,f2a2436a-0727-46ab-9abc-ec26a88ca996
d460c742-c2be-4f3a-9644-3dcd151ea218,2fb36e7e-c367-4f93-bfbb-e274cc16db24,1968bdb3-12f0-4527-b2b9-295665e8c63d,2025-07-30 16:33:05.306764,2025-07-30 16:33:05.306764,bb05204b-9818-4e53-9036-6b29b936b0fb,82ce6cd1-b69e-42f0-a03f-e0d44f5583df
8de612a7-93b1-4f12-be29-43c3c81d2a93,897346ed-1323-445b-8929-724b5c0e6b4c,222264b4-e46a-427a-b527-c65991f7a8b6,2025-07-30 16:33:05.306764,2025-07-30 16:33:05.306764,bb05204b-9818-4e53-9036-6b29b936b0fb,8fa70c52-f18e-4f1e-9099-de6fb26a879a
5f7faa4c-773c-4e86-88ca-c108851f6b68,3f761388-3edb-4b7a-bee7-78924e89f782,bf360bb6-80da-4991-b37a-c785f39b6ea9,2025-07-30 16:33:05.306764,2025-07-30 16:33:05.306764,bb05204b-9818-4e53-9036-6b29b936b0fb,c26b1dbc-2ad2-4405-9063-250300a0504c
165fe54e-0a31-4b4b-8ffd-3e038513b345,60fefb73-0371-4653-8968-fd77817ab8ea,222264b4-e46a-427a-b527-c65991f7a8b6,2025-07-30 16:33:05.306764,2025-07-30 16:33:05.306764,bb05204b-9818-4e53-9036-6b29b936b0fb,11f2bedd-efe1-43ee-90a6-ee254299f832
8fee34b3-b44d-4281-922f-176fdea73cbd,e1841971-a502-42e2-8e6b-9be55cd7d9fa,2f27fe1d-d613-4ed3-a9b9-3c3ee02aa2b9,2025-07-30 16:33:05.306764,2025-07-30 16:33:05.306764,bb05204b-9818-4e53-9036-6b29b936b0fb,b7b99865-9d20-4e5b-9acc-5694461d351d
447fd9fc-c568-4f45-90b1-77a66ce0c32c,c4a8d70e-0d23-4f80-b7a8-deb3e99dfa31,dd8a33a6-3e40-419b-9e08-b511e62e2388,2025-07-30 16:33:05.306764,2025-07-30 16:33:05.306764,bb05204b-9818-4e53-9036-6b29b936b0fb,bb56ae28-d5e8-4c28-996d-e00a2915e3af
fa5f7c72-cc71-490a-be6c-1bd8543a0bfb,6fefc909-2fb1-42c6-ab5e-f1588af0e906,0e57436c-f305-492f-8f73-d4091f46436d,2025-07-30 16:33:05.306764,2025-07-30 16:33:05.306764,bb05204b-9818-4e53-9036-6b29b936b0fb,9cea1541-2f43-4dc5-9f53-0a6af1ead6aa
