EventId,StartDate,Name,Cost,EventTypeId,AddressId,CreatedDate,ModifiedDate,SourceSystemId,SourceId,ChannelId
ebde8978-92aa-4709-8c56-abb4dee030e0,2025-07-12 11:56:16.337458,Holiday Celebration,6243.79772647,83faa8b1-53fe-4c8a-8a73-9f760aff7585,2f9f8d43-7907-43ec-bd9b-eac86e4a2774,2025-07-30 16:33:05.306764,2025-07-30 16:33:05.306764,8f8bdcbe-1cc3-44a1-8d04-bc2fdd3fd6d7,bb05204b-9818-4e53-9036-6b29b936b0fb,36dc40af-c14e-4315-ba38-a9b1bc755fb8
549f3269-f423-4c3e-81a5-e7af0b3d6f24,2021-11-22 00:39:55.337584,Education Workshop,7468.48477095,f4394c99-61dd-4135-a4bc-efa0f02829c5,c359185f-432e-4318-8d35-e20e0133d4f2,2025-07-30 16:33:05.306764,2025-07-30 16:33:05.306764,08503d06-2db7-40cd-8625-85456216bf0d,bb05204b-9818-4e53-9036-6b29b936b0fb,36dc40af-c14e-4315-ba38-a9b1bc755fb8
4fe845e6-f823-42dc-bf59-f6bec6ec1a47,2009-10-09 10:06:21.337729,Charity Auction,7023.85692977,aab9d979-2d45-49d6-a19f-ca2a9a7774c7,c41aefb7-d5fd-4635-afd6-f3ea83e3c688,2025-07-30 16:33:05.306764,2025-07-30 16:33:05.306764,0a336f54-0cb6-46b7-82f1-d85678af5dd6,bb05204b-9818-4e53-9036-6b29b936b0fb,36dc40af-c14e-4315-ba38-a9b1bc755fb8
4d9171fc-466a-4d10-b597-27fff2b38ee0,2011-11-21 15:52:00.337782,Education Workshop,8223.33718792,f4394c99-61dd-4135-a4bc-efa0f02829c5,c88f90d9-29ed-459d-a676-5e87a060daec,2025-07-30 16:33:05.306764,2025-07-30 16:33:05.306764,c0a2c90d-ff01-4b47-b29f-04e88b893f29,bb05204b-9818-4e53-9036-6b29b936b0fb,36dc40af-c14e-4315-ba38-a9b1bc755fb8
5244ce14-51dd-41c9-98b1-4c6b36426653,2014-10-05 17:26:57.337827,Charity Auction,6463.87661956,aab9d979-2d45-49d6-a19f-ca2a9a7774c7,a1cc14a4-c168-41aa-9210-31d4571f23c8,2025-07-30 16:33:05.306764,2025-07-30 16:33:05.306764,377953e2-67e1-4b35-829f-e86aef130442,bb05204b-9818-4e53-9036-6b29b936b0fb,36dc40af-c14e-4315-ba38-a9b1bc755fb8
f5e4269d-3bea-4555-adc7-53639b75da26,2025-01-02 06:21:14.337868,Job Fair,9851.96818924,19977a29-400f-40a8-9d5e-2a11ae125fcf,dcb46d61-4aed-495f-8ace-ea72ebe60d49,2025-07-30 16:33:05.306764,2025-07-30 16:33:05.306764,d1720459-a428-4dba-a0ad-42b150a0edaf,bb05204b-9818-4e53-9036-6b29b936b0fb,36dc40af-c14e-4315-ba38-a9b1bc755fb8
5da09394-1e57-4031-9a34-fde573b874d9,2022-09-05 01:05:00.338043,Education Workshop,5221.62893570,f4394c99-61dd-4135-a4bc-efa0f02829c5,08f93039-450d-4145-9b29-597999e1faa5,2025-07-30 16:33:05.306764,2025-07-30 16:33:05.306764,08b4444e-56c2-4cdf-a20c-3d7633b70425,bb05204b-9818-4e53-9036-6b29b936b0fb,36dc40af-c14e-4315-ba38-a9b1bc755fb8
a94e8e54-2a9f-4664-8141-bc21f48bde01,2015-06-08 18:20:03.338215,Annual Gala,8456.05455033,74d1c04f-1270-4992-b7bb-60ece014f165,ccccb739-27ca-4896-af4c-bdbcf2109f03,2025-07-30 16:33:05.306764,2025-07-30 16:33:05.306764,e34b5088-cfb9-415a-9da3-e10c10f0f80d,bb05204b-9818-4e53-9036-6b29b936b0fb,36dc40af-c14e-4315-ba38-a9b1bc755fb8
341f151e-b8dd-4512-afcf-71a61d492878,2012-10-14 21:20:51.338257,Job Fair,1927.47837525,19977a29-400f-40a8-9d5e-2a11ae125fcf,006db83b-e3c0-49b8-ac03-3b8c14fe14e6,2025-07-30 16:33:05.306764,2025-07-30 16:33:05.306764,cba5b276-942b-4163-9803-a58d4690fd98,bb05204b-9818-4e53-9036-6b29b936b0fb,36dc40af-c14e-4315-ba38-a9b1bc755fb8
b7449e1d-1afa-4959-8001-dfa90ae4202d,2007-09-09 21:53:29.338331,Job Fair,9181.94624710,19977a29-400f-40a8-9d5e-2a11ae125fcf,115699c9-fd39-496c-b3ff-c8e21dbf283b,2025-07-30 16:33:05.306764,2025-07-30 16:33:05.306764,80c6d69c-4662-4c67-8826-5841056e8e59,bb05204b-9818-4e53-9036-6b29b936b0fb,36dc40af-c14e-4315-ba38-a9b1bc755fb8
f79f676e-0604-4ecc-ba1f-38815b797e39,2016-06-10 13:47:09.338379,Holiday Celebration,3028.44773443,83faa8b1-53fe-4c8a-8a73-9f760aff7585,8d577cc6-7306-4df9-8e65-9cef3eec7568,2025-07-30 16:33:05.306764,2025-07-30 16:33:05.306764,dc8cd361-c756-41d3-8c3a-df0bba2bfab8,bb05204b-9818-4e53-9036-6b29b936b0fb,36dc40af-c14e-4315-ba38-a9b1bc755fb8
28c5ef05-3113-4023-987e-6c24d5ca0e40,2008-01-28 02:50:23.338409,Education Workshop,8051.34942383,f4394c99-61dd-4135-a4bc-efa0f02829c5,91c584f9-0cbb-4c10-9ac4-813f29ddf4ea,2025-07-30 16:33:05.306764,2025-07-30 16:33:05.306764,9ef65ca3-7bb2-4b83-95aa-734c09f767b5,bb05204b-9818-4e53-9036-6b29b936b0fb,36dc40af-c14e-4315-ba38-a9b1bc755fb8
4b6062fc-1647-4934-9fd7-784da4cbeb18,2009-10-08 07:11:51.338438,Volunteer Meetup,9231.52220588,a882d9a2-9dc8-4678-ac80-1aa7067db3ea,eac7bf8a-7be1-4993-a06a-a701da12593a,2025-07-30 16:33:05.306764,2025-07-30 16:33:05.306764,b3a49c8a-65b6-4bf7-9394-b7cb93dffbba,bb05204b-9818-4e53-9036-6b29b936b0fb,36dc40af-c14e-4315-ba38-a9b1bc755fb8
1959d896-9778-400e-933d-1e18e948e4ef,2012-02-29 23:05:04.338487,Annual Gala,2866.18366558,74d1c04f-1270-4992-b7bb-60ece014f165,59d104b2-2fdb-43f1-b2cb-dd8dbe364a36,2025-07-30 16:33:05.306764,2025-07-30 16:33:05.306764,7ed953c1-56fc-4269-912f-b570b9da9a42,bb05204b-9818-4e53-9036-6b29b936b0fb,36dc40af-c14e-4315-ba38-a9b1bc755fb8
2adbfea4-43af-426f-9829-3a067f380cdd,2012-09-05 12:49:42.338571,Art Show,5683.69547637,057cbcc3-ac6f-4d76-9cc5-76894fc60a36,a1763fd3-0035-4c8a-88e2-090ef2e3ae59,2025-07-30 16:33:05.306764,2025-07-30 16:33:05.306764,5b4013e4-ba14-4540-a986-e9afc4337b3b,bb05204b-9818-4e53-9036-6b29b936b0fb,36dc40af-c14e-4315-ba38-a9b1bc755fb8
ed78d766-6818-4767-ab97-e33e273de9c7,2022-10-26 13:57:56.338605,Charity Auction,7003.72644846,aab9d979-2d45-49d6-a19f-ca2a9a7774c7,71a368f2-2447-4d5a-abcb-c5b0a1797a39,2025-07-30 16:33:05.306764,2025-07-30 16:33:05.306764,e0381ccb-e506-4071-ada3-dea983583bf7,bb05204b-9818-4e53-9036-6b29b936b0fb,36dc40af-c14e-4315-ba38-a9b1bc755fb8
222e358e-9da0-4d57-94f8-d4f5d75205d6,2014-02-08 02:25:09.338634,Volunteer Meetup,4448.95111708,a882d9a2-9dc8-4678-ac80-1aa7067db3ea,f8dadf00-9d6e-40fc-a6e0-e6646a589e88,2025-07-30 16:33:05.306764,2025-07-30 16:33:05.306764,81eede43-1253-43fd-8689-78ef21dfc74f,bb05204b-9818-4e53-9036-6b29b936b0fb,36dc40af-c14e-4315-ba38-a9b1bc755fb8
11069a6d-3186-4fb3-9693-5a4c8d260b2f,2014-09-18 12:07:46.338679,Education Workshop,1698.26274054,f4394c99-61dd-4135-a4bc-efa0f02829c5,81ccf2ae-3b70-4fb5-8f51-a8547ac01204,2025-07-30 16:33:05.306764,2025-07-30 16:33:05.306764,1775c120-c2df-4829-874e-1f950da1ccae,bb05204b-9818-4e53-9036-6b29b936b0fb,36dc40af-c14e-4315-ba38-a9b1bc755fb8
dfd07e55-ce0f-4c79-8028-02c20f047908,2013-02-05 06:12:09.338713,Art Show,2242.67703145,057cbcc3-ac6f-4d76-9cc5-76894fc60a36,7aa25ea7-a2fc-42cc-a24b-bc77b9479d42,2025-07-30 16:33:05.306764,2025-07-30 16:33:05.306764,bcbf7ea5-f1fd-4c34-a3f7-84bad33e3420,bb05204b-9818-4e53-9036-6b29b936b0fb,36dc40af-c14e-4315-ba38-a9b1bc755fb8
5bedeb08-127a-4398-91ad-8779b389c5c1,2022-04-20 06:28:12.338755,Community Picnic,1605.74072697,057cbcc3-ac6f-4d76-9cc5-76894fc60a36,b5bb348b-1021-4230-a76f-9536932a7a85,2025-07-30 16:33:05.306764,2025-07-30 16:33:05.306764,b002d381-00fc-4f6a-8a9c-92c8544f8715,bb05204b-9818-4e53-9036-6b29b936b0fb,36dc40af-c14e-4315-ba38-a9b1bc755fb8
d4e352a9-0d4c-4274-9cae-c1128a736015,2012-06-05 05:04:21.338784,Fundraising Concert,4571.18518947,aab9d979-2d45-49d6-a19f-ca2a9a7774c7,119fd6a2-4c4b-4f05-a9fe-9cfc7141f182,2025-07-30 16:33:05.306764,2025-07-30 16:33:05.306764,db0f0199-a2ac-4c9a-a4f8-1788ec805935,bb05204b-9818-4e53-9036-6b29b936b0fb,36dc40af-c14e-4315-ba38-a9b1bc755fb8
6f9da4bb-6d5d-4742-bb7b-7e104229df91,2020-08-14 09:02:14.338814,Art Show,3769.77334974,057cbcc3-ac6f-4d76-9cc5-76894fc60a36,8742fe8b-c0ac-48b5-8c5a-586c7c3ec986,2025-07-30 16:33:05.306764,2025-07-30 16:33:05.306764,0c1091fb-50ad-485d-b140-6b5921e897c5,bb05204b-9818-4e53-9036-6b29b936b0fb,36dc40af-c14e-4315-ba38-a9b1bc755fb8
50cde0cc-2ef3-41c1-ab24-81624c843087,2014-01-03 14:39:39.338843,Health Fair,765.47422190,057cbcc3-ac6f-4d76-9cc5-76894fc60a36,241be861-ba39-4e11-9183-245e14032aa2,2025-07-30 16:33:05.306764,2025-07-30 16:33:05.306764,7a7ef91f-e177-446b-9159-284f0e2617a9,bb05204b-9818-4e53-9036-6b29b936b0fb,36dc40af-c14e-4315-ba38-a9b1bc755fb8
699ac618-bb4b-4199-8c3e-d58f6ec61e98,2007-03-20 15:39:04.338890,Annual Gala,5473.99663156,74d1c04f-1270-4992-b7bb-60ece014f165,5e8e2292-647d-4b26-ac1e-7650bdaadc59,2025-07-30 16:33:05.306764,2025-07-30 16:33:05.306764,0a7ddd84-dba6-4383-9c88-69d060a5529d,bb05204b-9818-4e53-9036-6b29b936b0fb,36dc40af-c14e-4315-ba38-a9b1bc755fb8
20fe7be2-3b6e-458a-a897-566562bc92ed,2017-03-20 00:28:18.338919,Holiday Celebration,6755.65663712,83faa8b1-53fe-4c8a-8a73-9f760aff7585,76218c82-5d9b-4b36-b301-1b70fc55e6ff,2025-07-30 16:33:05.306764,2025-07-30 16:33:05.306764,b7ea89fe-091e-4d9f-9463-ed55c50c9f31,bb05204b-9818-4e53-9036-6b29b936b0fb,36dc40af-c14e-4315-ba38-a9b1bc755fb8
83696243-549c-4293-8f0c-e7743ef0d6d1,2015-01-16 00:53:25.338948,Fundraising Concert,3530.61368818,aab9d979-2d45-49d6-a19f-ca2a9a7774c7,842d2b1b-2833-4308-9fff-f23fcd9e9d6e,2025-07-30 16:33:05.306764,2025-07-30 16:33:05.306764,41f04819-e6a0-4236-b90a-daf321f45ed7,bb05204b-9818-4e53-9036-6b29b936b0fb,36dc40af-c14e-4315-ba38-a9b1bc755fb8
cac263d5-6591-4d0b-8a6c-62b9a1f8d4ab,2008-03-10 08:41:10.338992,Community Picnic,8403.16557332,057cbcc3-ac6f-4d76-9cc5-76894fc60a36,40688ad9-bb4a-46cc-a52c-eaee4d60ff17,2025-07-30 16:33:05.306764,2025-07-30 16:33:05.306764,c7eb586a-c548-453f-bc51-de93c8a96a03,bb05204b-9818-4e53-9036-6b29b936b0fb,36dc40af-c14e-4315-ba38-a9b1bc755fb8
9e59780b-04fd-4a1e-85d9-5bc2f3b6fcda,2012-05-22 13:24:13.339027,Holiday Celebration,4385.22716295,83faa8b1-53fe-4c8a-8a73-9f760aff7585,dd3db0a3-3e08-43aa-ab61-7eb11bbad9df,2025-07-30 16:33:05.306764,2025-07-30 16:33:05.306764,69027dc1-39d4-4c75-a467-ec9d10d2e0a8,bb05204b-9818-4e53-9036-6b29b936b0fb,36dc40af-c14e-4315-ba38-a9b1bc755fb8
79e5e1b4-4d36-4c1e-8dc4-ccd70f14212b,2016-09-10 02:08:04.339069,Art Show,7139.62900756,057cbcc3-ac6f-4d76-9cc5-76894fc60a36,b029dec8-205d-4ab5-82cf-5e6e0066101c,2025-07-30 16:33:05.306764,2025-07-30 16:33:05.306764,68f1bb18-8275-44fb-9994-8e9d00e67cf1,bb05204b-9818-4e53-9036-6b29b936b0fb,36dc40af-c14e-4315-ba38-a9b1bc755fb8
86073006-502f-46e2-927f-071591e137df,2006-10-29 05:56:38.339148,Community Picnic,7658.82696209,057cbcc3-ac6f-4d76-9cc5-76894fc60a36,6d3d48a7-c3cd-4a3f-a9ec-42b07be6ac2f,2025-07-30 16:33:05.306764,2025-07-30 16:33:05.306764,64489771-cd00-42a0-abea-1845a5ad3ac9,bb05204b-9818-4e53-9036-6b29b936b0fb,36dc40af-c14e-4315-ba38-a9b1bc755fb8
0452be5a-a16e-4936-b61f-d3a6a93b1372,2006-08-14 22:33:49.339198,Job Fair,1049.07126478,19977a29-400f-40a8-9d5e-2a11ae125fcf,047ad68f-8b88-466d-8c2c-5d28f454cc01,2025-07-30 16:33:05.306764,2025-07-30 16:33:05.306764,88c3e336-bd24-4b04-8402-13590b5f9dc2,bb05204b-9818-4e53-9036-6b29b936b0fb,36dc40af-c14e-4315-ba38-a9b1bc755fb8
198fc373-ebae-4e9e-acc2-2f6e49840fed,2023-06-05 14:26:38.339248,Job Fair,3377.85642064,19977a29-400f-40a8-9d5e-2a11ae125fcf,57f8d948-1915-45e5-80a7-5b0829cb1053,2025-07-30 16:33:05.306764,2025-07-30 16:33:05.306764,e4db8056-d408-45ec-b26f-3d667881402d,bb05204b-9818-4e53-9036-6b29b936b0fb,36dc40af-c14e-4315-ba38-a9b1bc755fb8
884c06db-f6bc-4cc8-8674-32b98d8c3461,2019-05-18 23:46:25.339276,Education Workshop,5230.54407662,f4394c99-61dd-4135-a4bc-efa0f02829c5,15827244-7e87-454b-919d-9e1c83d1c5f0,2025-07-30 16:33:05.306764,2025-07-30 16:33:05.306764,77569a55-491c-438a-ab52-2fa2f6c61d9d,bb05204b-9818-4e53-9036-6b29b936b0fb,36dc40af-c14e-4315-ba38-a9b1bc755fb8
10a9984d-2f9b-46cf-b5d0-2e85a80f916b,2008-11-13 04:20:05.339327,Holiday Celebration,4682.95962280,83faa8b1-53fe-4c8a-8a73-9f760aff7585,16cc731a-5598-4e4d-8ee3-81a823703217,2025-07-30 16:33:05.306764,2025-07-30 16:33:05.306764,f9dc9771-beac-48ef-ae8f-c9349615ca51,bb05204b-9818-4e53-9036-6b29b936b0fb,36dc40af-c14e-4315-ba38-a9b1bc755fb8
fd5cb7fa-8a18-45e9-8c3c-d756f91dbb98,2019-08-02 11:54:13.339356,Holiday Celebration,7633.80921314,83faa8b1-53fe-4c8a-8a73-9f760aff7585,01c92a73-d241-429b-8225-c5583cb5c57c,2025-07-30 16:33:05.306764,2025-07-30 16:33:05.306764,f6c7fd2e-10e9-489e-8250-13fc920e24bf,bb05204b-9818-4e53-9036-6b29b936b0fb,36dc40af-c14e-4315-ba38-a9b1bc755fb8
b55bae5e-777e-4750-bf7b-3f481ca09935,2007-01-03 22:31:49.339403,Community Picnic,7590.14158227,057cbcc3-ac6f-4d76-9cc5-76894fc60a36,081e85fd-31ad-42ce-a534-6c24b61b411c,2025-07-30 16:33:05.306764,2025-07-30 16:33:05.306764,0bd18f74-f517-4b84-9387-204f98993367,bb05204b-9818-4e53-9036-6b29b936b0fb,36dc40af-c14e-4315-ba38-a9b1bc755fb8
ced7e4e6-58ed-46fc-8a0f-734bb03fa309,2005-09-18 07:36:09.339433,Job Fair,6510.19095171,19977a29-400f-40a8-9d5e-2a11ae125fcf,070d85b1-ee77-451c-8d34-7632587c8e2e,2025-07-30 16:33:05.306764,2025-07-30 16:33:05.306764,833ba69c-489b-4f03-bbca-800e0a9612f0,bb05204b-9818-4e53-9036-6b29b936b0fb,36dc40af-c14e-4315-ba38-a9b1bc755fb8
93800a4c-a894-4369-a480-198ea6655c7a,2017-02-19 23:29:08.339479,Volunteer Meetup,6103.63056863,a882d9a2-9dc8-4678-ac80-1aa7067db3ea,fc264a6b-96ae-4c6a-af48-fd1e98d92bc7,2025-07-30 16:33:05.306764,2025-07-30 16:33:05.306764,6dac4ed7-d748-4cb3-bc31-15af8cd739cd,bb05204b-9818-4e53-9036-6b29b936b0fb,36dc40af-c14e-4315-ba38-a9b1bc755fb8
f7d06d20-c05a-4224-9756-110dd1366188,2022-07-10 14:14:33.339509,Fundraising Concert,3423.37994701,aab9d979-2d45-49d6-a19f-ca2a9a7774c7,7904894f-35b2-4de9-8d0c-42eef30490e6,2025-07-30 16:33:05.306764,2025-07-30 16:33:05.306764,0ae400fb-ad0a-42d9-ba36-8b18ee76369c,bb05204b-9818-4e53-9036-6b29b936b0fb,36dc40af-c14e-4315-ba38-a9b1bc755fb8
6b1364b5-ae93-4ec5-8c26-7f819329e74a,2007-10-05 04:09:02.339538,Volunteer Meetup,1380.42196630,a882d9a2-9dc8-4678-ac80-1aa7067db3ea,bda41d03-5d88-42d4-8ad0-d5792e23effe,2025-07-30 16:33:05.306764,2025-07-30 16:33:05.306764,ab74e4c7-dbbd-4c4e-9a27-380051ad7393,bb05204b-9818-4e53-9036-6b29b936b0fb,36dc40af-c14e-4315-ba38-a9b1bc755fb8
4c3e012e-85cd-4689-85f5-e82dea149cb4,2007-12-16 12:07:39.339567,Charity Auction,4836.07972812,aab9d979-2d45-49d6-a19f-ca2a9a7774c7,beee6220-3a4c-48ce-95eb-8998bd701f32,2025-07-30 16:33:05.306764,2025-07-30 16:33:05.306764,601879a5-440f-4183-856c-8e062866ab8a,bb05204b-9818-4e53-9036-6b29b936b0fb,36dc40af-c14e-4315-ba38-a9b1bc755fb8
3c44de06-c0db-4e52-bc2e-c9799eeefdfe,2023-07-07 06:48:59.339596,Education Workshop,6091.29983258,f4394c99-61dd-4135-a4bc-efa0f02829c5,57d664f0-29b4-4d56-97f6-ec41d414eccc,2025-07-30 16:33:05.306764,2025-07-30 16:33:05.306764,5e8c1fa9-de57-43c6-a7b3-254f1d4cb2e0,bb05204b-9818-4e53-9036-6b29b936b0fb,36dc40af-c14e-4315-ba38-a9b1bc755fb8
f7af6a42-77f0-42b9-8301-309b53f94d70,2008-05-07 14:23:45.339646,Marathon,7660.31525478,83faa8b1-53fe-4c8a-8a73-9f760aff7585,769526a5-6f78-4608-afcc-c9c5b3ed0d22,2025-07-30 16:33:05.306764,2025-07-30 16:33:05.306764,e8cafda0-69b9-4a8a-90b4-d7f59760e708,bb05204b-9818-4e53-9036-6b29b936b0fb,36dc40af-c14e-4315-ba38-a9b1bc755fb8
fad88353-2b1c-47b9-a6d8-f9ae7f79c654,2023-11-14 04:42:51.339678,Annual Gala,747.23034050,74d1c04f-1270-4992-b7bb-60ece014f165,a35f23d1-f946-4dc1-ba4c-09ca21c6585b,2025-07-30 16:33:05.306764,2025-07-30 16:33:05.306764,81ea9eef-26cb-4d49-8ecf-bd028d7c7700,bb05204b-9818-4e53-9036-6b29b936b0fb,36dc40af-c14e-4315-ba38-a9b1bc755fb8
e192d2d4-e865-4f08-b4e2-5b2fcc0db641,2010-04-12 14:53:44.339707,Health Fair,1203.05584447,057cbcc3-ac6f-4d76-9cc5-76894fc60a36,0a6e5ea7-94c9-464f-9cc5-f5368003e773,2025-07-30 16:33:05.306764,2025-07-30 16:33:05.306764,3f7c8af9-c54a-40fc-8f5b-a1c1598a400b,bb05204b-9818-4e53-9036-6b29b936b0fb,36dc40af-c14e-4315-ba38-a9b1bc755fb8
c08a4ed2-75c6-4359-99a0-bbc4b10df5cf,2011-09-06 23:53:22.339736,Health Fair,2618.13434206,057cbcc3-ac6f-4d76-9cc5-76894fc60a36,a851cb94-fc71-42a6-b160-40a62df5a89f,2025-07-30 16:33:05.306764,2025-07-30 16:33:05.306764,217bbff7-57a9-4824-a38f-c5f371e18d25,bb05204b-9818-4e53-9036-6b29b936b0fb,36dc40af-c14e-4315-ba38-a9b1bc755fb8
47c55e07-4c2a-46f1-8682-70577e5f99ed,2015-06-25 07:50:35.339771,Annual Gala,1869.59507393,74d1c04f-1270-4992-b7bb-60ece014f165,a47e068e-1f50-48e0-a3da-8bcaa9d686a5,2025-07-30 16:33:05.306764,2025-07-30 16:33:05.306764,6ca3ea10-e6c7-4552-9a62-1a2a6316f83a,bb05204b-9818-4e53-9036-6b29b936b0fb,36dc40af-c14e-4315-ba38-a9b1bc755fb8
3ab6cf7d-6052-445f-9b73-6aa18c7ac833,2011-05-29 18:14:12.339819,Holiday Celebration,4431.56375301,83faa8b1-53fe-4c8a-8a73-9f760aff7585,ddf945ee-46ab-4d08-8aef-18fd28e53a4a,2025-07-30 16:33:05.306764,2025-07-30 16:33:05.306764,ac4c3951-f93f-4392-ad22-12a891dc0c2f,bb05204b-9818-4e53-9036-6b29b936b0fb,36dc40af-c14e-4315-ba38-a9b1bc755fb8
f5d6aaee-6d5a-42d5-b3c7-1a30e971cefb,2010-03-20 08:12:24.339852,Education Workshop,6782.27516098,f4394c99-61dd-4135-a4bc-efa0f02829c5,8445e717-5a73-4d8c-b94f-8804ed0410df,2025-07-30 16:33:05.306764,2025-07-30 16:33:05.306764,0dc4e0b4-51d0-439d-88cc-e0d2ba36bcac,bb05204b-9818-4e53-9036-6b29b936b0fb,36dc40af-c14e-4315-ba38-a9b1bc755fb8
f68c5e9c-340c-4206-ad74-7087270f02e5,2017-08-11 09:02:18.339881,Job Fair,6636.01762919,19977a29-400f-40a8-9d5e-2a11ae125fcf,2a1a7200-3d8c-457f-b4cb-f4a052878dff,2025-07-30 16:33:05.306764,2025-07-30 16:33:05.306764,765d0b6a-2400-4879-b144-10b36c9111e6,bb05204b-9818-4e53-9036-6b29b936b0fb,36dc40af-c14e-4315-ba38-a9b1bc755fb8
96c3ea4d-c12a-482d-9a31-4e602fd1f37b,2023-04-18 04:57:25.339927,Holiday Celebration,8694.87738801,83faa8b1-53fe-4c8a-8a73-9f760aff7585,f6e83f3c-008b-4e6e-8305-4ea171a60c4e,2025-07-30 16:33:05.306764,2025-07-30 16:33:05.306764,5a0ec388-beac-4397-8479-8bfa9d325d65,bb05204b-9818-4e53-9036-6b29b936b0fb,36dc40af-c14e-4315-ba38-a9b1bc755fb8
a683a285-223e-46d3-ab35-137cadd1a422,2024-09-26 19:22:02.339985,Volunteer Meetup,6928.56303295,a882d9a2-9dc8-4678-ac80-1aa7067db3ea,c39f5175-aa9c-4ed4-a2b3-8d854a17090b,2025-07-30 16:33:05.306764,2025-07-30 16:33:05.306764,60e520a2-a7dd-44e0-a3c2-d8d5788adfa9,bb05204b-9818-4e53-9036-6b29b936b0fb,36dc40af-c14e-4315-ba38-a9b1bc755fb8
35d7e5b2-831e-40d1-ab54-0cea0b2b293d,2016-05-02 16:12:19.340177,Marathon,3911.25263599,83faa8b1-53fe-4c8a-8a73-9f760aff7585,badc9597-f1f9-440d-9d58-854a265718e8,2025-07-30 16:33:05.306764,2025-07-30 16:33:05.306764,f1a9090b-5d4a-4589-86f9-f7740afa643e,bb05204b-9818-4e53-9036-6b29b936b0fb,36dc40af-c14e-4315-ba38-a9b1bc755fb8
06db69b4-bc78-4cb5-9cb7-0649a6dc5349,2010-12-29 23:14:29.340229,Health Fair,2125.09806528,057cbcc3-ac6f-4d76-9cc5-76894fc60a36,4df33c67-64cc-4fc5-aab4-48d87e107086,2025-07-30 16:33:05.306764,2025-07-30 16:33:05.306764,a815bbac-2773-4ba0-b8e9-cf2bca4a6988,bb05204b-9818-4e53-9036-6b29b936b0fb,36dc40af-c14e-4315-ba38-a9b1bc755fb8
1918cdc6-29c8-43df-9689-c138f710fcd1,2010-02-28 11:45:48.340283,Charity Auction,5731.17616613,aab9d979-2d45-49d6-a19f-ca2a9a7774c7,370ba673-b551-4518-af4f-dc6986cae5d0,2025-07-30 16:33:05.306764,2025-07-30 16:33:05.306764,40079f8e-2ebd-4a7a-88fd-0b91a66c7477,bb05204b-9818-4e53-9036-6b29b936b0fb,36dc40af-c14e-4315-ba38-a9b1bc755fb8
49e7a7b1-5064-45b2-a2e5-a87633bcee8b,2019-11-22 17:42:52.340316,Annual Gala,5859.45234395,74d1c04f-1270-4992-b7bb-60ece014f165,25b489f4-2166-4500-a265-9c1eea1ad271,2025-07-30 16:33:05.306764,2025-07-30 16:33:05.306764,b08944ea-ff68-4e07-84c5-637341ba224e,bb05204b-9818-4e53-9036-6b29b936b0fb,36dc40af-c14e-4315-ba38-a9b1bc755fb8
e57c8cdf-7538-448e-a3c4-c5296d05a0fd,2009-05-12 12:17:20.340346,Marathon,9067.49987150,83faa8b1-53fe-4c8a-8a73-9f760aff7585,92fd5f1c-ce65-409b-9ec5-55b64b53df2b,2025-07-30 16:33:05.306764,2025-07-30 16:33:05.306764,0b7bfbb7-c4f9-4f7f-811e-03ed958a60a2,bb05204b-9818-4e53-9036-6b29b936b0fb,36dc40af-c14e-4315-ba38-a9b1bc755fb8
84ffde31-78ed-4efc-90cd-efb7625d3047,2021-03-20 11:15:00.340376,Annual Gala,2956.38835908,74d1c04f-1270-4992-b7bb-60ece014f165,dd6b1c91-d9e4-4b3c-b525-4e7e4d2e8520,2025-07-30 16:33:05.306764,2025-07-30 16:33:05.306764,4d127967-cbf1-4a41-8ec8-335622ab6f8a,bb05204b-9818-4e53-9036-6b29b936b0fb,36dc40af-c14e-4315-ba38-a9b1bc755fb8
8c2ed426-bad5-4fc7-9aa9-fcb9f79e4ff4,2011-05-13 08:02:57.340406,Annual Gala,4492.40796391,74d1c04f-1270-4992-b7bb-60ece014f165,803aa3d0-3aad-468f-aeb8-41f0c6308bab,2025-07-30 16:33:05.306764,2025-07-30 16:33:05.306764,3ef83ce9-8598-4352-ae3e-82f50b5f729a,bb05204b-9818-4e53-9036-6b29b936b0fb,36dc40af-c14e-4315-ba38-a9b1bc755fb8
e92907cc-016d-4b68-9943-4c81665bc734,2010-11-25 00:07:17.340435,Annual Gala,2932.50193685,74d1c04f-1270-4992-b7bb-60ece014f165,68a58f7d-3a8a-4117-8f31-803c1ab1cc8e,2025-07-30 16:33:05.306764,2025-07-30 16:33:05.306764,5e36d30f-c413-4905-8231-ba2d126dedb7,bb05204b-9818-4e53-9036-6b29b936b0fb,36dc40af-c14e-4315-ba38-a9b1bc755fb8
283ebb39-0ce4-4529-8c39-05c8fd5c0217,2016-10-14 10:15:01.340463,Annual Gala,2842.24738932,74d1c04f-1270-4992-b7bb-60ece014f165,1bbf128d-cb98-4c07-98a6-352abf434622,2025-07-30 16:33:05.306764,2025-07-30 16:33:05.306764,dba5f136-e7da-47ca-9ec7-9961b18f0bed,bb05204b-9818-4e53-9036-6b29b936b0fb,36dc40af-c14e-4315-ba38-a9b1bc755fb8
ee373d15-e8e3-4ddd-8c8d-7220ba330f0f,2018-11-12 20:14:10.340510,Community Picnic,3459.28469909,057cbcc3-ac6f-4d76-9cc5-76894fc60a36,3e259a61-2768-49ac-aed9-d554c4a481df,2025-07-30 16:33:05.306764,2025-07-30 16:33:05.306764,b4d423d3-0af9-43ec-9377-d7b3ef5a8089,bb05204b-9818-4e53-9036-6b29b936b0fb,36dc40af-c14e-4315-ba38-a9b1bc755fb8
06965f5b-a1a7-4fbd-9e97-c69f9c71000a,2009-08-03 20:46:50.340538,Health Fair,9107.56188786,057cbcc3-ac6f-4d76-9cc5-76894fc60a36,15218dd1-2f0e-420c-9a0a-e136b8ca0ccc,2025-07-30 16:33:05.306764,2025-07-30 16:33:05.306764,caa1571e-11e6-4a05-a76c-61ca519a3045,bb05204b-9818-4e53-9036-6b29b936b0fb,36dc40af-c14e-4315-ba38-a9b1bc755fb8
ca147f9f-d582-4030-a869-35c95cd8348a,2024-09-09 11:59:33.340566,Health Fair,4160.08166152,057cbcc3-ac6f-4d76-9cc5-76894fc60a36,48511a7c-597f-4184-9d00-8d16addfcf2b,2025-07-30 16:33:05.306764,2025-07-30 16:33:05.306764,e4e643ff-78f8-4933-8f29-5b6dff9a02b2,bb05204b-9818-4e53-9036-6b29b936b0fb,36dc40af-c14e-4315-ba38-a9b1bc755fb8
dcd429dc-4c58-4ecd-aa21-f923f0238bc7,2011-06-06 23:41:09.340594,Health Fair,1521.41405760,057cbcc3-ac6f-4d76-9cc5-76894fc60a36,491b9682-5b83-4c29-acd5-907ec985687d,2025-07-30 16:33:05.306764,2025-07-30 16:33:05.306764,90969222-98bc-43e4-baf4-adc48f7307b3,bb05204b-9818-4e53-9036-6b29b936b0fb,36dc40af-c14e-4315-ba38-a9b1bc755fb8
15521f0b-1540-457e-9790-f9b36f838c0b,2021-07-12 07:51:55.340622,Health Fair,5433.93371073,057cbcc3-ac6f-4d76-9cc5-76894fc60a36,95e6c687-95e2-462b-835f-e34344c7a852,2025-07-30 16:33:05.306764,2025-07-30 16:33:05.306764,fda0ea00-e1a2-44b9-bd08-ed346e0f1fae,bb05204b-9818-4e53-9036-6b29b936b0fb,36dc40af-c14e-4315-ba38-a9b1bc755fb8
03f6a3a3-b4c5-4cdd-9a99-a50fe7fe472b,2018-01-20 22:40:01.340652,Art Show,3995.71354623,057cbcc3-ac6f-4d76-9cc5-76894fc60a36,6bb37899-6d9f-4aa0-8578-478603373841,2025-07-30 16:33:05.306764,2025-07-30 16:33:05.306764,2597bf17-4956-4e13-be35-9ef4a4591232,bb05204b-9818-4e53-9036-6b29b936b0fb,36dc40af-c14e-4315-ba38-a9b1bc755fb8
e72b8c11-46a5-47e1-8a11-67379cfef3f0,2015-12-14 15:50:27.340702,Health Fair,5907.33896277,057cbcc3-ac6f-4d76-9cc5-76894fc60a36,3ada6a94-3c8d-4625-bfe9-800d5820ad4a,2025-07-30 16:33:05.306764,2025-07-30 16:33:05.306764,83fdb7e3-677e-46fd-8e72-ae0cf972ae8c,bb05204b-9818-4e53-9036-6b29b936b0fb,36dc40af-c14e-4315-ba38-a9b1bc755fb8
46b977cd-f05c-44f2-bdb5-207fb4e58581,2013-11-03 02:11:09.340736,Art Show,5896.41634573,057cbcc3-ac6f-4d76-9cc5-76894fc60a36,d18cb983-1258-48f6-83c2-c7d24dc61dcb,2025-07-30 16:33:05.306764,2025-07-30 16:33:05.306764,06157782-6880-45f8-8211-29ea70f1eda5,bb05204b-9818-4e53-9036-6b29b936b0fb,36dc40af-c14e-4315-ba38-a9b1bc755fb8
7081aeba-ce52-4869-be9f-defe761f69f7,2023-03-13 23:07:03.340765,Volunteer Meetup,5916.91118183,a882d9a2-9dc8-4678-ac80-1aa7067db3ea,ca328675-ae7b-4e77-b9e1-3f42fa225399,2025-07-30 16:33:05.306764,2025-07-30 16:33:05.306764,efaf2cc6-4860-4b73-9321-f86b6d34abe1,bb05204b-9818-4e53-9036-6b29b936b0fb,36dc40af-c14e-4315-ba38-a9b1bc755fb8
c7f9ea0b-a0dd-4a25-9ea0-f350e03225dc,2009-02-09 15:33:45.340793,Holiday Celebration,9049.54583546,83faa8b1-53fe-4c8a-8a73-9f760aff7585,46af7038-5251-4e3e-a472-5cf096b9512b,2025-07-30 16:33:05.306764,2025-07-30 16:33:05.306764,14f91eaf-97a8-4a02-90bc-c95dec050a15,bb05204b-9818-4e53-9036-6b29b936b0fb,36dc40af-c14e-4315-ba38-a9b1bc755fb8
8669537e-d286-4156-9eb8-499c622448f2,2010-10-22 11:25:20.340821,Annual Gala,5871.20168257,74d1c04f-1270-4992-b7bb-60ece014f165,ec25d4e5-7a76-4c8a-9e37-82e66f4e90ce,2025-07-30 16:33:05.306764,2025-07-30 16:33:05.306764,e7fe3bd2-486d-4919-9776-fabf332177da,bb05204b-9818-4e53-9036-6b29b936b0fb,36dc40af-c14e-4315-ba38-a9b1bc755fb8
f2d824b6-8fb5-4dc5-bf89-b6213463e0de,2014-06-12 03:16:32.340860,Annual Gala,6928.56965341,74d1c04f-1270-4992-b7bb-60ece014f165,fabc8c03-d85d-4954-8417-0650926a9401,2025-07-30 16:33:05.306764,2025-07-30 16:33:05.306764,1357d8b8-9f3c-49e9-9339-7f2ec220a36a,bb05204b-9818-4e53-9036-6b29b936b0fb,36dc40af-c14e-4315-ba38-a9b1bc755fb8
0f5530ce-ca54-4e2a-bb04-7cea0431a03b,2025-02-06 20:46:03.340904,Art Show,4589.18364781,057cbcc3-ac6f-4d76-9cc5-76894fc60a36,0b4fe39e-2863-4c60-9926-d86132159568,2025-07-30 16:33:05.306764,2025-07-30 16:33:05.306764,b44692b2-0a3a-4fdf-8117-8eaec84ed216,bb05204b-9818-4e53-9036-6b29b936b0fb,36dc40af-c14e-4315-ba38-a9b1bc755fb8
92c204fc-657f-40f2-ac23-2b45a70092de,2015-06-13 10:32:19.340951,Annual Gala,5323.53687617,74d1c04f-1270-4992-b7bb-60ece014f165,0147341b-7c22-438c-a837-eb5669325f2c,2025-07-30 16:33:05.306764,2025-07-30 16:33:05.306764,3cd83233-b855-4f00-a655-5b85d6ebd1fb,bb05204b-9818-4e53-9036-6b29b936b0fb,36dc40af-c14e-4315-ba38-a9b1bc755fb8
bbd8ed13-da97-4fa2-96eb-0870ba21f478,2011-07-23 10:11:15.340979,Job Fair,3560.96424047,19977a29-400f-40a8-9d5e-2a11ae125fcf,3a4fec4d-4bee-42d6-a8fb-649ceac79487,2025-07-30 16:33:05.306764,2025-07-30 16:33:05.306764,ce9d82ab-7d4f-446a-b40b-e5101c6b48e5,bb05204b-9818-4e53-9036-6b29b936b0fb,36dc40af-c14e-4315-ba38-a9b1bc755fb8
4edb9310-341b-4415-b1cd-aeec57fe92d0,2015-11-29 01:51:44.341031,Annual Gala,6727.32752208,74d1c04f-1270-4992-b7bb-60ece014f165,27c89d4c-6577-4ede-86d0-fbd1615484de,2025-07-30 16:33:05.306764,2025-07-30 16:33:05.306764,8c5e1e88-4e59-4618-bb01-ff7428266304,bb05204b-9818-4e53-9036-6b29b936b0fb,36dc40af-c14e-4315-ba38-a9b1bc755fb8
f17825e9-d9fb-45ce-83fa-1dd9f42cb686,2012-05-24 22:59:17.341060,Fundraising Concert,776.68917236,aab9d979-2d45-49d6-a19f-ca2a9a7774c7,825f95f1-1827-49c7-8bd5-791a2418f905,2025-07-30 16:33:05.306764,2025-07-30 16:33:05.306764,db01eabc-4544-46ab-9b38-f352e8add9f8,bb05204b-9818-4e53-9036-6b29b936b0fb,36dc40af-c14e-4315-ba38-a9b1bc755fb8
bf707cc2-57af-4ca8-9309-62c2d1801f48,2012-12-07 18:39:49.341089,Holiday Celebration,9859.87000576,83faa8b1-53fe-4c8a-8a73-9f760aff7585,6a1723ef-5c6b-4b94-862e-9b6785eacb88,2025-07-30 16:33:05.306764,2025-07-30 16:33:05.306764,6076aec0-73cb-46a3-a755-0fa17e6bfc7c,bb05204b-9818-4e53-9036-6b29b936b0fb,36dc40af-c14e-4315-ba38-a9b1bc755fb8
2882aefa-7bd5-42af-8923-f2a4332c6e63,2005-11-11 04:23:54.341118,Charity Auction,1862.33264247,aab9d979-2d45-49d6-a19f-ca2a9a7774c7,c06f902e-d067-4c14-a8c6-01cd90e9c029,2025-07-30 16:33:05.306764,2025-07-30 16:33:05.306764,e703fe29-656a-4e6c-afd9-457383e19951,bb05204b-9818-4e53-9036-6b29b936b0fb,36dc40af-c14e-4315-ba38-a9b1bc755fb8
ece269f0-5d29-4a9a-9989-cce863372228,2019-08-16 18:13:46.341165,Health Fair,602.74549542,057cbcc3-ac6f-4d76-9cc5-76894fc60a36,d468170e-c376-4a2b-afc3-5f039c1938e4,2025-07-30 16:33:05.306764,2025-07-30 16:33:05.306764,40a454f5-237a-4431-8d19-78195eff82ec,bb05204b-9818-4e53-9036-6b29b936b0fb,36dc40af-c14e-4315-ba38-a9b1bc755fb8
fdd93939-33f6-4b4b-a506-4f390213f364,2016-12-11 21:00:09.341253,Education Workshop,6485.61749364,f4394c99-61dd-4135-a4bc-efa0f02829c5,3eb385d3-5e54-419c-a45e-f03f096d31ba,2025-07-30 16:33:05.306764,2025-07-30 16:33:05.306764,7847180c-497c-425c-ac04-64618aa1bdbe,bb05204b-9818-4e53-9036-6b29b936b0fb,36dc40af-c14e-4315-ba38-a9b1bc755fb8
853de553-fe19-4aba-91be-37c32b971602,2015-09-23 11:13:22.341286,Education Workshop,1336.17896382,f4394c99-61dd-4135-a4bc-efa0f02829c5,3a4832e2-657f-46fc-a361-d43ed60dff77,2025-07-30 16:33:05.306764,2025-07-30 16:33:05.306764,2bc9d0ab-a2ee-42cc-b6f3-8d95026a3fc2,bb05204b-9818-4e53-9036-6b29b936b0fb,36dc40af-c14e-4315-ba38-a9b1bc755fb8
5db5bdc6-ac9d-4eed-8438-5fdd4a62634c,2005-11-21 05:14:32.341326,Charity Auction,1375.06195689,aab9d979-2d45-49d6-a19f-ca2a9a7774c7,730cae75-49ca-468f-bb26-e835ef03540f,2025-07-30 16:33:05.306764,2025-07-30 16:33:05.306764,5d02a09d-7c11-42df-bb90-e1cbfa14e217,bb05204b-9818-4e53-9036-6b29b936b0fb,36dc40af-c14e-4315-ba38-a9b1bc755fb8
0b246863-2fa8-4798-b65c-5de7938b9076,2012-05-29 14:27:10.341368,Holiday Celebration,6044.93543546,83faa8b1-53fe-4c8a-8a73-9f760aff7585,d54715e6-0471-49b4-a390-baabd69d9c62,2025-07-30 16:33:05.306764,2025-07-30 16:33:05.306764,1597125d-23e9-4b11-b1fe-cfe4b4e4a502,bb05204b-9818-4e53-9036-6b29b936b0fb,36dc40af-c14e-4315-ba38-a9b1bc755fb8
d1d9aed6-15e5-46b8-a2db-5dacc1f47ff9,2025-06-26 18:34:26.341397,Volunteer Meetup,6622.06046047,a882d9a2-9dc8-4678-ac80-1aa7067db3ea,54d10713-7ce9-4da3-847d-3c8289347ae8,2025-07-30 16:33:05.306764,2025-07-30 16:33:05.306764,a2a4c835-6631-4751-be07-84b03ce84645,bb05204b-9818-4e53-9036-6b29b936b0fb,36dc40af-c14e-4315-ba38-a9b1bc755fb8
9f225574-999a-4df8-a022-68c8766a3e3b,2013-02-20 10:56:48.341425,Job Fair,9895.59105796,19977a29-400f-40a8-9d5e-2a11ae125fcf,126b97c2-3720-47bf-aa3f-bdf5f6b196b6,2025-07-30 16:33:05.306764,2025-07-30 16:33:05.306764,74bb2e7c-aa65-46b5-a8ab-9a43e00762e4,bb05204b-9818-4e53-9036-6b29b936b0fb,36dc40af-c14e-4315-ba38-a9b1bc755fb8
c281d0cd-787c-46aa-ab63-36443337b4a7,2025-05-18 17:08:14.341453,Charity Auction,5982.27654755,aab9d979-2d45-49d6-a19f-ca2a9a7774c7,28ca6e4d-0bf2-49b8-ad95-f30d0c3ad4bc,2025-07-30 16:33:05.306764,2025-07-30 16:33:05.306764,67aeb700-d310-45fa-b839-c851a7aa59d4,bb05204b-9818-4e53-9036-6b29b936b0fb,36dc40af-c14e-4315-ba38-a9b1bc755fb8
2c0dba73-ea62-4061-aaf7-03558474ab79,2014-08-01 13:05:55.341497,Fundraising Concert,2888.18275239,aab9d979-2d45-49d6-a19f-ca2a9a7774c7,06860f3b-69e5-43d0-ba06-02b5d9a30090,2025-07-30 16:33:05.306764,2025-07-30 16:33:05.306764,d2689ae9-4f78-45bb-85a0-c663f0c26489,bb05204b-9818-4e53-9036-6b29b936b0fb,36dc40af-c14e-4315-ba38-a9b1bc755fb8
56bdd99b-fa34-42b5-a645-938be3cb4c83,2019-03-12 14:18:29.341525,Annual Gala,5668.70815631,74d1c04f-1270-4992-b7bb-60ece014f165,7901688b-d1bf-47bf-ad7b-f19ddf78cec3,2025-07-30 16:33:05.306764,2025-07-30 16:33:05.306764,41d5e9b9-2655-48dd-847a-118a037cd2c5,bb05204b-9818-4e53-9036-6b29b936b0fb,36dc40af-c14e-4315-ba38-a9b1bc755fb8
1d8effd2-c7e1-43da-bc23-e19dbd02a251,2007-08-21 09:41:00.341553,Education Workshop,9450.76748068,f4394c99-61dd-4135-a4bc-efa0f02829c5,e1131973-c990-4e7b-ba58-d09485e00239,2025-07-30 16:33:05.306764,2025-07-30 16:33:05.306764,bf389801-069c-4787-9a11-54fe9348d6a8,bb05204b-9818-4e53-9036-6b29b936b0fb,36dc40af-c14e-4315-ba38-a9b1bc755fb8
60901581-3a4e-4f9c-ad4a-db10bf30983d,2008-10-15 04:52:19.341581,Volunteer Meetup,1721.43621347,a882d9a2-9dc8-4678-ac80-1aa7067db3ea,4dfd0bde-94a6-4cbc-9580-cf7f29b277a9,2025-07-30 16:33:05.306764,2025-07-30 16:33:05.306764,4d6f66f2-931d-4921-8543-2b83bfb49ecb,bb05204b-9818-4e53-9036-6b29b936b0fb,36dc40af-c14e-4315-ba38-a9b1bc755fb8
450215c0-f334-4c4a-a51b-081b4f2b8154,2013-05-07 09:57:23.341611,Volunteer Meetup,697.57038560,a882d9a2-9dc8-4678-ac80-1aa7067db3ea,b740113f-7203-40cc-9dff-26ecb29110df,2025-07-30 16:33:05.306764,2025-07-30 16:33:05.306764,0039f450-d262-4556-9d3c-e206594f5d1c,bb05204b-9818-4e53-9036-6b29b936b0fb,36dc40af-c14e-4315-ba38-a9b1bc755fb8
f289d01e-ae9d-4200-88ed-f3526d37aa7c,2010-10-24 12:26:32.341640,Volunteer Meetup,6764.65338572,a882d9a2-9dc8-4678-ac80-1aa7067db3ea,6b8bc62a-1880-4459-bc5f-68d6c313e6ef,2025-07-30 16:33:05.306764,2025-07-30 16:33:05.306764,e47b2a53-ba1e-424b-9cc9-18de61b1b694,bb05204b-9818-4e53-9036-6b29b936b0fb,36dc40af-c14e-4315-ba38-a9b1bc755fb8
49e2692c-cc0d-4b91-9154-1b8ab178c798,2008-04-05 03:22:25.341669,Marathon,2840.94947052,83faa8b1-53fe-4c8a-8a73-9f760aff7585,7872e832-b701-42b1-9711-7ac2d237db15,2025-07-30 16:33:05.306764,2025-07-30 16:33:05.306764,7258a108-c5fa-4b2c-8e98-415fcb2487a3,bb05204b-9818-4e53-9036-6b29b936b0fb,36dc40af-c14e-4315-ba38-a9b1bc755fb8
4fa3e26d-960f-46b7-a981-f51066a5bd4f,2013-03-14 02:08:46.341698,Education Workshop,1524.40033803,f4394c99-61dd-4135-a4bc-efa0f02829c5,15c7ebd7-907c-4fed-b48a-43856e333013,2025-07-30 16:33:05.306764,2025-07-30 16:33:05.306764,66078c65-7343-4bf4-a49a-3a47717fe91e,bb05204b-9818-4e53-9036-6b29b936b0fb,36dc40af-c14e-4315-ba38-a9b1bc755fb8
3e4c0b0c-9d9d-4027-bd27-d34763d5ecfc,2007-03-09 04:49:11.341726,Annual Gala,7556.12771415,74d1c04f-1270-4992-b7bb-60ece014f165,a508e0c0-40bf-4198-b83c-80ef2131e185,2025-07-30 16:33:05.306764,2025-07-30 16:33:05.306764,e39e369a-f689-43c2-8009-d91e5d6ad7ba,bb05204b-9818-4e53-9036-6b29b936b0fb,36dc40af-c14e-4315-ba38-a9b1bc755fb8
c53b14e1-3ff9-4e3e-9d86-2f95851d7642,2011-01-08 07:36:59.341776,Annual Gala,5099.63741914,74d1c04f-1270-4992-b7bb-60ece014f165,751f6c77-53ce-4418-ae84-b187cc83c26e,2025-07-30 16:33:05.306764,2025-07-30 16:33:05.306764,27e69e55-53dc-4f0d-bce5-4c510ed4bd4c,bb05204b-9818-4e53-9036-6b29b936b0fb,36dc40af-c14e-4315-ba38-a9b1bc755fb8
e26fafb8-eb62-427b-9b2a-6f42fb48fbcb,2021-07-03 21:18:24.341809,Health Fair,2430.33029116,057cbcc3-ac6f-4d76-9cc5-76894fc60a36,18cb0b05-bb79-4ecb-a6b7-1494cb3234f8,2025-07-30 16:33:05.306764,2025-07-30 16:33:05.306764,fcb83066-3854-4fae-8119-09c8776d7df0,bb05204b-9818-4e53-9036-6b29b936b0fb,36dc40af-c14e-4315-ba38-a9b1bc755fb8
0f4c5c02-066f-4956-a15b-0d866ed58840,2017-01-01 13:46:28.341838,Health Fair,5028.73060893,057cbcc3-ac6f-4d76-9cc5-76894fc60a36,9788ecd8-c682-4388-ab01-90bcbdd92e89,2025-07-30 16:33:05.306764,2025-07-30 16:33:05.306764,f844fe2f-4ef3-4d10-bef4-d621303f70a3,bb05204b-9818-4e53-9036-6b29b936b0fb,36dc40af-c14e-4315-ba38-a9b1bc755fb8
3cbb8e2d-ab90-46cf-9fc5-46edf176875f,2023-08-11 01:25:20.341866,Art Show,7336.07201149,057cbcc3-ac6f-4d76-9cc5-76894fc60a36,43f626ea-dd20-4683-8a79-060b1861d53e,2025-07-30 16:33:05.306764,2025-07-30 16:33:05.306764,60555caf-f833-4536-82a5-54a4c6b98c4d,bb05204b-9818-4e53-9036-6b29b936b0fb,36dc40af-c14e-4315-ba38-a9b1bc755fb8
bf14ca54-993a-4cbd-b7d0-a5c9ac3fcaca,2009-11-12 18:26:42.341928,Community Picnic,9890.89293355,057cbcc3-ac6f-4d76-9cc5-76894fc60a36,7a3556ae-e199-4783-9d32-59991b8c23bd,2025-07-30 16:33:05.306764,2025-07-30 16:33:05.306764,559b50f3-7080-4095-a904-b780d48110bc,bb05204b-9818-4e53-9036-6b29b936b0fb,36dc40af-c14e-4315-ba38-a9b1bc755fb8
2a7ff58a-6e90-44b0-9c39-55171ba8e5ef,2016-05-30 07:11:15.341964,Annual Gala,8015.24410571,74d1c04f-1270-4992-b7bb-60ece014f165,400a85dd-6575-4755-b49e-04bc73ad48da,2025-07-30 16:33:05.306764,2025-07-30 16:33:05.306764,033b9a93-e893-4e84-9064-fbe618fa7f23,bb05204b-9818-4e53-9036-6b29b936b0fb,36dc40af-c14e-4315-ba38-a9b1bc755fb8
6bbb053d-e6db-40a8-b63f-c3d07dcb023d,2023-01-08 08:31:29.341993,Fundraising Concert,9137.29506835,aab9d979-2d45-49d6-a19f-ca2a9a7774c7,16174bca-4f80-45b0-922f-c97471e60bc1,2025-07-30 16:33:05.306764,2025-07-30 16:33:05.306764,13a6b17c-d478-4d6d-b396-ccd87567db59,bb05204b-9818-4e53-9036-6b29b936b0fb,36dc40af-c14e-4315-ba38-a9b1bc755fb8
d39244a4-d488-4a8b-879f-6088ff480bad,2010-02-20 01:10:19.342022,Charity Auction,3104.40012352,aab9d979-2d45-49d6-a19f-ca2a9a7774c7,7eb3154a-1817-4dc1-9619-eeb18ed6585c,2025-07-30 16:33:05.306764,2025-07-30 16:33:05.306764,2fb6b4d1-a833-42f1-9813-12381aff020e,bb05204b-9818-4e53-9036-6b29b936b0fb,36dc40af-c14e-4315-ba38-a9b1bc755fb8
99c395d4-8a0d-4540-934b-7b5904ea5718,2019-03-24 06:57:27.342050,Health Fair,9123.28384293,057cbcc3-ac6f-4d76-9cc5-76894fc60a36,614dc956-2d4b-4c4f-9bf9-141d431bf3f1,2025-07-30 16:33:05.306764,2025-07-30 16:33:05.306764,1e9e2b32-b6d0-4f38-843e-9c60d83073bf,bb05204b-9818-4e53-9036-6b29b936b0fb,36dc40af-c14e-4315-ba38-a9b1bc755fb8
7a144c27-867b-41b2-a74e-daeaf47bba89,2012-09-21 11:11:32.342079,Marathon,1236.96753623,83faa8b1-53fe-4c8a-8a73-9f760aff7585,75e491cf-1e27-46e7-8894-0c12d4c60e4f,2025-07-30 16:33:05.306764,2025-07-30 16:33:05.306764,d5cac4ba-4cf4-4de3-9688-8cb10ba50f01,bb05204b-9818-4e53-9036-6b29b936b0fb,36dc40af-c14e-4315-ba38-a9b1bc755fb8
15c40099-9494-4256-b425-930d3f1f1ffd,2009-11-20 02:26:26.342108,Fundraising Concert,2199.66474049,aab9d979-2d45-49d6-a19f-ca2a9a7774c7,77124970-9473-48f6-b338-5c6db298d3ff,2025-07-30 16:33:05.306764,2025-07-30 16:33:05.306764,13125f30-7c9b-438e-9211-d92f1a4b7007,bb05204b-9818-4e53-9036-6b29b936b0fb,36dc40af-c14e-4315-ba38-a9b1bc755fb8
3720fe76-04b4-4ac6-bfcd-4a223224ce6e,2007-05-17 23:00:48.342136,Art Show,9148.63650655,057cbcc3-ac6f-4d76-9cc5-76894fc60a36,8d2e60f7-bb84-4369-b085-f943733efde8,2025-07-30 16:33:05.306764,2025-07-30 16:33:05.306764,dc95614c-4305-4f06-bdda-f310ebe7db3f,bb05204b-9818-4e53-9036-6b29b936b0fb,36dc40af-c14e-4315-ba38-a9b1bc755fb8
6f2f68e8-9326-431c-b9f9-0ecdd79e6154,2022-01-20 08:51:35.342166,Education Workshop,4823.35334964,f4394c99-61dd-4135-a4bc-efa0f02829c5,f8d522a2-db72-461f-9371-ec41072c7276,2025-07-30 16:33:05.306764,2025-07-30 16:33:05.306764,b2c5bf85-f7bc-488c-950b-0e426ef77cae,bb05204b-9818-4e53-9036-6b29b936b0fb,36dc40af-c14e-4315-ba38-a9b1bc755fb8
1d9e8063-6b72-41df-9d73-6aed062aa07c,2022-01-04 00:44:27.342195,Health Fair,8747.83728528,057cbcc3-ac6f-4d76-9cc5-76894fc60a36,b54dc0fe-af10-4d70-a17f-4581858404d9,2025-07-30 16:33:05.306764,2025-07-30 16:33:05.306764,ecf56a35-1974-4a7c-bcff-a0945c48a33e,bb05204b-9818-4e53-9036-6b29b936b0fb,36dc40af-c14e-4315-ba38-a9b1bc755fb8
c95b4bc4-85e2-4a62-85bf-8d6881cdd264,2015-10-03 15:32:03.342223,Charity Auction,2711.83256125,aab9d979-2d45-49d6-a19f-ca2a9a7774c7,b0c4eb59-4152-4e5e-a8e4-0b3cfe851027,2025-07-30 16:33:05.306764,2025-07-30 16:33:05.306764,dc1a53a2-073e-44c6-8226-4ed4c6483061,bb05204b-9818-4e53-9036-6b29b936b0fb,36dc40af-c14e-4315-ba38-a9b1bc755fb8
6e090db6-eae4-44e4-804c-eecee77e581b,2020-10-15 13:40:27.342262,Annual Gala,4543.19662571,74d1c04f-1270-4992-b7bb-60ece014f165,8770bef5-f6b8-49f3-b8cd-02cc866be181,2025-07-30 16:33:05.306764,2025-07-30 16:33:05.306764,45264272-a939-4652-8038-3dee77d5da5a,bb05204b-9818-4e53-9036-6b29b936b0fb,36dc40af-c14e-4315-ba38-a9b1bc755fb8
fde744f1-2471-43b6-ba72-80119b9e81ea,2012-07-10 23:52:41.342323,Education Workshop,3792.59843933,f4394c99-61dd-4135-a4bc-efa0f02829c5,553014af-66de-4332-a2c6-69e480a59e1f,2025-07-30 16:33:05.306764,2025-07-30 16:33:05.306764,6b4cd5ca-b20e-4b94-9709-334dde3f9a37,bb05204b-9818-4e53-9036-6b29b936b0fb,36dc40af-c14e-4315-ba38-a9b1bc755fb8
4fc025c2-ead8-481a-af47-925691fa5e21,2018-11-21 02:25:32.342356,Job Fair,3588.07227000,19977a29-400f-40a8-9d5e-2a11ae125fcf,e601ab1a-e0aa-4b66-a086-d99bf035dc65,2025-07-30 16:33:05.306764,2025-07-30 16:33:05.306764,eec0d169-5a11-4746-8006-1f48c9f71db8,bb05204b-9818-4e53-9036-6b29b936b0fb,36dc40af-c14e-4315-ba38-a9b1bc755fb8
8eb40f54-a223-414e-a19b-c54933aa5812,2012-08-10 02:05:56.342402,Health Fair,2679.77352020,057cbcc3-ac6f-4d76-9cc5-76894fc60a36,cc3f60b3-6fe0-4ef6-b96c-8752baebba15,2025-07-30 16:33:05.306764,2025-07-30 16:33:05.306764,709fe422-3d91-462b-ae2b-0460fe175ddc,bb05204b-9818-4e53-9036-6b29b936b0fb,36dc40af-c14e-4315-ba38-a9b1bc755fb8
b78561e2-99f3-430e-8174-98ac98088093,2021-01-14 01:21:34.342435,Holiday Celebration,6123.61829343,83faa8b1-53fe-4c8a-8a73-9f760aff7585,b5cca8f8-0796-4a3f-b3e5-fa6e27941ff8,2025-07-30 16:33:05.306764,2025-07-30 16:33:05.306764,65dd3b94-73a6-4130-a316-1f34e5953c53,bb05204b-9818-4e53-9036-6b29b936b0fb,36dc40af-c14e-4315-ba38-a9b1bc755fb8
920e42f8-fc1e-43c7-915b-e888fec5981d,2020-03-08 15:09:38.342465,Volunteer Meetup,692.60627441,a882d9a2-9dc8-4678-ac80-1aa7067db3ea,5c2ffbc7-d6cc-43f9-abd7-ff7835dd7258,2025-07-30 16:33:05.306764,2025-07-30 16:33:05.306764,d5d678b2-b91a-4ff8-8db4-5f8f87c4f42b,bb05204b-9818-4e53-9036-6b29b936b0fb,36dc40af-c14e-4315-ba38-a9b1bc755fb8
2dc8ed4e-ab2a-4f3d-985f-6ae543dfbc04,2024-12-08 12:46:19.342494,Volunteer Meetup,8731.24713104,a882d9a2-9dc8-4678-ac80-1aa7067db3ea,6a981bbb-6d7a-45ff-82ac-0cbd98239fb6,2025-07-30 16:33:05.306764,2025-07-30 16:33:05.306764,1f2c59af-b592-4c6b-b468-bdac1d1d89c9,bb05204b-9818-4e53-9036-6b29b936b0fb,36dc40af-c14e-4315-ba38-a9b1bc755fb8
d1cd57a3-d95d-43fa-aa29-62a5b0116ecc,2012-10-29 07:26:05.342523,Fundraising Concert,7674.21938664,aab9d979-2d45-49d6-a19f-ca2a9a7774c7,6d1078ad-4a9a-4b0f-bb30-debc6d4c2dcd,2025-07-30 16:33:05.306764,2025-07-30 16:33:05.306764,3a3f4ec1-f6df-4860-a50e-7052f593b026,bb05204b-9818-4e53-9036-6b29b936b0fb,36dc40af-c14e-4315-ba38-a9b1bc755fb8
85104158-52f6-4813-9c2e-252f15614fa7,2013-04-12 10:04:08.342551,Volunteer Meetup,7022.64906763,a882d9a2-9dc8-4678-ac80-1aa7067db3ea,dc31d864-3020-43e5-b34a-1a0985378f1a,2025-07-30 16:33:05.306764,2025-07-30 16:33:05.306764,cfd1d2c0-afad-4d48-aa6a-7c1657e769db,bb05204b-9818-4e53-9036-6b29b936b0fb,36dc40af-c14e-4315-ba38-a9b1bc755fb8
1c7ce54f-32dd-4d70-beea-92b77918c104,2007-06-11 13:08:52.342580,Education Workshop,8167.44233787,f4394c99-61dd-4135-a4bc-efa0f02829c5,ca10be9e-0c61-4822-b699-36f9a6ee68b7,2025-07-30 16:33:05.306764,2025-07-30 16:33:05.306764,b909f5a9-9e20-4e01-914a-6eb34bb9ea1c,bb05204b-9818-4e53-9036-6b29b936b0fb,36dc40af-c14e-4315-ba38-a9b1bc755fb8
fe691dad-078b-4543-928f-d898fb6a8930,2013-03-19 03:36:00.342625,Art Show,6858.38008433,057cbcc3-ac6f-4d76-9cc5-76894fc60a36,cd695f94-8f0d-46ae-9123-3c9497b3678b,2025-07-30 16:33:05.306764,2025-07-30 16:33:05.306764,b6237809-3512-47f4-b0d1-ac96c8a9b678,bb05204b-9818-4e53-9036-6b29b936b0fb,36dc40af-c14e-4315-ba38-a9b1bc755fb8
15774e43-803f-4450-a928-43db52bfd95d,2011-05-27 06:37:41.342654,Education Workshop,3466.10627772,f4394c99-61dd-4135-a4bc-efa0f02829c5,12db2165-dbc3-480f-a928-bbedcdac89d6,2025-07-30 16:33:05.306764,2025-07-30 16:33:05.306764,87c83408-63f4-4ea7-9623-224325e4a2d3,bb05204b-9818-4e53-9036-6b29b936b0fb,36dc40af-c14e-4315-ba38-a9b1bc755fb8
64bbd983-49e5-4ff0-8132-ddcd9efb99e6,2018-04-29 20:23:32.342689,Marathon,1061.49493210,83faa8b1-53fe-4c8a-8a73-9f760aff7585,23d61e7e-1a25-4449-8831-a0519e79d6c2,2025-07-30 16:33:05.306764,2025-07-30 16:33:05.306764,cdb06f91-358d-433f-a14f-e56ad2d42f83,bb05204b-9818-4e53-9036-6b29b936b0fb,36dc40af-c14e-4315-ba38-a9b1bc755fb8
a1aeeb45-e162-48dd-813a-c68ed362bde4,2024-10-04 16:28:28.342717,Fundraising Concert,8527.33557355,aab9d979-2d45-49d6-a19f-ca2a9a7774c7,a70e65fb-bc1f-419c-9987-9e2d31256c5d,2025-07-30 16:33:05.306764,2025-07-30 16:33:05.306764,37882c0c-99fd-45ad-967c-59b369aafc11,bb05204b-9818-4e53-9036-6b29b936b0fb,36dc40af-c14e-4315-ba38-a9b1bc755fb8
826086af-d912-447a-b88c-5c20dce05273,2009-06-25 11:10:25.342744,Fundraising Concert,4137.03741731,aab9d979-2d45-49d6-a19f-ca2a9a7774c7,889c5fcc-0182-46e2-9022-b6514a932720,2025-07-30 16:33:05.306764,2025-07-30 16:33:05.306764,4234dbfd-ff91-4415-994a-02c1f7ee1f91,bb05204b-9818-4e53-9036-6b29b936b0fb,36dc40af-c14e-4315-ba38-a9b1bc755fb8
53d4550d-ea9b-42e4-9117-cd026eec46c0,2019-05-04 19:01:01.342772,Charity Auction,9800.79427149,aab9d979-2d45-49d6-a19f-ca2a9a7774c7,7c7d542e-97cd-4cfa-ae8c-c86f830af593,2025-07-30 16:33:05.306764,2025-07-30 16:33:05.306764,a3d4dbb9-4126-40d8-b315-bb8d613059f3,bb05204b-9818-4e53-9036-6b29b936b0fb,36dc40af-c14e-4315-ba38-a9b1bc755fb8
623d3b1f-a728-436c-8908-9da1a7b0a162,2020-06-22 13:56:13.342800,Community Picnic,7636.64222825,057cbcc3-ac6f-4d76-9cc5-76894fc60a36,d70cbf78-f6e9-47a4-8aa3-e66a5449feed,2025-07-30 16:33:05.306764,2025-07-30 16:33:05.306764,029351eb-4625-4a3d-9830-8019e1290e12,bb05204b-9818-4e53-9036-6b29b936b0fb,36dc40af-c14e-4315-ba38-a9b1bc755fb8
75b856ee-301e-4f62-ba85-2d60324578fb,2009-10-31 21:56:23.342852,Marathon,7709.09834310,83faa8b1-53fe-4c8a-8a73-9f760aff7585,95c18f7f-9bbf-48e2-98cc-1b0a0db5748d,2025-07-30 16:33:05.306764,2025-07-30 16:33:05.306764,b15449a1-10ad-4005-b641-6e75787e6907,bb05204b-9818-4e53-9036-6b29b936b0fb,36dc40af-c14e-4315-ba38-a9b1bc755fb8
48215060-c214-4c21-b83a-13b028582f9b,2007-01-19 06:24:40.342884,Fundraising Concert,9828.31110133,aab9d979-2d45-49d6-a19f-ca2a9a7774c7,05309836-4619-4c22-91b3-e134d45bcc99,2025-07-30 16:33:05.306764,2025-07-30 16:33:05.306764,c8ae6af3-757e-44d9-aedc-7b398efc0128,bb05204b-9818-4e53-9036-6b29b936b0fb,36dc40af-c14e-4315-ba38-a9b1bc755fb8
50defde5-9c49-4427-bc9e-3d499034b6e9,2015-02-24 04:59:17.342913,Job Fair,3520.25067652,19977a29-400f-40a8-9d5e-2a11ae125fcf,d4f72690-9f6b-4b13-9754-5fd45a22a000,2025-07-30 16:33:05.306764,2025-07-30 16:33:05.306764,dfa975cf-1224-4bb5-92dc-69e3479ebfb5,bb05204b-9818-4e53-9036-6b29b936b0fb,36dc40af-c14e-4315-ba38-a9b1bc755fb8
b30195b6-78ac-4c9f-ac2a-160ea8822eb3,2007-01-18 15:57:37.343127,Marathon,5842.16205379,83faa8b1-53fe-4c8a-8a73-9f760aff7585,a84dbd35-5aaa-4f24-8442-fddb6ce42154,2025-07-30 16:33:05.306764,2025-07-30 16:33:05.306764,73e29fc8-647b-44a7-b49f-94e33fcf5591,bb05204b-9818-4e53-9036-6b29b936b0fb,36dc40af-c14e-4315-ba38-a9b1bc755fb8
748b270b-0aa7-4590-be3a-123d0cbd90c8,2023-02-18 00:21:35.343166,Volunteer Meetup,9377.75683348,a882d9a2-9dc8-4678-ac80-1aa7067db3ea,1a016838-5dc5-40fc-b92c-dfc9a08809e5,2025-07-30 16:33:05.306764,2025-07-30 16:33:05.306764,87d6f220-551f-4b66-995f-7475b614c57c,bb05204b-9818-4e53-9036-6b29b936b0fb,36dc40af-c14e-4315-ba38-a9b1bc755fb8
9a6bc4bd-6e45-4049-87d2-2d11e13e457b,2013-05-02 12:11:09.343197,Education Workshop,2669.05517849,f4394c99-61dd-4135-a4bc-efa0f02829c5,88100d70-22c7-4078-9c12-4d956a61dc3e,2025-07-30 16:33:05.306764,2025-07-30 16:33:05.306764,7c7a7633-5224-4b21-ae7a-58c0a7319be2,bb05204b-9818-4e53-9036-6b29b936b0fb,36dc40af-c14e-4315-ba38-a9b1bc755fb8
6f83fbad-d943-4d8f-8910-3d729e1d59cf,2025-06-15 03:28:51.343226,Volunteer Meetup,1550.18694584,a882d9a2-9dc8-4678-ac80-1aa7067db3ea,81902ad9-4fb3-4aa5-916d-86a7abd7dbd6,2025-07-30 16:33:05.306764,2025-07-30 16:33:05.306764,b070e263-4ccd-4869-a322-892a2f69dfb5,bb05204b-9818-4e53-9036-6b29b936b0fb,36dc40af-c14e-4315-ba38-a9b1bc755fb8
f4c2ff50-5918-4f11-ae76-afbe5fa66cc1,2008-06-24 09:09:17.343255,Fundraising Concert,4352.67874106,aab9d979-2d45-49d6-a19f-ca2a9a7774c7,068924d7-eb58-428e-8507-a0cf3e09229c,2025-07-30 16:33:05.306764,2025-07-30 16:33:05.306764,6da1c047-2dd4-4c91-a030-247bb69ea3b6,bb05204b-9818-4e53-9036-6b29b936b0fb,36dc40af-c14e-4315-ba38-a9b1bc755fb8
7b85dfb8-d37a-40ed-aaa0-8f318be23e03,2018-10-21 16:37:36.343283,Charity Auction,4033.57133100,aab9d979-2d45-49d6-a19f-ca2a9a7774c7,36398d9b-b41a-4692-87bc-2e7402b3135f,2025-07-30 16:33:05.306764,2025-07-30 16:33:05.306764,a66a46b2-d30c-4289-8d0d-414a30f0bad1,bb05204b-9818-4e53-9036-6b29b936b0fb,36dc40af-c14e-4315-ba38-a9b1bc755fb8
7eaebe39-5e8d-4a9e-a643-79525e62593a,2023-11-19 12:49:24.343319,Annual Gala,965.67403026,74d1c04f-1270-4992-b7bb-60ece014f165,a36ab6f3-e2e3-47ce-875b-bd344e27b2e8,2025-07-30 16:33:05.306764,2025-07-30 16:33:05.306764,9ee7b8f5-98d6-4745-9797-2044f3e8a9d6,bb05204b-9818-4e53-9036-6b29b936b0fb,36dc40af-c14e-4315-ba38-a9b1bc755fb8
2f790f9f-eadc-4bbd-9ae5-f44d85c863d0,2013-08-31 08:08:39.343364,Health Fair,2227.63753280,057cbcc3-ac6f-4d76-9cc5-76894fc60a36,5c2e92dc-0c4f-46c2-b6a7-d878ac5a0ac7,2025-07-30 16:33:05.306764,2025-07-30 16:33:05.306764,a8a2bb02-3c2e-43ce-a112-f65e5078c93a,bb05204b-9818-4e53-9036-6b29b936b0fb,36dc40af-c14e-4315-ba38-a9b1bc755fb8
10b7b773-dd51-4c25-baeb-fd9034254d8f,2008-05-16 19:30:19.343409,Health Fair,4724.73984276,057cbcc3-ac6f-4d76-9cc5-76894fc60a36,029db125-2923-4a87-a102-5dded483496f,2025-07-30 16:33:05.306764,2025-07-30 16:33:05.306764,640d3ded-51d5-430c-a72a-086fba6cf81b,bb05204b-9818-4e53-9036-6b29b936b0fb,36dc40af-c14e-4315-ba38-a9b1bc755fb8
bca542d6-c528-47da-9c3e-f779ffc81605,2014-10-18 04:56:22.343459,Marathon,5526.76790539,83faa8b1-53fe-4c8a-8a73-9f760aff7585,59b7937f-83fa-4002-85f8-3f1313d4f18c,2025-07-30 16:33:05.306764,2025-07-30 16:33:05.306764,fd8aea6d-78e2-4b8a-ba2d-4ad5e91778e8,bb05204b-9818-4e53-9036-6b29b936b0fb,36dc40af-c14e-4315-ba38-a9b1bc755fb8
99209e26-6146-4236-af1a-b7402d627e33,2014-11-25 22:23:56.343500,Job Fair,8406.41290357,19977a29-400f-40a8-9d5e-2a11ae125fcf,0c3baa3e-2477-4c75-8726-4ad42588dba3,2025-07-30 16:33:05.306764,2025-07-30 16:33:05.306764,c6820175-a5c3-497a-9c78-0282c079120c,bb05204b-9818-4e53-9036-6b29b936b0fb,36dc40af-c14e-4315-ba38-a9b1bc755fb8
42f629c7-9b88-4150-b328-e94e667f495b,2012-02-02 19:55:21.343530,Annual Gala,2827.24162344,74d1c04f-1270-4992-b7bb-60ece014f165,43bc14e6-da21-49a0-851f-d26f9fa9316f,2025-07-30 16:33:05.306764,2025-07-30 16:33:05.306764,f8dde28a-640e-4b4d-bb33-b4b0babbfc53,bb05204b-9818-4e53-9036-6b29b936b0fb,36dc40af-c14e-4315-ba38-a9b1bc755fb8
2be817b6-453a-4403-b068-7b0e82680ea7,2022-11-25 14:55:01.343560,Volunteer Meetup,8305.65684452,a882d9a2-9dc8-4678-ac80-1aa7067db3ea,b506bd34-d40b-45ba-ad77-dea96e373583,2025-07-30 16:33:05.306764,2025-07-30 16:33:05.306764,1e721aa3-0eff-497a-8f40-c0efbc02bf19,bb05204b-9818-4e53-9036-6b29b936b0fb,36dc40af-c14e-4315-ba38-a9b1bc755fb8
033c0da6-dbb3-4c01-b461-56d3a8a3925b,2020-07-01 15:46:00.343589,Fundraising Concert,9170.95930625,aab9d979-2d45-49d6-a19f-ca2a9a7774c7,815e4c3e-2acf-49fa-946e-6a5eb397b488,2025-07-30 16:33:05.306764,2025-07-30 16:33:05.306764,d7c24652-ea14-47c9-9d38-1b6335aa021c,bb05204b-9818-4e53-9036-6b29b936b0fb,36dc40af-c14e-4315-ba38-a9b1bc755fb8
70c3a8d1-55fe-4fda-ba1c-9173c9674f6d,2021-02-06 17:12:11.343618,Marathon,7010.36682366,83faa8b1-53fe-4c8a-8a73-9f760aff7585,031828e7-0a2f-48d1-a1ae-7d431b34534e,2025-07-30 16:33:05.306764,2025-07-30 16:33:05.306764,aeae6b18-ad1f-4cf9-b0d1-c5ceb2b16179,bb05204b-9818-4e53-9036-6b29b936b0fb,36dc40af-c14e-4315-ba38-a9b1bc755fb8
4fb5c811-ed38-4507-91c7-8fa62391acaa,2025-01-20 12:22:21.343645,Fundraising Concert,5061.23135991,aab9d979-2d45-49d6-a19f-ca2a9a7774c7,b85591aa-0a78-4cff-8aa0-419ce1fc7587,2025-07-30 16:33:05.306764,2025-07-30 16:33:05.306764,487e3c73-57d3-497b-bc56-dc10a37dc3d9,bb05204b-9818-4e53-9036-6b29b936b0fb,36dc40af-c14e-4315-ba38-a9b1bc755fb8
30b7ac75-77b6-49f5-bcb9-e6b585297482,2021-04-03 12:14:55.343674,Holiday Celebration,2684.68648419,83faa8b1-53fe-4c8a-8a73-9f760aff7585,2254cd92-efbd-48f2-a681-695eb74159ea,2025-07-30 16:33:05.306764,2025-07-30 16:33:05.306764,0a2a5e39-bc99-4bdd-9b44-7f909b3eda79,bb05204b-9818-4e53-9036-6b29b936b0fb,36dc40af-c14e-4315-ba38-a9b1bc755fb8
528ba8f4-5001-4b8c-9ada-0a6a7a0bca10,2007-07-31 21:42:41.343704,Fundraising Concert,9756.52396363,aab9d979-2d45-49d6-a19f-ca2a9a7774c7,f9b1159f-a240-408a-af9a-6a1716064fb7,2025-07-30 16:33:05.306764,2025-07-30 16:33:05.306764,3f827680-d0e1-4380-9bdb-f626a8736153,bb05204b-9818-4e53-9036-6b29b936b0fb,36dc40af-c14e-4315-ba38-a9b1bc755fb8
015664b7-3ceb-440b-8a6f-1cf4aac02475,2009-02-11 05:04:54.343733,Annual Gala,2188.52060676,74d1c04f-1270-4992-b7bb-60ece014f165,0b371e55-b2df-4d06-baa3-e6c4dd4ca6c2,2025-07-30 16:33:05.306764,2025-07-30 16:33:05.306764,ff4c9d1a-a1a7-4b18-9f21-857996c88a7a,bb05204b-9818-4e53-9036-6b29b936b0fb,36dc40af-c14e-4315-ba38-a9b1bc755fb8
ed1945da-fdbc-4be5-a35d-0cff6bb7e444,2006-08-01 15:23:12.343761,Job Fair,2907.02955438,19977a29-400f-40a8-9d5e-2a11ae125fcf,3a397718-1a4e-493c-bb5a-4c83d0c0c5d0,2025-07-30 16:33:05.306764,2025-07-30 16:33:05.306764,32131a83-e875-4b5c-9723-464f823d3f91,bb05204b-9818-4e53-9036-6b29b936b0fb,36dc40af-c14e-4315-ba38-a9b1bc755fb8
4786fe9c-695b-4244-9639-2cf417622bf2,2024-03-25 16:50:52.343789,Fundraising Concert,5746.47303668,aab9d979-2d45-49d6-a19f-ca2a9a7774c7,4f14f0ce-0e3a-4421-ab1a-e2a1127641f1,2025-07-30 16:33:05.306764,2025-07-30 16:33:05.306764,aea87c9d-47ce-4428-a7ba-a1b56f93c360,bb05204b-9818-4e53-9036-6b29b936b0fb,36dc40af-c14e-4315-ba38-a9b1bc755fb8
343cc77e-8df8-4294-90f4-28e45aa712bf,2022-08-31 11:43:16.343817,Fundraising Concert,8229.62515648,aab9d979-2d45-49d6-a19f-ca2a9a7774c7,b05457de-6f97-41ca-a480-b8f28ff7c768,2025-07-30 16:33:05.306764,2025-07-30 16:33:05.306764,41f65445-f022-4fd4-b6e2-fc92acaaa860,bb05204b-9818-4e53-9036-6b29b936b0fb,36dc40af-c14e-4315-ba38-a9b1bc755fb8
0f4af6a9-93e0-49a0-b6d4-6acb0b2cd4f2,2015-07-08 00:10:54.343846,Community Picnic,984.18138480,057cbcc3-ac6f-4d76-9cc5-76894fc60a36,d7efb90f-3d49-4649-8f18-c07315faf6f2,2025-07-30 16:33:05.306764,2025-07-30 16:33:05.306764,c32a5cfb-31cd-4973-8ac2-5ee1b27a9302,bb05204b-9818-4e53-9036-6b29b936b0fb,36dc40af-c14e-4315-ba38-a9b1bc755fb8
0bb08c42-c284-4771-82cc-3e2bf78ebb74,2008-01-27 12:57:14.343874,Marathon,7490.70846949,83faa8b1-53fe-4c8a-8a73-9f760aff7585,01fee37c-ec74-44a8-935d-1e520a7db08f,2025-07-30 16:33:05.306764,2025-07-30 16:33:05.306764,92cfb44a-b564-42f2-b1db-13956f86a1c1,bb05204b-9818-4e53-9036-6b29b936b0fb,36dc40af-c14e-4315-ba38-a9b1bc755fb8
9a504cba-4631-451e-bbb9-92b630581f1c,2019-11-09 13:36:18.343924,Volunteer Meetup,598.86916855,a882d9a2-9dc8-4678-ac80-1aa7067db3ea,92e57776-9858-4ad5-b704-466d5a27ed02,2025-07-30 16:33:05.306764,2025-07-30 16:33:05.306764,17686e8f-6c27-49a2-b236-c896fdf688cf,bb05204b-9818-4e53-9036-6b29b936b0fb,36dc40af-c14e-4315-ba38-a9b1bc755fb8
d8cfe8f3-a4f8-4b8f-a3cf-689978476dfb,2021-09-16 00:02:54.343955,Annual Gala,3096.86852741,74d1c04f-1270-4992-b7bb-60ece014f165,34de7cab-8633-4a4c-a6dd-0f42d7df22b2,2025-07-30 16:33:05.306764,2025-07-30 16:33:05.306764,f6aab55d-0f33-416e-8fa5-024218de3254,bb05204b-9818-4e53-9036-6b29b936b0fb,36dc40af-c14e-4315-ba38-a9b1bc755fb8
cab0fc5b-9b62-4719-b574-f59e8eef3a0c,2012-06-21 08:45:05.343983,Community Picnic,9792.37887981,057cbcc3-ac6f-4d76-9cc5-76894fc60a36,cd6dbb0f-6a2a-416f-b5b1-f610e6fb1bf0,2025-07-30 16:33:05.306764,2025-07-30 16:33:05.306764,55767309-8d52-44c6-9af2-585e1f7ba6c4,bb05204b-9818-4e53-9036-6b29b936b0fb,36dc40af-c14e-4315-ba38-a9b1bc755fb8
894035f5-e312-4791-a266-aed225bee48f,2018-11-30 14:29:27.344012,Art Show,2291.28951852,057cbcc3-ac6f-4d76-9cc5-76894fc60a36,94a8f8e0-2d1d-482e-92fe-0cc1fb05ce2f,2025-07-30 16:33:05.306764,2025-07-30 16:33:05.306764,064a2327-cc8f-437e-81ad-8376e4bc6ff7,bb05204b-9818-4e53-9036-6b29b936b0fb,36dc40af-c14e-4315-ba38-a9b1bc755fb8
650fb94a-0817-4c4a-b266-33d7b739a74e,2012-11-25 15:57:12.344046,Holiday Celebration,618.16837067,83faa8b1-53fe-4c8a-8a73-9f760aff7585,2e433a82-575b-4f9d-9898-5bb72bc42ddf,2025-07-30 16:33:05.306764,2025-07-30 16:33:05.306764,ddeb1542-44a9-4075-82f6-adf5c97c04de,bb05204b-9818-4e53-9036-6b29b936b0fb,36dc40af-c14e-4315-ba38-a9b1bc755fb8
6182b7c5-1304-4c46-a8c7-bcd589dd6071,2023-05-07 14:28:28.344092,Health Fair,7694.91326477,057cbcc3-ac6f-4d76-9cc5-76894fc60a36,83e45b1b-c0c0-4e3b-9d6b-d5233bd0fbd1,2025-07-30 16:33:05.306764,2025-07-30 16:33:05.306764,2d2c0af2-f839-4369-95e9-b5e9eafff0e9,bb05204b-9818-4e53-9036-6b29b936b0fb,36dc40af-c14e-4315-ba38-a9b1bc755fb8
a76f2f45-953a-4969-8a2b-0c0ab8224862,2020-12-08 18:33:35.344121,Marathon,2561.19026380,83faa8b1-53fe-4c8a-8a73-9f760aff7585,e10e741b-65ab-45c7-86f8-a38c211f228f,2025-07-30 16:33:05.306764,2025-07-30 16:33:05.306764,93772706-643e-4d1f-9bc4-2abe91eba2c3,bb05204b-9818-4e53-9036-6b29b936b0fb,36dc40af-c14e-4315-ba38-a9b1bc755fb8
f155c5c7-1489-459c-b34b-06686eeb038e,2013-12-16 10:03:01.344149,Annual Gala,2869.29681529,74d1c04f-1270-4992-b7bb-60ece014f165,eca0c019-6dcb-4efa-935f-f2cc8b23b4df,2025-07-30 16:33:05.306764,2025-07-30 16:33:05.306764,14463122-fe10-4467-92d2-5b0f62294f12,bb05204b-9818-4e53-9036-6b29b936b0fb,36dc40af-c14e-4315-ba38-a9b1bc755fb8
c7e7a5bc-c011-413b-b09c-8a86b61af231,2017-09-28 03:58:01.344177,Volunteer Meetup,1042.13836847,a882d9a2-9dc8-4678-ac80-1aa7067db3ea,7657fed1-efd2-4239-a86d-e9d6a1b1e7a9,2025-07-30 16:33:05.306764,2025-07-30 16:33:05.306764,fba82630-04c2-401f-8f27-dae6981a7314,bb05204b-9818-4e53-9036-6b29b936b0fb,36dc40af-c14e-4315-ba38-a9b1bc755fb8
42a35ac4-e621-4a85-8ccc-2ba37fd7ce6f,2023-10-27 10:09:28.344205,Annual Gala,6790.91183189,74d1c04f-1270-4992-b7bb-60ece014f165,4465fb48-4574-49cf-82e3-36abc23f235b,2025-07-30 16:33:05.306764,2025-07-30 16:33:05.306764,a17f3611-d2bd-4f56-850e-3e7d8ac97973,bb05204b-9818-4e53-9036-6b29b936b0fb,36dc40af-c14e-4315-ba38-a9b1bc755fb8
766d6bb0-86f2-49ab-aa2a-0c2c1986183e,2021-07-26 20:14:17.344234,Community Picnic,3726.09688310,057cbcc3-ac6f-4d76-9cc5-76894fc60a36,9c0ef06e-ce94-4564-8512-32fab65349df,2025-07-30 16:33:05.306764,2025-07-30 16:33:05.306764,f3820cc1-5c00-4f3d-a718-952b61a816b9,bb05204b-9818-4e53-9036-6b29b936b0fb,36dc40af-c14e-4315-ba38-a9b1bc755fb8
aba0984d-c352-4572-8c1d-2178a13fcacd,2014-02-06 05:17:44.344432,Fundraising Concert,7318.86429651,aab9d979-2d45-49d6-a19f-ca2a9a7774c7,a3f9f2c4-e8c1-4efa-a70b-606ff72b17ae,2025-07-30 16:33:05.306764,2025-07-30 16:33:05.306764,af0e0734-bd99-4784-a482-f6504027621e,bb05204b-9818-4e53-9036-6b29b936b0fb,36dc40af-c14e-4315-ba38-a9b1bc755fb8
31056ecd-e7c6-4615-be61-74278f269386,2007-07-26 00:47:40.344491,Health Fair,8717.89951433,057cbcc3-ac6f-4d76-9cc5-76894fc60a36,35a74702-e176-4aee-b0c0-8c5035889778,2025-07-30 16:33:05.306764,2025-07-30 16:33:05.306764,05b7cd06-038b-464b-8591-af0d9bf434f9,bb05204b-9818-4e53-9036-6b29b936b0fb,36dc40af-c14e-4315-ba38-a9b1bc755fb8
7f9e4950-419f-4c3c-b62e-27abb2490c38,2013-11-13 05:43:24.344556,Community Picnic,9699.90364311,057cbcc3-ac6f-4d76-9cc5-76894fc60a36,b0e71040-cb94-4cc1-bfcb-c3ffb0745cf8,2025-07-30 16:33:05.306764,2025-07-30 16:33:05.306764,67def0b2-37f3-46a8-b098-416f592f81c9,bb05204b-9818-4e53-9036-6b29b936b0fb,36dc40af-c14e-4315-ba38-a9b1bc755fb8
7323ffe9-f631-482b-9bd7-41935dc11db5,2024-02-27 03:24:24.344593,Community Picnic,5432.00970779,057cbcc3-ac6f-4d76-9cc5-76894fc60a36,ed3881fc-df27-4e44-a181-9ff64a7cfd78,2025-07-30 16:33:05.306764,2025-07-30 16:33:05.306764,d434828b-e534-4d85-8f7b-8a558e1b93af,bb05204b-9818-4e53-9036-6b29b936b0fb,36dc40af-c14e-4315-ba38-a9b1bc755fb8
d4bdd2c6-fe93-41f1-923c-935be56869bc,2008-02-28 17:28:39.344625,Marathon,9440.87493199,83faa8b1-53fe-4c8a-8a73-9f760aff7585,32d3c60d-5ad9-49ea-b866-d5f6904ed668,2025-07-30 16:33:05.306764,2025-07-30 16:33:05.306764,7fa4f768-e5d2-450f-8c05-903c3ca27f08,bb05204b-9818-4e53-9036-6b29b936b0fb,36dc40af-c14e-4315-ba38-a9b1bc755fb8
323a1f94-e2f9-432e-b9c0-26cc9002a9de,2010-09-06 04:55:53.344657,Marathon,3271.68881344,83faa8b1-53fe-4c8a-8a73-9f760aff7585,3a4e65ff-8f46-4fa8-b18b-4948aebc6877,2025-07-30 16:33:05.306764,2025-07-30 16:33:05.306764,f8d5f95e-cfa0-4557-86aa-d96274e9b8d4,bb05204b-9818-4e53-9036-6b29b936b0fb,36dc40af-c14e-4315-ba38-a9b1bc755fb8
8e91b429-3970-4df6-9067-d1077b141599,2018-09-10 04:58:50.344689,Health Fair,2375.55900605,057cbcc3-ac6f-4d76-9cc5-76894fc60a36,a46bd79d-a464-40cd-b6b9-0032ead53480,2025-07-30 16:33:05.306764,2025-07-30 16:33:05.306764,34224085-138e-462f-b63f-b68cd5f90496,bb05204b-9818-4e53-9036-6b29b936b0fb,36dc40af-c14e-4315-ba38-a9b1bc755fb8
1707de81-0139-4469-aa87-f3a423ff45b7,2017-03-10 16:39:21.344722,Charity Auction,3032.85073795,aab9d979-2d45-49d6-a19f-ca2a9a7774c7,f0fcec8d-569d-49c3-84bf-2ff301e6c680,2025-07-30 16:33:05.306764,2025-07-30 16:33:05.306764,2effe09f-43c4-454d-acd1-cffc2b342741,bb05204b-9818-4e53-9036-6b29b936b0fb,36dc40af-c14e-4315-ba38-a9b1bc755fb8
44235eee-02e9-4f41-a24d-31acf1ff4e1c,2024-09-25 18:07:31.344771,Art Show,6159.57093762,057cbcc3-ac6f-4d76-9cc5-76894fc60a36,2fbb1db8-6ce9-4897-b164-b5a6b0ee17bd,2025-07-30 16:33:05.306764,2025-07-30 16:33:05.306764,a1be6222-2c91-4a19-b596-281e9d714216,bb05204b-9818-4e53-9036-6b29b936b0fb,36dc40af-c14e-4315-ba38-a9b1bc755fb8
c1e7028d-a976-4dcb-bd8a-1fef0ab47b67,2011-05-10 20:00:32.344835,Community Picnic,4849.29520161,057cbcc3-ac6f-4d76-9cc5-76894fc60a36,18b6da5f-597f-4f31-8be5-8f1fdfe47f1d,2025-07-30 16:33:05.306764,2025-07-30 16:33:05.306764,8bd7aa4e-8005-466c-a751-8d8e4d9ed35f,bb05204b-9818-4e53-9036-6b29b936b0fb,36dc40af-c14e-4315-ba38-a9b1bc755fb8
27cd30e8-faa2-432d-b974-b408d66a5492,2019-01-26 11:18:45.344887,Annual Gala,1704.00352499,74d1c04f-1270-4992-b7bb-60ece014f165,692b1674-fd32-47ca-86da-02d7b19db0cc,2025-07-30 16:33:05.306764,2025-07-30 16:33:05.306764,8591471b-7766-43a3-80e1-5bd97d4d1207,bb05204b-9818-4e53-9036-6b29b936b0fb,36dc40af-c14e-4315-ba38-a9b1bc755fb8
03d22a32-c924-4dde-a61f-9c8e53ced72f,2006-05-27 18:15:11.344917,Volunteer Meetup,3419.12424027,a882d9a2-9dc8-4678-ac80-1aa7067db3ea,0ecf7031-cf8d-4e01-95ee-7732c0fbc116,2025-07-30 16:33:05.306764,2025-07-30 16:33:05.306764,982b3315-51c9-4410-8da7-a18124e44f2d,bb05204b-9818-4e53-9036-6b29b936b0fb,36dc40af-c14e-4315-ba38-a9b1bc755fb8
e1ca8c34-f4db-495c-aa35-3c5f4e62ba30,2017-10-27 13:56:52.344994,Community Picnic,523.82531585,057cbcc3-ac6f-4d76-9cc5-76894fc60a36,2f853916-281e-4c9b-a2e4-9c261d68c189,2025-07-30 16:33:05.306764,2025-07-30 16:33:05.306764,c89d7349-b4fb-4eac-8801-ea2c5b0bac30,bb05204b-9818-4e53-9036-6b29b936b0fb,36dc40af-c14e-4315-ba38-a9b1bc755fb8
2a150d21-f9e2-4ec1-8f04-21b523d80ce6,2007-01-18 18:49:11.345037,Art Show,9809.45085762,057cbcc3-ac6f-4d76-9cc5-76894fc60a36,5c8a25bd-6477-43a7-9aee-7618bc0f824e,2025-07-30 16:33:05.306764,2025-07-30 16:33:05.306764,30174a76-ec28-439c-ad68-d8723a2f203f,bb05204b-9818-4e53-9036-6b29b936b0fb,36dc40af-c14e-4315-ba38-a9b1bc755fb8
3e146075-f1eb-4253-85af-5b28b999f3f6,2022-06-27 08:36:23.345068,Charity Auction,8213.42877062,aab9d979-2d45-49d6-a19f-ca2a9a7774c7,3e2e9ef9-df9b-448c-95c7-81845dfa865e,2025-07-30 16:33:05.306764,2025-07-30 16:33:05.306764,607a9a64-b352-4313-83f3-4de7c454db6f,bb05204b-9818-4e53-9036-6b29b936b0fb,36dc40af-c14e-4315-ba38-a9b1bc755fb8
cb80509f-137f-451c-a52b-69089a841234,2020-07-27 09:50:43.345098,Fundraising Concert,5230.09160113,aab9d979-2d45-49d6-a19f-ca2a9a7774c7,26cd79e9-3fbc-45d0-a748-7c87f191c2d6,2025-07-30 16:33:05.306764,2025-07-30 16:33:05.306764,a9f7012c-710f-482c-856a-3230a87dcc45,bb05204b-9818-4e53-9036-6b29b936b0fb,36dc40af-c14e-4315-ba38-a9b1bc755fb8
37193e42-22e3-4b9b-96c7-d54692cb0579,2016-12-24 19:45:14.345151,Volunteer Meetup,963.24086031,a882d9a2-9dc8-4678-ac80-1aa7067db3ea,47801c16-638f-4f3c-966d-cda37013bf6d,2025-07-30 16:33:05.306764,2025-07-30 16:33:05.306764,8e00f95f-d805-440d-a8ae-cda2cc032c38,bb05204b-9818-4e53-9036-6b29b936b0fb,36dc40af-c14e-4315-ba38-a9b1bc755fb8
67cf0d00-1899-40b7-aa19-ba0ea661f1d4,2011-11-17 23:40:06.345200,Community Picnic,2409.60423301,057cbcc3-ac6f-4d76-9cc5-76894fc60a36,61284db3-260a-40d7-8535-f7bb92b31270,2025-07-30 16:33:05.306764,2025-07-30 16:33:05.306764,e956318e-11df-47ff-a865-8a4a11588402,bb05204b-9818-4e53-9036-6b29b936b0fb,36dc40af-c14e-4315-ba38-a9b1bc755fb8
2c14697a-4dd3-4eee-9bcd-7e1d8da574fa,2006-08-22 18:14:15.345229,Education Workshop,1948.19235046,f4394c99-61dd-4135-a4bc-efa0f02829c5,ccb5836a-313d-4d4f-94ec-67036d71f222,2025-07-30 16:33:05.306764,2025-07-30 16:33:05.306764,42692fff-de47-43df-aa94-c0af242a2620,bb05204b-9818-4e53-9036-6b29b936b0fb,36dc40af-c14e-4315-ba38-a9b1bc755fb8
b4eef1e4-99bd-4d7c-9954-e3449c977114,2013-02-04 11:16:08.345273,Education Workshop,4080.53641414,f4394c99-61dd-4135-a4bc-efa0f02829c5,adb8d564-ccf3-4d96-b99e-4c00d3046685,2025-07-30 16:33:05.306764,2025-07-30 16:33:05.306764,2dddaed2-54b5-40b0-99f3-f381956079d1,bb05204b-9818-4e53-9036-6b29b936b0fb,36dc40af-c14e-4315-ba38-a9b1bc755fb8
2be05ac1-69b2-4bc0-889d-a79e15915913,2009-11-26 09:25:16.345302,Art Show,8549.09267850,057cbcc3-ac6f-4d76-9cc5-76894fc60a36,c223df45-c14b-444f-b86d-203a8fabef63,2025-07-30 16:33:05.306764,2025-07-30 16:33:05.306764,c3f472a8-4791-444d-8200-950b9cfd7c8d,bb05204b-9818-4e53-9036-6b29b936b0fb,36dc40af-c14e-4315-ba38-a9b1bc755fb8
045ed19d-219a-456b-827c-7af9f86f20ce,2022-11-11 16:50:26.345331,Annual Gala,7973.67746635,74d1c04f-1270-4992-b7bb-60ece014f165,7e4289f7-a395-46cd-9ac6-02f1e338c91e,2025-07-30 16:33:05.306764,2025-07-30 16:33:05.306764,0b698458-f206-4dd4-8996-c7e07f281a88,bb05204b-9818-4e53-9036-6b29b936b0fb,36dc40af-c14e-4315-ba38-a9b1bc755fb8
359d7a29-3de6-460f-9668-997fa9fd39d6,2016-03-29 07:09:14.345359,Annual Gala,6882.08221260,74d1c04f-1270-4992-b7bb-60ece014f165,c669f43d-6c1c-4eb1-af60-6f3893033c62,2025-07-30 16:33:05.306764,2025-07-30 16:33:05.306764,5acc6bab-91af-40f9-be34-942b4d94e9c5,bb05204b-9818-4e53-9036-6b29b936b0fb,36dc40af-c14e-4315-ba38-a9b1bc755fb8
6a88c3e7-6e1f-4828-8e2a-7298d4726925,2024-10-16 08:19:57.345387,Community Picnic,6403.12389868,057cbcc3-ac6f-4d76-9cc5-76894fc60a36,ad6560cf-93c1-4c71-bc87-f745d21eef9d,2025-07-30 16:33:05.306764,2025-07-30 16:33:05.306764,838f9901-1ba7-43a0-92cd-08b4dace0739,bb05204b-9818-4e53-9036-6b29b936b0fb,36dc40af-c14e-4315-ba38-a9b1bc755fb8
da2a3969-e90d-4ae0-a6c4-6e368d74820d,2016-09-16 05:25:29.345415,Art Show,9184.11205685,057cbcc3-ac6f-4d76-9cc5-76894fc60a36,b9d905f8-32dd-4ad0-873f-9aa982c7ac8b,2025-07-30 16:33:05.306764,2025-07-30 16:33:05.306764,3bd691ad-0c58-4fc5-890b-41f38a14ec93,bb05204b-9818-4e53-9036-6b29b936b0fb,36dc40af-c14e-4315-ba38-a9b1bc755fb8
765a43f3-781c-4485-9c1f-74f4ce97eb7d,2016-12-28 01:05:08.345444,Health Fair,6430.45917906,057cbcc3-ac6f-4d76-9cc5-76894fc60a36,ca90ffb7-16f9-4731-a9ae-9e7d20fb26ee,2025-07-30 16:33:05.306764,2025-07-30 16:33:05.306764,08f4d2df-1194-401d-80b0-31a3f3a2f4b8,bb05204b-9818-4e53-9036-6b29b936b0fb,36dc40af-c14e-4315-ba38-a9b1bc755fb8
36541473-2fa8-4682-8563-e87f071440bc,2020-05-21 07:36:31.345516,Annual Gala,2806.17381789,74d1c04f-1270-4992-b7bb-60ece014f165,342b7061-0d89-4952-94a5-b3454e5c8a51,2025-07-30 16:33:05.306764,2025-07-30 16:33:05.306764,d4bec89a-9a87-47d2-8d7d-58e19bf3a267,bb05204b-9818-4e53-9036-6b29b936b0fb,36dc40af-c14e-4315-ba38-a9b1bc755fb8
24293eb9-0a0a-4b73-9bc5-b94d82208a5c,2024-07-21 22:13:42.345578,Health Fair,3043.69710970,057cbcc3-ac6f-4d76-9cc5-76894fc60a36,09a97724-42ce-40c9-8ab3-4400caba0687,2025-07-30 16:33:05.306764,2025-07-30 16:33:05.306764,b02f8be6-e453-4e9d-9193-04a55d690be7,bb05204b-9818-4e53-9036-6b29b936b0fb,36dc40af-c14e-4315-ba38-a9b1bc755fb8
762b94f0-296e-4641-a223-1e0078fea98c,2017-10-02 10:25:51.345621,Marathon,5659.91812276,83faa8b1-53fe-4c8a-8a73-9f760aff7585,5c55bf60-2814-46b8-acea-ee45d5c8091e,2025-07-30 16:33:05.306764,2025-07-30 16:33:05.306764,afffa611-6574-412f-b392-896ec7e7910c,bb05204b-9818-4e53-9036-6b29b936b0fb,36dc40af-c14e-4315-ba38-a9b1bc755fb8
1779fd67-2174-48f2-a7b4-a771ca7dbb60,2021-04-21 17:17:24.345652,Holiday Celebration,7663.67237787,83faa8b1-53fe-4c8a-8a73-9f760aff7585,ea6bc667-78ff-447b-9910-e0e64381b16b,2025-07-30 16:33:05.306764,2025-07-30 16:33:05.306764,d83a0538-e3a5-4186-95d1-9a21988a4ae4,bb05204b-9818-4e53-9036-6b29b936b0fb,36dc40af-c14e-4315-ba38-a9b1bc755fb8
d7dc800f-c0e3-4f1f-a0aa-e1d5a8e87bb1,2017-06-17 09:45:30.345682,Charity Auction,6719.88385946,aab9d979-2d45-49d6-a19f-ca2a9a7774c7,ac040f8a-da4b-45d6-a8a7-d0a50fb5f29d,2025-07-30 16:33:05.306764,2025-07-30 16:33:05.306764,0a9991bc-3a79-4f38-b281-22a32f1c8789,bb05204b-9818-4e53-9036-6b29b936b0fb,36dc40af-c14e-4315-ba38-a9b1bc755fb8
74d290b4-4a1e-4b9d-b4fe-db5483b09f6c,2010-11-24 17:16:21.345711,Fundraising Concert,1254.13885235,aab9d979-2d45-49d6-a19f-ca2a9a7774c7,3dfab641-0f21-4e66-8dd1-1a39c94f786a,2025-07-30 16:33:05.306764,2025-07-30 16:33:05.306764,c9e7f588-86fb-4274-97e1-a501ac390bba,bb05204b-9818-4e53-9036-6b29b936b0fb,36dc40af-c14e-4315-ba38-a9b1bc755fb8
ce7b78a4-216b-4f9d-a093-471d7fe0a8f3,2018-04-16 09:42:03.345740,Fundraising Concert,3843.69609055,aab9d979-2d45-49d6-a19f-ca2a9a7774c7,ec8bca0b-2c8a-4718-8f3e-3b2728c1c793,2025-07-30 16:33:05.306764,2025-07-30 16:33:05.306764,de5c4659-7406-44d4-9ac3-ddbbe66a78fc,bb05204b-9818-4e53-9036-6b29b936b0fb,36dc40af-c14e-4315-ba38-a9b1bc755fb8
