TransactionSourceId,RecordId,TypeName,CreatedDate,ModifiedDate,SourceSystemId,SourceId
3c79a8db-8151-4351-8b2a-d68340322081,c24f9dfe-6d5d-4d1c-995d-83356560bea1,PhoneCall,2025-07-30 16:33:05.306764,2025-07-30 16:33:05.306764,29c35b80-ebb5-4537-9bee-a974663083c5,bb05204b-9818-4e53-9036-6b29b936b0fb
1d0716f7-9dab-4927-9c80-8194674439a4,4cb36e9f-e636-4f77-9a25-01481591788f,Letter,2025-07-30 16:33:05.306764,2025-07-30 16:33:05.306764,6196ee3a-d794-4735-8e1e-08fc7df7fb0c,bb05204b-9818-4e53-9036-6b29b936b0fb
c9ada37f-ef99-43b0-97ed-edc0b88334cd,a0c0fe87-21e0-46cd-a190-2ec9aeeda98f,EmailEngagement,2025-07-30 16:33:05.306764,2025-07-30 16:33:05.306764,dcb70ba5-6d93-4d8a-9c85-93e22a2f3279,bb05204b-9818-4e53-9036-6b29b936b0fb
37409f94-3eb2-4bd3-bba6-74e1a7b70c21,cc27af8e-4aa3-465d-8145-0f984b6e1e96,SocialEngagement,2025-07-30 16:33:05.306764,2025-07-30 16:33:05.306764,58e42ad7-15a2-4d96-aba9-5132f145f6bc,bb05204b-9818-4e53-9036-6b29b936b0fb
ba90dcf9-9f35-477a-bf35-7a61e3cfa219,cde4deb2-0d56-4221-a445-acb3f73e2445,EmailEngagement,2025-07-30 16:33:05.306764,2025-07-30 16:33:05.306764,00b7a4e0-ffa7-4d5b-8ada-c5c3021ef648,bb05204b-9818-4e53-9036-6b29b936b0fb
5132d890-1cd2-49d3-9781-704b73fc9b62,c1ca8896-c105-47d4-b33d-6c86e137afc4,Letter,2025-07-30 16:33:05.306764,2025-07-30 16:33:05.306764,783efd7f-b716-4d07-bd89-bc9a2bdd60f9,bb05204b-9818-4e53-9036-6b29b936b0fb
aa66db10-eedd-4c3f-af37-e6a7b7a72d28,99c395d4-8a0d-4540-934b-7b5904ea5718,Event,2025-07-30 16:33:05.306764,2025-07-30 16:33:05.306764,a47775c1-5d7a-4146-b35f-6f6ffb9a26eb,bb05204b-9818-4e53-9036-6b29b936b0fb
794e4253-dd74-43c1-b8a7-43fa32e8692f,64bbd983-49e5-4ff0-8132-ddcd9efb99e6,Event,2025-07-30 16:33:05.306764,2025-07-30 16:33:05.306764,4893344c-d0a7-4e1f-9377-6abcfcbcaf66,bb05204b-9818-4e53-9036-6b29b936b0fb
ef1214ab-8fe4-4e80-93a5-3e634ae3dc63,23f7e0b2-5a40-42d1-92ee-0138ba048ff8,PhoneCall,2025-07-30 16:33:05.306764,2025-07-30 16:33:05.306764,0b7e1462-29ed-4633-87c6-714bc31370ee,bb05204b-9818-4e53-9036-6b29b936b0fb
46a4fcd1-2835-4d46-9951-7c829ffbaaee,85103237-43b1-477e-be0a-58e9aa625cdd,PhoneCall,2025-07-30 16:33:05.306764,2025-07-30 16:33:05.306764,51bb59a3-6e21-48e0-9135-f5ee725342c1,bb05204b-9818-4e53-9036-6b29b936b0fb
9f1d2cdd-e6dc-473a-a857-71092fd82bbb,50eedcd9-45f3-47e7-a448-acdbd9074a5c,EmailEngagement,2025-07-30 16:33:05.306764,2025-07-30 16:33:05.306764,89a7ad0f-48d5-42a1-9f43-c0286ba888cb,bb05204b-9818-4e53-9036-6b29b936b0fb
7a58f56e-9b80-419d-aced-1e7de6bed31e,c0f47fc4-b4bd-4bd6-975b-01eebc9e22fb,PhoneCall,2025-07-30 16:33:05.306764,2025-07-30 16:33:05.306764,49224f22-c2dd-494a-9705-8f6d0f0e7ff6,bb05204b-9818-4e53-9036-6b29b936b0fb
4b9ad29d-a35d-400a-80af-c657c54a88e5,600ce6aa-8ced-417b-a039-b95e962ef533,PhoneCall,2025-07-30 16:33:05.306764,2025-07-30 16:33:05.306764,c44a12af-b3fa-488f-b2e0-e088c9c5eb5d,bb05204b-9818-4e53-9036-6b29b936b0fb
836bb3dd-8c2f-4edb-bd43-f8a06b24bb81,39fda843-8d27-4ebb-83c2-aa040d939e38,Letter,2025-07-30 16:33:05.306764,2025-07-30 16:33:05.306764,e5927b9b-785f-426a-8520-1e7e442632c7,bb05204b-9818-4e53-9036-6b29b936b0fb
543b2666-1c2f-4e3b-ad8d-41de3631d85b,0a6b8213-e2c3-4776-9d38-3d7c246e7ad0,Letter,2025-07-30 16:33:05.306764,2025-07-30 16:33:05.306764,ab86aa59-71eb-42fd-b136-c8fa82aa8eef,bb05204b-9818-4e53-9036-6b29b936b0fb
f3ca00f2-1f4f-4660-a60a-9f122e351999,bdf4355e-c32a-4966-97bd-276bffe8edf8,SocialEngagement,2025-07-30 16:33:05.306764,2025-07-30 16:33:05.306764,c49d2ee1-dcf2-41f4-87e5-7b671cf91aa4,bb05204b-9818-4e53-9036-6b29b936b0fb
16dfab08-f7b6-42f1-a7ad-36753ae8896b,2311ad70-9067-4ee1-91ab-6e926a02e899,EmailEngagement,2025-07-30 16:33:05.306764,2025-07-30 16:33:05.306764,5604e1c5-7892-4adf-ba24-1b6ea8a49739,bb05204b-9818-4e53-9036-6b29b936b0fb
bdab6c1a-c7bd-4270-bdf5-2c9579df43c7,4503aa46-8462-4c1a-83e5-dfee00c79a9d,Letter,2025-07-30 16:33:05.306764,2025-07-30 16:33:05.306764,3c05de51-5ddb-49e3-8f85-24d5bf93902e,bb05204b-9818-4e53-9036-6b29b936b0fb
0b55d062-9621-4c46-b2d1-7729310a7620,fa550ae7-bd57-4a06-a0d2-f148337a0cbf,SocialEngagement,2025-07-30 16:33:05.306764,2025-07-30 16:33:05.306764,4d1439d7-c3d7-4c81-8528-dd82763cb0ff,bb05204b-9818-4e53-9036-6b29b936b0fb
b14b5c00-f266-4613-b9bb-b2d72f4d6d6a,76cc8584-4d15-4145-970a-8c7badc4c32b,Letter,2025-07-30 16:33:05.306764,2025-07-30 16:33:05.306764,5477017e-20be-43c7-a244-ee3c36529902,bb05204b-9818-4e53-9036-6b29b936b0fb
d3482864-8184-45ee-a34e-d0010205db2e,1749264b-4f37-4864-bdb8-c431a9c842b6,PhoneCall,2025-07-30 16:33:05.306764,2025-07-30 16:33:05.306764,2874ab9d-4247-43e2-9027-4bb278b6898e,bb05204b-9818-4e53-9036-6b29b936b0fb
a05701f2-aab9-4d77-8347-71f1f0149b9a,e3e8df2f-e431-4172-8070-93b797c847ed,EmailEngagement,2025-07-30 16:33:05.306764,2025-07-30 16:33:05.306764,61ca2ce4-d13d-49c5-bb3f-0e1718af99b9,bb05204b-9818-4e53-9036-6b29b936b0fb
b6b11874-11e9-4318-9dda-be2674668c42,884c06db-f6bc-4cc8-8674-32b98d8c3461,Event,2025-07-30 16:33:05.306764,2025-07-30 16:33:05.306764,77eb976f-bd21-4ad8-aded-dfa28912351a,bb05204b-9818-4e53-9036-6b29b936b0fb
f946c761-5d9d-46dc-a6eb-ba113abf5933,a38a1478-10d8-4eb7-a7ea-78c718db1bff,Letter,2025-07-30 16:33:05.306764,2025-07-30 16:33:05.306764,8d8b536b-50a2-4aaf-a5a0-527eea832125,bb05204b-9818-4e53-9036-6b29b936b0fb
2c5c8b64-2170-42e8-8788-ee4986984236,feda30c0-9097-4991-82ac-2de98b0e092e,SocialEngagement,2025-07-30 16:33:05.306764,2025-07-30 16:33:05.306764,657c0762-6188-4173-968d-2e4da959beb6,bb05204b-9818-4e53-9036-6b29b936b0fb
6d08cabc-9cf8-4c20-b0c1-dc86c06c0087,623d3b1f-a728-436c-8908-9da1a7b0a162,Event,2025-07-30 16:33:05.306764,2025-07-30 16:33:05.306764,719da7d3-46df-4492-bd4b-4272ac6c9bc1,bb05204b-9818-4e53-9036-6b29b936b0fb
175d16ed-564d-40b1-b23d-49c701f7236e,610c5481-dca2-4553-9434-3cb8391717d2,EmailEngagement,2025-07-30 16:33:05.306764,2025-07-30 16:33:05.306764,a646e684-8db6-4847-829d-2e48fe768c77,bb05204b-9818-4e53-9036-6b29b936b0fb
2e11f711-94fc-4acd-9d1d-05469ebe1d65,af48fb1d-8187-41fc-9425-45d2f124d13e,PhoneCall,2025-07-30 16:33:05.306764,2025-07-30 16:33:05.306764,07a70a51-93dd-43db-8226-0cadab84ff60,bb05204b-9818-4e53-9036-6b29b936b0fb
3f65fa09-fbee-414b-a4d6-1f2a0aa9c9d6,389a7dd2-7cbc-4cad-90d4-c3a88836718c,EmailEngagement,2025-07-30 16:33:05.306764,2025-07-30 16:33:05.306764,7ca818bb-339a-4f38-8139-623ce3f7df66,bb05204b-9818-4e53-9036-6b29b936b0fb
98b3b6ed-9301-493f-9c30-4230cd223de4,e77a24ae-87a5-44cd-b9e6-5abca18c75f5,Letter,2025-07-30 16:33:05.306764,2025-07-30 16:33:05.306764,b9941a13-2f23-4bd8-ae48-4d0b860f2222,bb05204b-9818-4e53-9036-6b29b936b0fb
d4263fbc-c1d7-412f-a35e-f8a89236bd93,323a1f94-e2f9-432e-b9c0-26cc9002a9de,Event,2025-07-30 16:33:05.306764,2025-07-30 16:33:05.306764,f418aa3a-088e-49b8-81a3-1f48772c6c82,bb05204b-9818-4e53-9036-6b29b936b0fb
be0b93f1-72a3-45bf-8ece-9d1fc075c0c1,2b1db5d6-48f0-49f7-8f22-c5688a39bcae,Letter,2025-07-30 16:33:05.306764,2025-07-30 16:33:05.306764,18b381ed-42a2-4f58-a0a7-09e9d72e393e,bb05204b-9818-4e53-9036-6b29b936b0fb
6edc46cb-2edb-4d16-abc8-a005b8bb7cbb,2f8ef4d8-d77b-4837-8501-20dbe4117f52,Letter,2025-07-30 16:33:05.306764,2025-07-30 16:33:05.306764,067aedcf-5bc8-460b-ab3e-586bbecb66f1,bb05204b-9818-4e53-9036-6b29b936b0fb
9739fe51-0c72-4291-91f1-dae1684280ae,51114eef-b827-4b01-accf-7b5739b1767b,Letter,2025-07-30 16:33:05.306764,2025-07-30 16:33:05.306764,94462e70-081f-4c4d-8b4f-9f7f4629b420,bb05204b-9818-4e53-9036-6b29b936b0fb
2d21e649-8603-4f31-ac2d-af2b76c612b6,a18798e4-dc3a-4fc5-b3a4-faca182d6d25,EmailEngagement,2025-07-30 16:33:05.306764,2025-07-30 16:33:05.306764,3cc03990-d022-4e86-adaf-2e333919c563,bb05204b-9818-4e53-9036-6b29b936b0fb
0ef41f24-2c6b-4fcb-88ce-2e9504ea3bed,3e5f1808-4cca-4c89-9208-c61f55ae04a2,PhoneCall,2025-07-30 16:33:05.306764,2025-07-30 16:33:05.306764,b3b71b00-0cb6-4fbf-9576-3b5c5bf7e1ad,bb05204b-9818-4e53-9036-6b29b936b0fb
1734ec61-0a5d-40c0-9481-e08a596ee30d,7b38ad49-4bc8-4118-8b5c-f1ca13d9d432,EmailEngagement,2025-07-30 16:33:05.306764,2025-07-30 16:33:05.306764,580a75ac-9791-4719-9658-96282621c716,bb05204b-9818-4e53-9036-6b29b936b0fb
86fdaa2e-5aea-4f38-899f-c704b8df1e86,25ad7514-667f-438e-ae88-3fa5c2b71de0,PhoneCall,2025-07-30 16:33:05.306764,2025-07-30 16:33:05.306764,4023078f-781a-4596-ab8e-3783a6a7134c,bb05204b-9818-4e53-9036-6b29b936b0fb
54775621-5424-4df2-ab34-236a94778f89,f4c2ff50-5918-4f11-ae76-afbe5fa66cc1,Event,2025-07-30 16:33:05.306764,2025-07-30 16:33:05.306764,56c5e683-3a2c-47fa-a618-97c47bcd5a1e,bb05204b-9818-4e53-9036-6b29b936b0fb
8ea46730-1811-4b79-ac7e-3af665336070,8b98fc02-e548-45a6-9312-6bf1e7be57f0,SocialEngagement,2025-07-30 16:33:05.306764,2025-07-30 16:33:05.306764,ccfe2a25-2140-4840-aa37-c0af8fd0155e,bb05204b-9818-4e53-9036-6b29b936b0fb
0487683b-99fa-4386-be06-c12499cc9c49,e9ad8073-73e9-48d7-8c16-971ed8b6002f,Letter,2025-07-30 16:33:05.306764,2025-07-30 16:33:05.306764,787da973-feb5-44ef-8f53-58a75b035a4e,bb05204b-9818-4e53-9036-6b29b936b0fb
d26fc5a6-7809-4314-b187-88f23eeabf7f,dcd429dc-4c58-4ecd-aa21-f923f0238bc7,Event,2025-07-30 16:33:05.306764,2025-07-30 16:33:05.306764,ebeaa08f-9d3b-4508-a12f-89e21e629a77,bb05204b-9818-4e53-9036-6b29b936b0fb
4058a679-f4cd-4d84-b04b-88a517553586,75be5776-6ee1-4a6b-a139-165ae1259ce5,Letter,2025-07-30 16:33:05.306764,2025-07-30 16:33:05.306764,451300aa-669a-4b8c-b655-6bfe3fb8ebfe,bb05204b-9818-4e53-9036-6b29b936b0fb
75789d42-176a-4f20-a77f-625c00b85802,c3fa1de9-3987-4869-965b-4bd976df08bd,Letter,2025-07-30 16:33:05.306764,2025-07-30 16:33:05.306764,aaa6d506-d2a4-4f83-8e0a-77c97cbc8253,bb05204b-9818-4e53-9036-6b29b936b0fb
75553d22-a100-4f2f-9250-f04bf2f8cce8,0e4a9476-b322-4201-98b6-c624882b2640,SocialEngagement,2025-07-30 16:33:05.306764,2025-07-30 16:33:05.306764,f3f4c7ef-2311-4f3e-8c5b-d5267cfe7e67,bb05204b-9818-4e53-9036-6b29b936b0fb
3e7cf482-59a2-4207-88e3-1b56423e1c36,b84d99fc-f7f1-4e48-baa8-e357a9be9e64,Letter,2025-07-30 16:33:05.306764,2025-07-30 16:33:05.306764,c3d247fb-c8f3-43f5-8bcb-553059b12fc5,bb05204b-9818-4e53-9036-6b29b936b0fb
a60e745a-1a24-4c42-bdbd-807b1ba819f3,d275d63c-0afa-496a-be93-4153dd0e516d,SocialEngagement,2025-07-30 16:33:05.306764,2025-07-30 16:33:05.306764,fff4f8e5-a14b-452b-83e2-16de0977db85,bb05204b-9818-4e53-9036-6b29b936b0fb
d07c89d0-23b6-4752-9e49-d1f86c015a8c,9ceeaf84-e3c1-4f71-af53-ceb91df51926,EmailEngagement,2025-07-30 16:33:05.306764,2025-07-30 16:33:05.306764,b4eaa750-5997-47a4-a1ea-142df46a3448,bb05204b-9818-4e53-9036-6b29b936b0fb
fd52a8d8-a468-4d69-81de-225f1a29a4de,0859b348-f1b5-482c-9008-4efda8bd6ac3,EmailEngagement,2025-07-30 16:33:05.306764,2025-07-30 16:33:05.306764,d32f16e4-61a4-46da-9be5-ac4754e0e0da,bb05204b-9818-4e53-9036-6b29b936b0fb
396f293f-273e-465a-a3de-ec506fe78a11,abd75f6a-3a2f-4aa6-aaef-562e26b9759f,PhoneCall,2025-07-30 16:33:05.306764,2025-07-30 16:33:05.306764,6819f336-5b1d-443e-8ca7-bd14c136e488,bb05204b-9818-4e53-9036-6b29b936b0fb
fac5a442-e17c-4bc1-8fe9-8a9b40648394,eff8d1e7-4a33-443f-b5a3-256682bfd688,SocialEngagement,2025-07-30 16:33:05.306764,2025-07-30 16:33:05.306764,ea5c6edf-3370-436c-b7b0-1d865468d7a2,bb05204b-9818-4e53-9036-6b29b936b0fb
5e0104db-469e-4429-95c4-79b3b4354f07,cab0fc5b-9b62-4719-b574-f59e8eef3a0c,Event,2025-07-30 16:33:05.306764,2025-07-30 16:33:05.306764,6e0420ba-bf63-4231-88d1-9d587365bf0e,bb05204b-9818-4e53-9036-6b29b936b0fb
45bc7a1e-2652-433a-97a3-063e809c59f3,91870a21-423c-4c00-9729-b7d22200eaf7,Letter,2025-07-30 16:33:05.306764,2025-07-30 16:33:05.306764,11725080-19a8-473d-a082-9445055611ea,bb05204b-9818-4e53-9036-6b29b936b0fb
9cb5c645-b894-4b1b-82dd-3cf27b932c3d,359d7a29-3de6-460f-9668-997fa9fd39d6,Event,2025-07-30 16:33:05.306764,2025-07-30 16:33:05.306764,2bcda34b-7388-43ee-bbfc-ced13c9fea2d,bb05204b-9818-4e53-9036-6b29b936b0fb
8d634130-6ec5-4de2-9fa7-cdf18172d310,91c3cb00-4172-481f-a747-31dd7504cab2,PhoneCall,2025-07-30 16:33:05.306764,2025-07-30 16:33:05.306764,713b107e-6987-48f4-a187-e6b056f725de,bb05204b-9818-4e53-9036-6b29b936b0fb
1fb02ae4-0f26-4465-ab07-d08fb307f05d,84ffde31-78ed-4efc-90cd-efb7625d3047,Event,2025-07-30 16:33:05.306764,2025-07-30 16:33:05.306764,e520aabb-adc9-4069-8cdb-c1b5202b2400,bb05204b-9818-4e53-9036-6b29b936b0fb
3d4d3312-1662-4fcd-8173-b664f5ef2fd4,76f6f9e3-13db-43d0-8fc4-b5ddf0008875,SocialEngagement,2025-07-30 16:33:05.306764,2025-07-30 16:33:05.306764,c3a29252-a559-4864-a190-06a8dabb2970,bb05204b-9818-4e53-9036-6b29b936b0fb
8786c858-6f1b-419b-9dff-434a8a418afa,1d9e8063-6b72-41df-9d73-6aed062aa07c,Event,2025-07-30 16:33:05.306764,2025-07-30 16:33:05.306764,f7a6ceed-2db5-41a7-90dc-65bcc12db1ee,bb05204b-9818-4e53-9036-6b29b936b0fb
0ab894b2-b552-405c-ae16-0efcac1a0fec,14c1ea81-80b3-49a8-9507-e529a9230732,PhoneCall,2025-07-30 16:33:05.306764,2025-07-30 16:33:05.306764,2930ac27-a761-450d-a69a-5285e19bc772,bb05204b-9818-4e53-9036-6b29b936b0fb
7dd7a4d4-2512-4e89-868a-3597f29be74f,1935e73c-cefb-4c27-a8ee-07c405c80855,PhoneCall,2025-07-30 16:33:05.306764,2025-07-30 16:33:05.306764,e04ad144-5dfc-4a84-bf17-79ec7fd67acf,bb05204b-9818-4e53-9036-6b29b936b0fb
ebb5a07d-b088-483f-b25a-0027640e939c,3e5f1808-4cca-4c89-9208-c61f55ae04a2,PhoneCall,2025-07-30 16:33:05.306764,2025-07-30 16:33:05.306764,369571ac-99e4-4702-b32c-8dd8e5b364f6,bb05204b-9818-4e53-9036-6b29b936b0fb
f0f2b0b9-21e8-42e5-b220-cb0174370185,79a2fe7d-c593-4f93-8e86-5260c223864a,Letter,2025-07-30 16:33:05.306764,2025-07-30 16:33:05.306764,0a73c78c-de1e-4d7f-b0ba-3f4d5e372db4,bb05204b-9818-4e53-9036-6b29b936b0fb
17a14ba2-eac8-4a3d-83d3-28ef5b2aad0e,612cfd35-dba7-4079-889e-d184a58bff4a,EmailEngagement,2025-07-30 16:33:05.306764,2025-07-30 16:33:05.306764,7d30ce4f-37e4-4c3f-903e-4676e1ad614e,bb05204b-9818-4e53-9036-6b29b936b0fb
a67cd00f-68bf-49bf-9c32-49d1ed16f6b2,bfe5599c-72d3-46c6-ac47-572d6f681d41,EmailEngagement,2025-07-30 16:33:05.306764,2025-07-30 16:33:05.306764,a3ea7ecc-6234-4d23-818e-bcd93ed40674,bb05204b-9818-4e53-9036-6b29b936b0fb
589a6670-e554-4a42-91dd-2ff935523793,2bcad85b-9be4-4add-8fdf-a444e454878f,EmailEngagement,2025-07-30 16:33:05.306764,2025-07-30 16:33:05.306764,a35be6db-93fe-4199-b515-676a112ee70d,bb05204b-9818-4e53-9036-6b29b936b0fb
64e0e16d-4186-4212-85ef-9102f6619af4,76b6da4a-9c1b-4ffd-8536-9d1f41b62a3d,SocialEngagement,2025-07-30 16:33:05.306764,2025-07-30 16:33:05.306764,9df1c9c5-a083-48a1-a040-37f502ebed09,bb05204b-9818-4e53-9036-6b29b936b0fb
b7cf2a54-671d-4dc3-8ced-6f0d00ccb939,53a641a0-3883-4849-b0ff-d260509f5b46,Letter,2025-07-30 16:33:05.306764,2025-07-30 16:33:05.306764,4fa61274-3826-448a-812f-fa170f17ec74,bb05204b-9818-4e53-9036-6b29b936b0fb
f3632bdf-5e0d-41d8-b1e7-8f0f04fb365f,50defde5-9c49-4427-bc9e-3d499034b6e9,Event,2025-07-30 16:33:05.306764,2025-07-30 16:33:05.306764,0d8b105e-d80e-4475-bcd7-f7099bf1e252,bb05204b-9818-4e53-9036-6b29b936b0fb
a1d4c1e9-3207-4a80-ba60-cadc38fac5f4,6ca75f95-4d98-4c7a-9b94-c39a4f9a3b07,PhoneCall,2025-07-30 16:33:05.306764,2025-07-30 16:33:05.306764,886dc7f7-c0cc-4458-baf5-fe1e6440b7c4,bb05204b-9818-4e53-9036-6b29b936b0fb
b4196461-d074-4ba3-83ab-7c621bb21dec,af771d89-63f3-467b-8a0a-b666c7187ffe,SocialEngagement,2025-07-30 16:33:05.306764,2025-07-30 16:33:05.306764,a79f6454-82da-462d-a091-b9bc53f7fb79,bb05204b-9818-4e53-9036-6b29b936b0fb
38504aeb-b5b1-4a80-aa86-33c6d777fbb6,6e090db6-eae4-44e4-804c-eecee77e581b,Event,2025-07-30 16:33:05.306764,2025-07-30 16:33:05.306764,0621e2e6-0410-4f02-9c1d-c7fd10ab1f1a,bb05204b-9818-4e53-9036-6b29b936b0fb
cb3a88a1-24e6-4976-a0d8-e97c1959f878,b7449e1d-1afa-4959-8001-dfa90ae4202d,Event,2025-07-30 16:33:05.306764,2025-07-30 16:33:05.306764,efee3639-5965-423b-bfcf-24ab90f95f7d,bb05204b-9818-4e53-9036-6b29b936b0fb
88e17e13-3bc7-469e-bba1-250c52f16f29,02e560f1-97b0-47b1-8ddc-63d5d78e9cea,EmailEngagement,2025-07-30 16:33:05.306764,2025-07-30 16:33:05.306764,b9e310ab-515c-4ac2-8d3b-0c35db17dc20,bb05204b-9818-4e53-9036-6b29b936b0fb
c6710554-9bdb-4cd9-919d-9177fbef4444,71b1e301-413a-477c-93cb-52d556abc557,SocialEngagement,2025-07-30 16:33:05.306764,2025-07-30 16:33:05.306764,b41279ba-8357-4672-a9e0-d9ab63626cb8,bb05204b-9818-4e53-9036-6b29b936b0fb
8d44f410-8106-493c-9a1f-1cd82299dcfc,4fa8a59e-dc27-4c11-a67b-fc0a5e08a94c,PhoneCall,2025-07-30 16:33:05.306764,2025-07-30 16:33:05.306764,df4484ee-89e9-466e-bad6-b156e501405c,bb05204b-9818-4e53-9036-6b29b936b0fb
674ec61d-cdb0-47ac-959d-239993213b2e,62b35aae-0baa-41a0-8e63-3a299e07deb3,EmailEngagement,2025-07-30 16:33:05.306764,2025-07-30 16:33:05.306764,0a0e2199-c308-4439-ae54-7b92fb92f072,bb05204b-9818-4e53-9036-6b29b936b0fb
4d00b85b-3cb7-4369-9c9c-9f7a8531de00,6ed50d21-d160-4e6a-9476-8e9ec504fba8,SocialEngagement,2025-07-30 16:33:05.306764,2025-07-30 16:33:05.306764,475f19ca-e3c1-422d-ba72-703d73d900f0,bb05204b-9818-4e53-9036-6b29b936b0fb
a98882cf-f2c2-4e01-89fa-3401d27f58fa,4786fe9c-695b-4244-9639-2cf417622bf2,Event,2025-07-30 16:33:05.306764,2025-07-30 16:33:05.306764,f428f31b-21ed-4df6-b4db-1c92ae851280,bb05204b-9818-4e53-9036-6b29b936b0fb
f57558d0-7b8e-47ed-bf40-2cb3a1e65f5e,86613561-5a24-48b1-b1bb-5f84b578f96a,Letter,2025-07-30 16:33:05.306764,2025-07-30 16:33:05.306764,ae4bfd99-148e-49fd-95f3-a9f8c8a265da,bb05204b-9818-4e53-9036-6b29b936b0fb
dcb69639-ffbf-4bf0-bbc8-fb0f777d2e15,e87492a2-db24-47d1-bae0-f1c7e7b99100,SocialEngagement,2025-07-30 16:33:05.306764,2025-07-30 16:33:05.306764,2758e70d-505e-4eb6-8447-76bdc1e97660,bb05204b-9818-4e53-9036-6b29b936b0fb
bd1c3068-252c-456c-a0fc-a218d88da314,99c12790-4296-4e8a-bda4-dea88541a3cd,SocialEngagement,2025-07-30 16:33:05.306764,2025-07-30 16:33:05.306764,295c5b3f-45ba-492d-aa69-133ba7d16c86,bb05204b-9818-4e53-9036-6b29b936b0fb
71f5e589-d313-4902-8e67-076d52ef5d92,e57c8cdf-7538-448e-a3c4-c5296d05a0fd,Event,2025-07-30 16:33:05.306764,2025-07-30 16:33:05.306764,231331d4-784f-42c3-8efa-0ca7bf7cd886,bb05204b-9818-4e53-9036-6b29b936b0fb
159a6efc-3cb3-4a2e-8f4d-b7ece20f7384,c3897471-3099-4330-aafa-62345ad2bd45,Letter,2025-07-30 16:33:05.306764,2025-07-30 16:33:05.306764,cf541286-e7f8-44e6-9100-41e2f269fc88,bb05204b-9818-4e53-9036-6b29b936b0fb
c191e0f2-909e-4112-8cb1-da6f8d831b82,c544864c-b39f-4c76-8ff6-a32336da3c4f,SocialEngagement,2025-07-30 16:33:05.306764,2025-07-30 16:33:05.306764,28fcc65c-6f31-4179-a8a0-e622d3a85b4b,bb05204b-9818-4e53-9036-6b29b936b0fb
5f206a78-5c72-43c1-ad84-5791fbe1470a,a0073ead-206f-456a-924e-e0486debf495,EmailEngagement,2025-07-30 16:33:05.306764,2025-07-30 16:33:05.306764,665ed1fe-23a9-4a08-b33a-48aceb05b66f,bb05204b-9818-4e53-9036-6b29b936b0fb
31a4f6f3-c6a9-4d09-a9d3-4974813e2ee1,20a7033d-9dcf-4ea4-a55e-e656f4e91997,PhoneCall,2025-07-30 16:33:05.306764,2025-07-30 16:33:05.306764,5794a24c-fde9-4367-aa77-8b22c52dfd14,bb05204b-9818-4e53-9036-6b29b936b0fb
6afc7cc7-2a8c-49e7-902a-e1bdab342343,a6f40846-9210-4ea2-89f0-4f6257ea32b5,SocialEngagement,2025-07-30 16:33:05.306764,2025-07-30 16:33:05.306764,f41c0747-df2a-4034-b006-f9270ff339af,bb05204b-9818-4e53-9036-6b29b936b0fb
17005764-ab56-46a8-8016-d9717f6dccd5,f2d824b6-8fb5-4dc5-bf89-b6213463e0de,Event,2025-07-30 16:33:05.306764,2025-07-30 16:33:05.306764,a0d15b25-d281-489a-a623-33d9967cf20d,bb05204b-9818-4e53-9036-6b29b936b0fb
7029188d-7ed1-4054-88c8-d123c07af7ee,389b83bf-7897-4058-8692-c002fa2cc058,EmailEngagement,2025-07-30 16:33:05.306764,2025-07-30 16:33:05.306764,4514d789-206d-43b8-a387-60a2a708fb5e,bb05204b-9818-4e53-9036-6b29b936b0fb
b5510915-f58e-4497-bafe-288ef63009a8,f5531cbf-9f9e-42d0-bbb5-344a8e3a05f1,Letter,2025-07-30 16:33:05.306764,2025-07-30 16:33:05.306764,03e32e95-9dcc-499f-a2f8-05cd14782259,bb05204b-9818-4e53-9036-6b29b936b0fb
6823da62-35dd-4e28-a126-50b2c2b1b693,c3f3c6d5-c932-414b-9bce-cb1cbfebd915,Letter,2025-07-30 16:33:05.306764,2025-07-30 16:33:05.306764,818af6ec-bca0-4292-8345-6b0a80ee217f,bb05204b-9818-4e53-9036-6b29b936b0fb
384754c2-d0f8-482f-ab09-5986b7507678,ed1945da-fdbc-4be5-a35d-0cff6bb7e444,Event,2025-07-30 16:33:05.306764,2025-07-30 16:33:05.306764,53237bd9-1a8d-4d26-b539-20da7c7c677f,bb05204b-9818-4e53-9036-6b29b936b0fb
945f25b7-a226-481a-8a11-e62824d7aa24,2eb5a10f-6498-4bf0-8520-641820ff7f4f,Letter,2025-07-30 16:33:05.306764,2025-07-30 16:33:05.306764,05e6cf96-122f-4a32-ac3c-f6c911fedaa2,bb05204b-9818-4e53-9036-6b29b936b0fb
f0cacba1-b0f2-44f8-bdb3-4a09583c0462,f4c2ff50-5918-4f11-ae76-afbe5fa66cc1,Event,2025-07-30 16:33:05.306764,2025-07-30 16:33:05.306764,20404dbc-627e-40dd-95d2-66520678c4d1,bb05204b-9818-4e53-9036-6b29b936b0fb
1984e5db-881e-4f6f-bc66-8065b6cfb8ba,16fb2dfd-f654-46a0-8003-3e22d4ec1999,PhoneCall,2025-07-30 16:33:05.306764,2025-07-30 16:33:05.306764,799dc477-1662-45d3-bccb-b72c32ef239e,bb05204b-9818-4e53-9036-6b29b936b0fb
1fcdf216-e04e-4831-937d-f8a318c9e582,87082ced-e5ab-4cb0-9f3c-464a8cbc435e,Letter,2025-07-30 16:33:05.306764,2025-07-30 16:33:05.306764,16219849-8058-48d3-a475-2cb287cfc43c,bb05204b-9818-4e53-9036-6b29b936b0fb
a1a8df1b-f8a2-475b-a728-e36da3573f7d,920e42f8-fc1e-43c7-915b-e888fec5981d,Event,2025-07-30 16:33:05.306764,2025-07-30 16:33:05.306764,0a2289b4-2213-466b-94f6-3ccec79bd84f,bb05204b-9818-4e53-9036-6b29b936b0fb
7df44236-27ab-4b79-b280-2b4aa3d91282,9fa9581d-bf92-40c5-a34f-341094e0fed2,PhoneCall,2025-07-30 16:33:05.306764,2025-07-30 16:33:05.306764,7eec74a5-980a-4e24-b5ba-48794100486f,bb05204b-9818-4e53-9036-6b29b936b0fb
76d4c5c3-273a-437f-9239-133517140b1c,2a150d21-f9e2-4ec1-8f04-21b523d80ce6,Event,2025-07-30 16:33:05.306764,2025-07-30 16:33:05.306764,3957c5da-6d17-4bca-92d4-e72d9405096a,bb05204b-9818-4e53-9036-6b29b936b0fb
c6aa2460-b861-4942-832c-0b7bc352c768,161a123a-d3df-408d-9b5c-7062515b7d76,Letter,2025-07-30 16:33:05.306764,2025-07-30 16:33:05.306764,ff54e347-b8a7-49b2-ad68-935cf5abb8ca,bb05204b-9818-4e53-9036-6b29b936b0fb
8cd6ad46-70c6-4f5b-b911-9500f224e8f7,b1b41c12-d3c7-466e-83d2-6342f0a50838,SocialEngagement,2025-07-30 16:33:05.306764,2025-07-30 16:33:05.306764,3dfc5f4e-a51b-4409-a331-0ac1612fe8a0,bb05204b-9818-4e53-9036-6b29b936b0fb
61188521-5753-4739-956f-52f38a3f14fb,16df0060-217b-4f40-b6c4-4d78800fb43a,EmailEngagement,2025-07-30 16:33:05.306764,2025-07-30 16:33:05.306764,7b845ddc-ae0f-4e30-803b-e35091a7ede8,bb05204b-9818-4e53-9036-6b29b936b0fb
9952f3ba-17d5-4888-9a2f-7c8f91947384,ea034c8a-aeb2-443d-adf4-2b9ae239aa7f,PhoneCall,2025-07-30 16:33:05.306764,2025-07-30 16:33:05.306764,90598925-7b94-46e0-982a-d1205fb3ab4e,bb05204b-9818-4e53-9036-6b29b936b0fb
05a25356-2e9e-4cfc-b281-a09652468640,6182b7c5-1304-4c46-a8c7-bcd589dd6071,Event,2025-07-30 16:33:05.306764,2025-07-30 16:33:05.306764,3d6fd353-751f-4975-b594-7d6ff841a0f3,bb05204b-9818-4e53-9036-6b29b936b0fb
6cba4025-831a-4063-9e92-d542a2b06722,c5c22f53-bcbf-48c6-8c19-c6c6e62e3cc6,Letter,2025-07-30 16:33:05.306764,2025-07-30 16:33:05.306764,7e73cb08-2e35-4b20-b64d-efacdbcdbbf6,bb05204b-9818-4e53-9036-6b29b936b0fb
34a13a70-30b2-47d0-8cff-ce276bc697ea,1b28f293-0c90-49f3-bd86-af3e4177380b,PhoneCall,2025-07-30 16:33:05.306764,2025-07-30 16:33:05.306764,7219ad9f-6259-476f-9cb3-c20725c938f0,bb05204b-9818-4e53-9036-6b29b936b0fb
c570adbd-b039-4a29-b7bf-c875f573ad5f,4fa3e26d-960f-46b7-a981-f51066a5bd4f,Event,2025-07-30 16:33:05.306764,2025-07-30 16:33:05.306764,af9cd178-833b-4e95-834b-4554fcd66198,bb05204b-9818-4e53-9036-6b29b936b0fb
64d5d96a-193a-4a76-ba8d-1e22974ad509,6b4fc151-e86d-4cd2-9a74-a959a9ba6f30,Letter,2025-07-30 16:33:05.306764,2025-07-30 16:33:05.306764,5e519fa4-939d-457d-9221-f631581c7fb2,bb05204b-9818-4e53-9036-6b29b936b0fb
7d18c32e-6c2c-4355-9321-321578c66e6e,d1e5d86f-c304-4cfb-865f-7c7053da8239,EmailEngagement,2025-07-30 16:33:05.306764,2025-07-30 16:33:05.306764,380b0d12-fd35-4208-b4aa-2bfffc108b7a,bb05204b-9818-4e53-9036-6b29b936b0fb
79755ca9-4146-42f6-8182-2d0105cbb8fb,c041d683-7e61-4fbc-a9a3-6820a8bdfe80,PhoneCall,2025-07-30 16:33:05.306764,2025-07-30 16:33:05.306764,691ac68e-d896-4a27-9c17-dbbd9ac8b0a3,bb05204b-9818-4e53-9036-6b29b936b0fb
8fa367bf-04c7-4464-ba54-c03e5ef61919,600ce6aa-8ced-417b-a039-b95e962ef533,PhoneCall,2025-07-30 16:33:05.306764,2025-07-30 16:33:05.306764,79af3f1d-aa38-41a6-90b2-7810a078a9d0,bb05204b-9818-4e53-9036-6b29b936b0fb
e0a4e98f-e92a-4aa7-a98e-44c6cf8db119,ea6f3b86-f1de-49d5-8853-b57addffd7d9,Letter,2025-07-30 16:33:05.306764,2025-07-30 16:33:05.306764,e4f17855-73ba-4dc8-a6db-d9e6aba80718,bb05204b-9818-4e53-9036-6b29b936b0fb
3ea1e7e3-4fcc-4c00-acec-5e96092def63,7b2b7442-5d92-4a7b-a5cb-6716311b2e9c,EmailEngagement,2025-07-30 16:33:05.306764,2025-07-30 16:33:05.306764,ef90b542-5319-44c4-bda7-e76d62f3ad65,bb05204b-9818-4e53-9036-6b29b936b0fb
a7e925a5-5c46-4d17-acf4-e3ab560cc21e,85728bd4-c5b3-4322-a3dd-3bcd544fe1e8,EmailEngagement,2025-07-30 16:33:05.306764,2025-07-30 16:33:05.306764,19e04a0e-a4e4-406f-8fb2-5eb8816b53a5,bb05204b-9818-4e53-9036-6b29b936b0fb
8387aede-0b19-4110-94dc-5855a0771806,4a700736-647a-47cf-99f3-c813fcde3a0b,EmailEngagement,2025-07-30 16:33:05.306764,2025-07-30 16:33:05.306764,a40f716b-5def-49c4-bae2-c4eb3f8c3f3d,bb05204b-9818-4e53-9036-6b29b936b0fb
32f2a516-d782-4e9a-bd03-e3ce3cf895df,1eec8dde-2bf3-443e-89f1-112acf929422,Letter,2025-07-30 16:33:05.306764,2025-07-30 16:33:05.306764,c0edd993-fe08-404e-b6b1-c73a8050a297,bb05204b-9818-4e53-9036-6b29b936b0fb
33b08acc-2e1a-4192-b4ca-4c6597be0bf6,82a8751e-8ec4-4659-9775-26e6ed711775,SocialEngagement,2025-07-30 16:33:05.306764,2025-07-30 16:33:05.306764,b0f5e762-1aa6-4440-9ecf-7f3fed600cc2,bb05204b-9818-4e53-9036-6b29b936b0fb
d44c57b2-d809-4602-ab00-32c0cf6371fd,715558b9-a624-4bb4-9076-91ce2305c973,EmailEngagement,2025-07-30 16:33:05.306764,2025-07-30 16:33:05.306764,957edfd2-1bec-46e8-96eb-6c92b97e3890,bb05204b-9818-4e53-9036-6b29b936b0fb
5dd97008-b66e-4ecc-82c1-bd4050f75eab,eacd8aa1-1606-416d-9870-1bb7621f7248,Letter,2025-07-30 16:33:05.306764,2025-07-30 16:33:05.306764,c0dbcce5-e446-4b74-87fa-889870a9d2f9,bb05204b-9818-4e53-9036-6b29b936b0fb
f0997bdf-0f2f-47db-b04a-42e66341f258,993668f0-80e4-4f9d-8a69-f9b765f26891,SocialEngagement,2025-07-30 16:33:05.306764,2025-07-30 16:33:05.306764,da5988d3-b198-4846-b8be-8e6636634cf7,bb05204b-9818-4e53-9036-6b29b936b0fb
156fc3a8-a7f2-4866-8159-0b69ad5cbcc5,9a504cba-4631-451e-bbb9-92b630581f1c,Event,2025-07-30 16:33:05.306764,2025-07-30 16:33:05.306764,60664b0d-6d63-4a1f-b511-763da449abe6,bb05204b-9818-4e53-9036-6b29b936b0fb
6f385e67-7870-4d2a-a0ff-e22ff7890408,f8af9783-0c12-488c-9a18-fe16078dbf39,PhoneCall,2025-07-30 16:33:05.306764,2025-07-30 16:33:05.306764,55af227c-4886-4c58-a754-482ef6f076af,bb05204b-9818-4e53-9036-6b29b936b0fb
a2948e85-03c1-4450-b911-598427252cfe,8f0dc9e4-7544-4409-94a1-d17e1ad49d86,Letter,2025-07-30 16:33:05.306764,2025-07-30 16:33:05.306764,36a78d9d-c2b7-43f8-a934-9efd518bedfd,bb05204b-9818-4e53-9036-6b29b936b0fb
c1bfa182-a56a-4492-8c04-d98fa209eb87,646e8131-dbc7-4cbc-9777-64b275943054,Letter,2025-07-30 16:33:05.306764,2025-07-30 16:33:05.306764,f3a1fc84-5b78-452d-a127-6ab2c95b3a2f,bb05204b-9818-4e53-9036-6b29b936b0fb
1461c8db-14c7-44ab-8305-a1675c66cac3,b5ee584c-a449-426c-8bc6-2098938b6573,Letter,2025-07-30 16:33:05.306764,2025-07-30 16:33:05.306764,19c61297-ab94-4d88-a115-26e4f1fe6873,bb05204b-9818-4e53-9036-6b29b936b0fb
a1b05b2a-2ae0-4d6c-9e20-181221057070,b4eef1e4-99bd-4d7c-9954-e3449c977114,Event,2025-07-30 16:33:05.306764,2025-07-30 16:33:05.306764,e3cc7c68-cfb8-470e-bafb-9515adf854eb,bb05204b-9818-4e53-9036-6b29b936b0fb
e4870e55-979d-4f85-91e7-cc1999c810f5,ea0421dd-f0fb-43e9-9060-bbb096b9ef11,PhoneCall,2025-07-30 16:33:05.306764,2025-07-30 16:33:05.306764,f29e5728-6f52-441c-b04d-9d1849e01da1,bb05204b-9818-4e53-9036-6b29b936b0fb
18b9570c-2cda-4468-a11c-c280ac217a5e,b44d33c8-39e5-4e62-b7cb-b517efdb5f24,PhoneCall,2025-07-30 16:33:05.306764,2025-07-30 16:33:05.306764,684975d2-cc80-4b2a-885f-fa65b19b8eca,bb05204b-9818-4e53-9036-6b29b936b0fb
a870fbf4-1222-4328-9afd-9352af49f05d,b06fb691-dbcd-4e80-9bfe-5e25923c13c7,Letter,2025-07-30 16:33:05.306764,2025-07-30 16:33:05.306764,84f8fb03-1a6c-4740-90d2-b74a0085e3d2,bb05204b-9818-4e53-9036-6b29b936b0fb
4515ed7b-b34a-40d5-9ad3-619f3a38c6b0,65c37d85-11b1-404a-ab12-78bdb9ce8a16,PhoneCall,2025-07-30 16:33:05.306764,2025-07-30 16:33:05.306764,a5585f54-b332-499f-9351-8c5707e17f8c,bb05204b-9818-4e53-9036-6b29b936b0fb
3182e4ff-8c5d-4bcc-8be5-e54cea4a90ba,96c3ea4d-c12a-482d-9a31-4e602fd1f37b,Event,2025-07-30 16:33:05.306764,2025-07-30 16:33:05.306764,7f5f101c-2716-4e3b-ae9c-91c40ec6bb0b,bb05204b-9818-4e53-9036-6b29b936b0fb
cffd5fd4-2c75-4299-b929-731dba940964,5e59a3af-14a0-4230-9b1b-2400c512dae4,EmailEngagement,2025-07-30 16:33:05.306764,2025-07-30 16:33:05.306764,23bf662d-c9f6-450d-ac4f-7ef2baad781c,bb05204b-9818-4e53-9036-6b29b936b0fb
9b081f90-7633-4b49-9674-c2de918d5606,be3dd754-dd48-4887-8697-aaaa9e72cf18,EmailEngagement,2025-07-30 16:33:05.306764,2025-07-30 16:33:05.306764,e802a3c5-13a3-4c98-b3eb-dbcdaa8c7f44,bb05204b-9818-4e53-9036-6b29b936b0fb
86f20101-8d46-4289-ac81-9821c0255076,780d43c5-c232-4029-9b05-914e024832fc,PhoneCall,2025-07-30 16:33:05.306764,2025-07-30 16:33:05.306764,9d62762d-2b38-4b45-96bd-2c1a00c44f9b,bb05204b-9818-4e53-9036-6b29b936b0fb
59948451-17fd-426b-9cb0-968f8bba561e,f06e7349-9144-4484-9846-ccd60bc87cd5,EmailEngagement,2025-07-30 16:33:05.306764,2025-07-30 16:33:05.306764,8cd486a8-6ad5-43aa-9551-a3c5b63aa3ca,bb05204b-9818-4e53-9036-6b29b936b0fb
bf54c27c-6936-4c60-8b2b-e01b887ced64,696d90f4-72c3-41a1-a046-823e32b2666e,SocialEngagement,2025-07-30 16:33:05.306764,2025-07-30 16:33:05.306764,66f8f997-2a0b-4f1d-be38-d3f2c09548f5,bb05204b-9818-4e53-9036-6b29b936b0fb
21c5fc8e-5c81-48e7-ba53-60f9cd869559,662180c7-f82e-4560-a411-beb3e4ca063b,SocialEngagement,2025-07-30 16:33:05.306764,2025-07-30 16:33:05.306764,422d2033-0601-4f70-8406-cf5e718bd508,bb05204b-9818-4e53-9036-6b29b936b0fb
11445fc8-685b-4e1f-b036-30d6b6759a8a,cac263d5-6591-4d0b-8a6c-62b9a1f8d4ab,Event,2025-07-30 16:33:05.306764,2025-07-30 16:33:05.306764,6bcfb6dd-fd90-47ae-852f-d801e888ab44,bb05204b-9818-4e53-9036-6b29b936b0fb
4990f3cd-e6fc-4442-9cf1-26291ace9308,5dea0921-8b33-4fd1-87e8-68627ac84c3c,Letter,2025-07-30 16:33:05.306764,2025-07-30 16:33:05.306764,260fce48-daeb-439e-b5bd-2c99674a7a75,bb05204b-9818-4e53-9036-6b29b936b0fb
ab01290e-9911-4cc3-b404-cb2a5b6f27c9,f5e4269d-3bea-4555-adc7-53639b75da26,Event,2025-07-30 16:33:05.306764,2025-07-30 16:33:05.306764,e7cb47bd-f1dd-443b-bdde-71a7870468fa,bb05204b-9818-4e53-9036-6b29b936b0fb
7eb3d9ad-6508-42d5-9633-428137b7b016,e92907cc-016d-4b68-9943-4c81665bc734,Event,2025-07-30 16:33:05.306764,2025-07-30 16:33:05.306764,331b153b-e644-4244-b7ca-9f55b2176d06,bb05204b-9818-4e53-9036-6b29b936b0fb
55178a5c-d902-4039-9913-3ca5079b9b36,dd0e5b3f-f9cb-46c2-810e-762f36073366,PhoneCall,2025-07-30 16:33:05.306764,2025-07-30 16:33:05.306764,6f901cd6-9f1a-45ff-bd7b-1695ec303efc,bb05204b-9818-4e53-9036-6b29b936b0fb
10787d8f-01bc-4db8-9908-fbd11992c336,c26a8212-079e-4f00-852b-28234c1587f3,SocialEngagement,2025-07-30 16:33:05.306764,2025-07-30 16:33:05.306764,88dc02ac-91a8-4f9e-91f8-a583a85f1ab4,bb05204b-9818-4e53-9036-6b29b936b0fb
62b8c0a8-e8a2-4a0e-a1dc-f0d862d1c609,6f2c6017-351c-4d0f-a376-e0477046aa99,EmailEngagement,2025-07-30 16:33:05.306764,2025-07-30 16:33:05.306764,104a9e4a-b68c-43bd-b213-88038b93b7f9,bb05204b-9818-4e53-9036-6b29b936b0fb
d1790810-b36f-4782-8051-e3fb0a7b52e5,a8e19353-d585-46bd-8c8e-cff0f7db1497,Letter,2025-07-30 16:33:05.306764,2025-07-30 16:33:05.306764,bf5b55d0-95b9-4a8f-8a34-602c90a1d9f0,bb05204b-9818-4e53-9036-6b29b936b0fb
5085f9ce-1cc9-4d7a-9ffa-9e67d0976ae8,e9e8069c-4b8f-48c5-b1fd-f72d00c9fb85,PhoneCall,2025-07-30 16:33:05.306764,2025-07-30 16:33:05.306764,d7aaa40a-f9f6-4c66-9630-f0b768ceca24,bb05204b-9818-4e53-9036-6b29b936b0fb
f0d0458b-fb51-4fb6-a774-e90a020ca61f,7b85dfb8-d37a-40ed-aaa0-8f318be23e03,Event,2025-07-30 16:33:05.306764,2025-07-30 16:33:05.306764,0ef40095-43b1-42c3-bfb2-a5c13a6a5b88,bb05204b-9818-4e53-9036-6b29b936b0fb
062b8a9d-b90d-4d6a-9d4e-6ef5ee299a59,bee273d7-b7e2-429f-8f31-a5b017958718,PhoneCall,2025-07-30 16:33:05.306764,2025-07-30 16:33:05.306764,f187bbab-dc30-47f2-8667-d173c8ffbd92,bb05204b-9818-4e53-9036-6b29b936b0fb
a5fafddf-cc85-4e90-b6ff-c1e21ddd177d,1918cdc6-29c8-43df-9689-c138f710fcd1,Event,2025-07-30 16:33:05.306764,2025-07-30 16:33:05.306764,7d006ead-59f1-4c13-b742-211905392bf1,bb05204b-9818-4e53-9036-6b29b936b0fb
9dd994a2-045f-4cec-94d7-4927b207aae8,fde4cb10-01b4-46fa-9810-3caf9ef57f49,EmailEngagement,2025-07-30 16:33:05.306764,2025-07-30 16:33:05.306764,767150d9-0527-425c-a7aa-a1597dbf994b,bb05204b-9818-4e53-9036-6b29b936b0fb
ab57a089-aef6-4dfd-ba23-78815c81eabd,5d69f47a-093b-4df5-8cab-6c7b01f50868,EmailEngagement,2025-07-30 16:33:05.306764,2025-07-30 16:33:05.306764,e15cc285-1dd4-4d30-8009-446c246e70f5,bb05204b-9818-4e53-9036-6b29b936b0fb
309463d2-2882-4bad-b346-506a6e300549,df2a3531-375d-44e1-83f0-9f1256f26c27,PhoneCall,2025-07-30 16:33:05.306764,2025-07-30 16:33:05.306764,8b2e7f54-529d-4e43-ae73-89d27ea4521c,bb05204b-9818-4e53-9036-6b29b936b0fb
53dc9d8e-422d-435e-83eb-27093d731873,4fe845e6-f823-42dc-bf59-f6bec6ec1a47,Event,2025-07-30 16:33:05.306764,2025-07-30 16:33:05.306764,cf621cd7-5219-4bf0-a0dc-d5b69aff0932,bb05204b-9818-4e53-9036-6b29b936b0fb
06f67c26-866d-4de5-b72d-b3327fd1d176,ba3fa71e-1a6e-4d68-ad18-84090acedbae,PhoneCall,2025-07-30 16:33:05.306764,2025-07-30 16:33:05.306764,a8f15f1e-4f63-4f56-ad6f-26f90e44a5af,bb05204b-9818-4e53-9036-6b29b936b0fb
ec5bc762-102f-4068-9608-4125a7eaecb1,0c04345b-93b1-44e4-9e39-98bcd6790a86,SocialEngagement,2025-07-30 16:33:05.306764,2025-07-30 16:33:05.306764,c58ea7d2-88d0-4593-b6d5-d17f8b6619fc,bb05204b-9818-4e53-9036-6b29b936b0fb
7fa3bdaa-9f62-42f9-9296-91d8f9437c01,a89b215b-b253-413c-9b4b-565bf99dd20f,PhoneCall,2025-07-30 16:33:05.306764,2025-07-30 16:33:05.306764,6e31c874-3109-4a12-a831-19e1e9e25c95,bb05204b-9818-4e53-9036-6b29b936b0fb
614f501d-2a6a-4282-a0db-612e7a8cb8e1,10b94cc0-e75f-4340-b12a-5cbaa936c231,Letter,2025-07-30 16:33:05.306764,2025-07-30 16:33:05.306764,cd8cf076-10a0-49ec-8b3e-bf7dcc6a896c,bb05204b-9818-4e53-9036-6b29b936b0fb
af7edd3a-e442-45f2-86a7-03320ce47289,a246a3fa-8fe1-44f4-9055-0a7a881de32f,Letter,2025-07-30 16:33:05.306764,2025-07-30 16:33:05.306764,e8e0a605-2e61-402a-bc07-56a29a698075,bb05204b-9818-4e53-9036-6b29b936b0fb
3df8222f-49d2-498d-8908-6923f9f9b478,3c44de06-c0db-4e52-bc2e-c9799eeefdfe,Event,2025-07-30 16:33:05.306764,2025-07-30 16:33:05.306764,e2125fbe-4641-4785-ba8d-4f576a1b2a6c,bb05204b-9818-4e53-9036-6b29b936b0fb
c2ea12a9-82b7-4a92-9711-e1df1052106c,662180c7-f82e-4560-a411-beb3e4ca063b,SocialEngagement,2025-07-30 16:33:05.306764,2025-07-30 16:33:05.306764,a7737039-8f19-4ead-8630-04fc04db4668,bb05204b-9818-4e53-9036-6b29b936b0fb
6c4d0a12-0426-498d-99a1-3d2024dbf6a8,d77aa044-767e-4368-8aa7-662270954fc7,Letter,2025-07-30 16:33:05.306764,2025-07-30 16:33:05.306764,fa21c895-964e-402f-9e29-91559e7b1d15,bb05204b-9818-4e53-9036-6b29b936b0fb
7e134769-b261-43a7-b01f-b52605e9e713,3a52513e-28c8-4ac2-8e69-c573a8f03323,Letter,2025-07-30 16:33:05.306764,2025-07-30 16:33:05.306764,0e8204a4-bab0-4e3b-8b12-51334f4cb0d5,bb05204b-9818-4e53-9036-6b29b936b0fb
45813eab-cbcb-4614-9d99-e3ada42c762a,3be5c2dc-81e1-4274-b326-ad611c5290ff,EmailEngagement,2025-07-30 16:33:05.306764,2025-07-30 16:33:05.306764,c6ffd170-c076-4771-afd4-43ddff78cc42,bb05204b-9818-4e53-9036-6b29b936b0fb
88dd3434-7b20-4afb-a235-9989d86765f5,4ef23c6f-5533-450f-b8b8-83f1f21d9203,Letter,2025-07-30 16:33:05.306764,2025-07-30 16:33:05.306764,07074d83-5687-4377-a7da-ddd431b0b0ec,bb05204b-9818-4e53-9036-6b29b936b0fb
cb945787-73c7-41a5-a0d0-f32f30af58c1,7b85dfb8-d37a-40ed-aaa0-8f318be23e03,Event,2025-07-30 16:33:05.306764,2025-07-30 16:33:05.306764,811f799a-c684-4240-b8c7-b917bfbe4cb6,bb05204b-9818-4e53-9036-6b29b936b0fb
06771979-2add-44f4-a01e-da06fa254716,802e6a94-6480-44a7-aa54-bb082fe94bf5,PhoneCall,2025-07-30 16:33:05.306764,2025-07-30 16:33:05.306764,6f698235-ea37-4d78-9afd-ce17d473e014,bb05204b-9818-4e53-9036-6b29b936b0fb
37733556-22ea-4a1f-82eb-435e429c6190,e72b8c11-46a5-47e1-8a11-67379cfef3f0,Event,2025-07-30 16:33:05.306764,2025-07-30 16:33:05.306764,ec0cc65d-7961-4479-b906-2d07eec6b991,bb05204b-9818-4e53-9036-6b29b936b0fb
87222083-2d66-4915-896b-7e3c21e9edf1,2f3e5638-8c39-454e-9afd-e146181ec3b6,EmailEngagement,2025-07-30 16:33:05.306764,2025-07-30 16:33:05.306764,5b31dd14-119d-4eba-8910-8355a26ba88c,bb05204b-9818-4e53-9036-6b29b936b0fb
9f86db23-936b-4814-858e-dfed48a4422b,5cb1e0a4-c221-487c-9e02-440ced01efe3,EmailEngagement,2025-07-30 16:33:05.306764,2025-07-30 16:33:05.306764,acc0d0de-1132-48dc-9cca-960d3bd1d97a,bb05204b-9818-4e53-9036-6b29b936b0fb
578dc7b5-7514-4208-8c0d-93b7d0c16764,9b7b1da6-89be-40a2-8103-e1b62b4e0ed4,PhoneCall,2025-07-30 16:33:05.306764,2025-07-30 16:33:05.306764,ef49edda-7f82-4299-949d-6a3b28ca81ad,bb05204b-9818-4e53-9036-6b29b936b0fb
31f9d091-0368-4f62-99d9-3cdba50c79a0,6f9da4bb-6d5d-4742-bb7b-7e104229df91,Event,2025-07-30 16:33:05.306764,2025-07-30 16:33:05.306764,4b41ec33-4d99-4e5f-80c1-2f62343bc9fc,bb05204b-9818-4e53-9036-6b29b936b0fb
3a205308-d983-4598-b0c2-cb9db5d7bc3c,4f90faea-373a-409e-9d54-6a19767f664b,SocialEngagement,2025-07-30 16:33:05.306764,2025-07-30 16:33:05.306764,674d1af7-fcb1-4933-8375-7406dc98e98c,bb05204b-9818-4e53-9036-6b29b936b0fb
688b3feb-473e-445b-9dee-aef2d65ae6bf,61e309bc-b599-4729-b0af-c557a9d94367,Letter,2025-07-30 16:33:05.306764,2025-07-30 16:33:05.306764,a1048067-c13f-43a6-8bdf-d1f739cbe48b,bb05204b-9818-4e53-9036-6b29b936b0fb
903dc26f-c4e8-46e5-a2a3-f76bdae28574,54b19918-8fdc-45fc-bce1-e67d22f2cc89,EmailEngagement,2025-07-30 16:33:05.306764,2025-07-30 16:33:05.306764,fbf142b9-2826-4aff-b95e-d7db9a2f5c33,bb05204b-9818-4e53-9036-6b29b936b0fb
cd772bfb-10fd-4e09-b5de-fb45067d8a9d,0866b554-41ff-4263-9feb-67f073d18e9e,Letter,2025-07-30 16:33:05.306764,2025-07-30 16:33:05.306764,89e2e8f7-f6ac-45cd-8b44-6335f4022eba,bb05204b-9818-4e53-9036-6b29b936b0fb
a912bf09-6e10-4a8c-815a-add7ac561f56,f5d6aaee-6d5a-42d5-b3c7-1a30e971cefb,Event,2025-07-30 16:33:05.306764,2025-07-30 16:33:05.306764,b128bf86-7bb7-4ff0-823f-64a5b21cbe61,bb05204b-9818-4e53-9036-6b29b936b0fb
532bc4aa-6cd5-470a-98d7-a96b67db4163,5bedeb08-127a-4398-91ad-8779b389c5c1,Event,2025-07-30 16:33:05.306764,2025-07-30 16:33:05.306764,c48c3ed3-d3e7-42e7-a7ac-4f805a4a3002,bb05204b-9818-4e53-9036-6b29b936b0fb
2a15010e-b05b-4ca8-99d4-dac6d3fa3090,538d7039-3d4d-4075-bc81-00adec267574,PhoneCall,2025-07-30 16:33:05.306764,2025-07-30 16:33:05.306764,1670b4db-dabf-4488-85b9-549fb53403df,bb05204b-9818-4e53-9036-6b29b936b0fb
8ee8b9c5-2cc6-4c4f-9dc3-bbd70fd75009,6910413b-d60e-441e-9162-cc6ee3313db1,Letter,2025-07-30 16:33:05.306764,2025-07-30 16:33:05.306764,dd4312ff-1a19-4e1f-bcd6-c40627f68dbe,bb05204b-9818-4e53-9036-6b29b936b0fb
6b5b16b3-cef2-4c0e-840e-6d91233a8d49,450215c0-f334-4c4a-a51b-081b4f2b8154,Event,2025-07-30 16:33:05.306764,2025-07-30 16:33:05.306764,5390af76-d414-45d7-b275-ca5b008cc5c6,bb05204b-9818-4e53-9036-6b29b936b0fb
13fc9b23-d387-4cbf-8e80-f8f4bbcbb17d,8d22f380-da76-4c2b-acec-69a551599e35,PhoneCall,2025-07-30 16:33:05.306764,2025-07-30 16:33:05.306764,106d468e-36bb-4381-ba85-400149788076,bb05204b-9818-4e53-9036-6b29b936b0fb
fbd899af-2506-462c-ac5f-68478e841803,6a5c3d90-497b-4640-b66a-b0e96cdb0bf3,EmailEngagement,2025-07-30 16:33:05.306764,2025-07-30 16:33:05.306764,1021656f-570c-4f83-a86e-44fd53b05aaa,bb05204b-9818-4e53-9036-6b29b936b0fb
8fdefec8-368e-49a2-9dcb-5b89a8ad2923,80b1dccb-4349-4be6-9b1d-15ee568c5279,Letter,2025-07-30 16:33:05.306764,2025-07-30 16:33:05.306764,ed754c9b-b8ad-49d5-8c4d-882f674566fc,bb05204b-9818-4e53-9036-6b29b936b0fb
8e50cbb2-e4cb-443b-90a7-8f8b9210daff,b4b77718-3705-4236-8ced-37597eb559ae,SocialEngagement,2025-07-30 16:33:05.306764,2025-07-30 16:33:05.306764,7072b75e-331d-42fd-95f4-b3195affaf5a,bb05204b-9818-4e53-9036-6b29b936b0fb
083f2692-68f4-4557-8d2a-70e5bf5a749e,8f8a847e-5f93-4149-a796-832593b1eb53,Letter,2025-07-30 16:33:05.306764,2025-07-30 16:33:05.306764,18b5c8f3-7a58-4a25-bd79-99d24f8c724f,bb05204b-9818-4e53-9036-6b29b936b0fb
fc9a170e-9d0a-42c7-bfcf-2ce9e9a285f5,90217442-9744-44a5-a68b-7acfef623568,EmailEngagement,2025-07-30 16:33:05.306764,2025-07-30 16:33:05.306764,17a883e0-49a5-4b99-9455-e4a7e8bf9020,bb05204b-9818-4e53-9036-6b29b936b0fb
808ecdf0-cfd7-4c6b-a87f-f6198493c251,222e358e-9da0-4d57-94f8-d4f5d75205d6,Event,2025-07-30 16:33:05.306764,2025-07-30 16:33:05.306764,670be151-ce86-48cb-8fae-6e6dbe616e67,bb05204b-9818-4e53-9036-6b29b936b0fb
3f3a8cdf-ae6a-474c-8edb-a12d237e050d,5c2e2dbc-a20f-4c87-8b9e-395646c8d922,EmailEngagement,2025-07-30 16:33:05.306764,2025-07-30 16:33:05.306764,de19d915-3ff2-4a75-9853-984f3e2a235c,bb05204b-9818-4e53-9036-6b29b936b0fb
2b3ceb57-1f08-43ab-a96c-d9b04c68f98a,1c7ce54f-32dd-4d70-beea-92b77918c104,Event,2025-07-30 16:33:05.306764,2025-07-30 16:33:05.306764,c3da255d-fac1-4dbc-9f54-665103373055,bb05204b-9818-4e53-9036-6b29b936b0fb
83b05c6c-b539-4d1c-8d6d-ef68c89f1ce6,7b3e8e59-2635-4203-a10c-302226f9e1fe,EmailEngagement,2025-07-30 16:33:05.306764,2025-07-30 16:33:05.306764,cfda43f8-9f5c-4a00-883d-1294bf336a24,bb05204b-9818-4e53-9036-6b29b936b0fb
801c634f-1399-49a5-9517-0ed2fdff68df,f7f09410-0346-4214-a0d7-07993877d02f,PhoneCall,2025-07-30 16:33:05.306764,2025-07-30 16:33:05.306764,1cc1105f-7545-49a8-b4fa-b7e62eda9456,bb05204b-9818-4e53-9036-6b29b936b0fb
64ca8357-ae5e-434e-8d41-b8a34f1fc53f,02a6b979-536f-4c4d-affb-15b1ab237fe2,PhoneCall,2025-07-30 16:33:05.306764,2025-07-30 16:33:05.306764,322733bb-9029-42ca-97cc-97b6e7ae53f2,bb05204b-9818-4e53-9036-6b29b936b0fb
ab0b9390-f955-4428-aaad-7d60c2dda111,9f0b21a2-0548-4233-b344-38cf1b9417d2,PhoneCall,2025-07-30 16:33:05.306764,2025-07-30 16:33:05.306764,89e8befb-42b2-47da-8fef-3e8d91a72674,bb05204b-9818-4e53-9036-6b29b936b0fb
7329493c-5e8a-4181-bf15-197fb81da9f0,30e3de19-5bd9-4f4d-a701-af87b9beae7c,PhoneCall,2025-07-30 16:33:05.306764,2025-07-30 16:33:05.306764,3676d0c6-548f-4b1a-8563-40f9d7a284f9,bb05204b-9818-4e53-9036-6b29b936b0fb
efa2faac-2197-42e0-86d7-3cb09739b14f,c7f9ea0b-a0dd-4a25-9ea0-f350e03225dc,Event,2025-07-30 16:33:05.306764,2025-07-30 16:33:05.306764,ac063d50-1462-465e-8f29-ff260f32df02,bb05204b-9818-4e53-9036-6b29b936b0fb
bb02e967-2328-454b-8c9f-b277d1a3dff6,4503aa46-8462-4c1a-83e5-dfee00c79a9d,Letter,2025-07-30 16:33:05.306764,2025-07-30 16:33:05.306764,fb80e496-0357-4679-89a4-6de005303a2a,bb05204b-9818-4e53-9036-6b29b936b0fb
60f5af22-cbdb-4fbe-a1f4-1d7ae8c306f5,10f3dd82-5599-464c-bf2d-f820e476e4ea,SocialEngagement,2025-07-30 16:33:05.306764,2025-07-30 16:33:05.306764,a65d87f7-badf-4e87-9b09-7f7245f32150,bb05204b-9818-4e53-9036-6b29b936b0fb
b958949f-f8d3-4ebb-8e8e-cfae1685007d,502c96b2-0a3b-44f7-b753-1488fdd2c77e,Letter,2025-07-30 16:33:05.306764,2025-07-30 16:33:05.306764,08b3f1a2-542a-498b-b690-3e151ae678fd,bb05204b-9818-4e53-9036-6b29b936b0fb
d44727ca-3c9f-481d-a285-fb9e4bddf914,e26fafb8-eb62-427b-9b2a-6f42fb48fbcb,Event,2025-07-30 16:33:05.306764,2025-07-30 16:33:05.306764,56f2aed5-128d-4a7c-b67c-17e205b8572c,bb05204b-9818-4e53-9036-6b29b936b0fb
20d9a820-dbba-4b3d-a972-e4ca1382983d,10b7b773-dd51-4c25-baeb-fd9034254d8f,Event,2025-07-30 16:33:05.306764,2025-07-30 16:33:05.306764,87e37ed7-51ef-4335-b15b-0d1a8b3da3fa,bb05204b-9818-4e53-9036-6b29b936b0fb
0e28438f-9f11-4519-a7ae-27dc269936f9,92c204fc-657f-40f2-ac23-2b45a70092de,Event,2025-07-30 16:33:05.306764,2025-07-30 16:33:05.306764,e39a3032-abe9-46a0-8519-996e2e85a332,bb05204b-9818-4e53-9036-6b29b936b0fb
25706520-b104-4a82-83d1-5f5fb5e4b40a,6700f41e-6413-4ecf-b99a-ec62eae90885,SocialEngagement,2025-07-30 16:33:05.306764,2025-07-30 16:33:05.306764,46a01793-0113-4c74-9b39-c6ccc1e04f48,bb05204b-9818-4e53-9036-6b29b936b0fb
b6f5a843-6e26-402f-bb4e-592501a9258c,8e91b429-3970-4df6-9067-d1077b141599,Event,2025-07-30 16:33:05.306764,2025-07-30 16:33:05.306764,f0d6e344-07cb-471f-9b02-cb5be86c3106,bb05204b-9818-4e53-9036-6b29b936b0fb
74fd50b0-1766-432d-aeaa-15e93adc01cd,532c75bd-956e-4801-b2a3-f5c0c0c19a73,EmailEngagement,2025-07-30 16:33:05.306764,2025-07-30 16:33:05.306764,ae51e994-508a-477e-a55c-a3c96203fb09,bb05204b-9818-4e53-9036-6b29b936b0fb
6caf3a8f-e85d-4af5-a3c8-f9a14c33a8c7,54d95c2f-2f11-414b-aeec-e26953a93e7c,PhoneCall,2025-07-30 16:33:05.306764,2025-07-30 16:33:05.306764,a108d6e1-1a23-4555-a2c3-76ba73308233,bb05204b-9818-4e53-9036-6b29b936b0fb
dfc1e3d3-6dac-4775-a9d2-74c3b62bce98,7cf107e8-9d3f-4058-b75b-aa857d267a84,Letter,2025-07-30 16:33:05.306764,2025-07-30 16:33:05.306764,dac77679-d245-48c3-a8d0-7ad919709a3c,bb05204b-9818-4e53-9036-6b29b936b0fb
e9ad0a8f-eaab-4667-a952-3cd28b9806ee,b12a9130-d918-46d4-92a3-9a584a9cca28,EmailEngagement,2025-07-30 16:33:05.306764,2025-07-30 16:33:05.306764,e5d4be37-e051-4b9f-ab01-a53980bd7688,bb05204b-9818-4e53-9036-6b29b936b0fb
41b35b30-9da0-47f3-8916-ded12dcc6a1b,6c7b0324-0fcd-415d-a5c5-1206f96ca549,Letter,2025-07-30 16:33:05.306764,2025-07-30 16:33:05.306764,129262ea-cd23-4e6e-8eb5-0e2482c83bbe,bb05204b-9818-4e53-9036-6b29b936b0fb
531b792b-2026-4da7-8604-e75a9825678c,c44b6e0f-78b0-46cf-8552-1123c2a8da62,SocialEngagement,2025-07-30 16:33:05.306764,2025-07-30 16:33:05.306764,323afb68-73e7-47e1-8430-c83960d69ecd,bb05204b-9818-4e53-9036-6b29b936b0fb
dd86572d-6cc8-43fa-8c16-6bbb7467e5d2,33a69927-ff79-450b-931b-97084c124581,Letter,2025-07-30 16:33:05.306764,2025-07-30 16:33:05.306764,05a68aba-687d-47b0-9e73-371391f5fafd,bb05204b-9818-4e53-9036-6b29b936b0fb
c04d48a9-c90f-4927-b147-b7ec8b4918f3,84ffde31-78ed-4efc-90cd-efb7625d3047,Event,2025-07-30 16:33:05.306764,2025-07-30 16:33:05.306764,51845478-fc80-43c7-8aa9-0f26481fe212,bb05204b-9818-4e53-9036-6b29b936b0fb
f8bbe006-fc44-4263-a10a-e0df220d5c47,124aeceb-4b33-4b53-9191-187bd9b0a34e,Letter,2025-07-30 16:33:05.306764,2025-07-30 16:33:05.306764,15b7a282-c129-446c-8a03-c1b062a61ee2,bb05204b-9818-4e53-9036-6b29b936b0fb
9d9ad79c-9c0e-428e-b227-1ac5c866695e,d0536125-0968-48aa-987b-f197c3078c44,PhoneCall,2025-07-30 16:33:05.306764,2025-07-30 16:33:05.306764,e00dc5f6-3b4e-488d-8980-112a13b1f918,bb05204b-9818-4e53-9036-6b29b936b0fb
bf9745a7-8ce3-40a1-8c53-bbfb3cc7ee49,7697dac7-df15-43ee-a3d2-fc40b4a4fb11,SocialEngagement,2025-07-30 16:33:05.306764,2025-07-30 16:33:05.306764,c0849834-b95e-46a9-9341-ebbec1492b56,bb05204b-9818-4e53-9036-6b29b936b0fb
b578fedf-8ac6-497c-aa06-8cc44928710e,c6568578-f808-4293-8636-fe3d8b22cee3,SocialEngagement,2025-07-30 16:33:05.306764,2025-07-30 16:33:05.306764,b9a9ac67-7c77-48b8-a7bb-5b9896afe4bd,bb05204b-9818-4e53-9036-6b29b936b0fb
d22239a7-5eaa-43aa-be6b-5e4e2db7cde1,5db5bdc6-ac9d-4eed-8438-5fdd4a62634c,Event,2025-07-30 16:33:05.306764,2025-07-30 16:33:05.306764,83fcb165-6e8f-44c8-b179-84bebdeca776,bb05204b-9818-4e53-9036-6b29b936b0fb
189e012a-3198-44d3-bfd7-5336be5ae329,23b083d0-00d8-41f1-b9c3-4af67a9fae66,SocialEngagement,2025-07-30 16:33:05.306764,2025-07-30 16:33:05.306764,0ec0eb02-b988-4480-9492-ed9fdca7561e,bb05204b-9818-4e53-9036-6b29b936b0fb
759fe0e4-d687-4b15-b1b6-6e154c3539de,330de339-e509-457c-b371-4552688c7058,Letter,2025-07-30 16:33:05.306764,2025-07-30 16:33:05.306764,1ffba30a-e002-45d0-b8cf-dee42762e71c,bb05204b-9818-4e53-9036-6b29b936b0fb
3af06996-2216-4204-9b77-f848cd980df7,884c06db-f6bc-4cc8-8674-32b98d8c3461,Event,2025-07-30 16:33:05.306764,2025-07-30 16:33:05.306764,2c705050-a87f-41b4-b0e9-08842f486e26,bb05204b-9818-4e53-9036-6b29b936b0fb
f5d26317-a438-4f79-8dff-c1f2bc777aae,295b5b43-df0c-44c2-a8ab-1d3552c52b6c,EmailEngagement,2025-07-30 16:33:05.306764,2025-07-30 16:33:05.306764,e91d1752-0521-4f48-bb11-94a2f39cb7af,bb05204b-9818-4e53-9036-6b29b936b0fb
f9c2f1c5-ec74-4f14-98aa-3df812f6b14d,ce46d283-08c8-45a9-ac68-8414d5770491,Letter,2025-07-30 16:33:05.306764,2025-07-30 16:33:05.306764,f1329de5-95b5-4102-81f2-f52ae55669d4,bb05204b-9818-4e53-9036-6b29b936b0fb
c443b866-87e0-4e64-99b6-ec6471ad23f9,41fd44fd-4d57-415f-9648-cbdadd4ca833,EmailEngagement,2025-07-30 16:33:05.306764,2025-07-30 16:33:05.306764,a81d31a0-4071-4124-8cdc-195830108516,bb05204b-9818-4e53-9036-6b29b936b0fb
3667427c-4b28-42b3-b0ee-1bd78f732f53,9d4dee86-647b-4a7a-b240-f8de1b90ac02,Letter,2025-07-30 16:33:05.306764,2025-07-30 16:33:05.306764,7c301bb7-cef7-4f50-afcd-d763bcd068c1,bb05204b-9818-4e53-9036-6b29b936b0fb
ce757803-6d61-4ef3-a3a4-cea96a2402cd,ab292ff8-0d0d-4293-9f08-ee0ffca6ef3d,SocialEngagement,2025-07-30 16:33:05.306764,2025-07-30 16:33:05.306764,4af822b0-ce13-4f35-b1ad-d6404edd3fef,bb05204b-9818-4e53-9036-6b29b936b0fb
e2d6542b-4a38-4c46-ae9c-ae892c0cfb6a,d23ea0c5-2978-4070-b536-126b0537eaee,PhoneCall,2025-07-30 16:33:05.306764,2025-07-30 16:33:05.306764,757ed5a4-2b89-41ec-8b97-be873a5f73fa,bb05204b-9818-4e53-9036-6b29b936b0fb
9b309624-9f69-4a02-9ff6-7934bdaf30f9,650fb94a-0817-4c4a-b266-33d7b739a74e,Event,2025-07-30 16:33:05.306764,2025-07-30 16:33:05.306764,cda72b1c-5e58-41fd-aa84-2ad39dcc9a59,bb05204b-9818-4e53-9036-6b29b936b0fb
00392dad-697e-49ce-ac34-201c5f83a1d1,30dcf00d-67a0-4e4d-8b34-006914a12dfb,SocialEngagement,2025-07-30 16:33:05.306764,2025-07-30 16:33:05.306764,b777989f-62be-4848-bae3-b84d0955ab4c,bb05204b-9818-4e53-9036-6b29b936b0fb
eb9804be-b2dc-4a16-a933-eee04d900f75,a2e338bf-c476-48ac-8ab3-e1f18d1ed6f2,Letter,2025-07-30 16:33:05.306764,2025-07-30 16:33:05.306764,a3a19d1e-fb62-4776-9bd9-435928b48fe9,bb05204b-9818-4e53-9036-6b29b936b0fb
dfd4b545-7875-498c-8d76-ec873b40a73d,f48ffb4b-052f-47f3-a51d-c2f9fee23077,SocialEngagement,2025-07-30 16:33:05.306764,2025-07-30 16:33:05.306764,c16f8a49-9d7c-41f7-9204-743c69992cf8,bb05204b-9818-4e53-9036-6b29b936b0fb
01033467-236f-45ee-a1f8-b45951b782d0,63b93d6f-ba05-4340-8796-6a91738f4444,EmailEngagement,2025-07-30 16:33:05.306764,2025-07-30 16:33:05.306764,8cb64247-c625-466a-baf8-287f7f81f7c9,bb05204b-9818-4e53-9036-6b29b936b0fb
02823a9b-8225-4f28-bf2c-c11c08ec2b7b,36541473-2fa8-4682-8563-e87f071440bc,Event,2025-07-30 16:33:05.306764,2025-07-30 16:33:05.306764,bce539c7-6a27-47d7-94d6-3b8140211efe,bb05204b-9818-4e53-9036-6b29b936b0fb
b29d81f4-9c9f-4de8-a12c-b99f274ea750,58047209-00f5-4603-a22e-facb542f2f6d,SocialEngagement,2025-07-30 16:33:05.306764,2025-07-30 16:33:05.306764,dde28a31-f0b8-4340-b539-7bbac2432b06,bb05204b-9818-4e53-9036-6b29b936b0fb
e968f708-8fcd-42ee-a575-fafaebb9f2d3,584ce67a-e276-4297-900b-9eb2dd2619b6,Letter,2025-07-30 16:33:05.306764,2025-07-30 16:33:05.306764,338c15e2-8853-4540-9919-5da6364141ab,bb05204b-9818-4e53-9036-6b29b936b0fb
3138b9d5-b20f-4397-bbfe-72ada1b698c7,f1786abb-655e-4928-9290-7c12874d872c,PhoneCall,2025-07-30 16:33:05.306764,2025-07-30 16:33:05.306764,29fa2735-4efa-422c-a96e-8d6ffdccbba0,bb05204b-9818-4e53-9036-6b29b936b0fb
87599728-d041-4609-b915-c0b38ac1bfe7,bd926b8c-6686-4f31-8422-7620ccd2779b,EmailEngagement,2025-07-30 16:33:05.306764,2025-07-30 16:33:05.306764,3bd10964-66d0-460f-9168-3ed57af1fd45,bb05204b-9818-4e53-9036-6b29b936b0fb
336d0636-ee0a-4651-a8dd-22e127c2e894,1a5ef554-d236-4d19-b184-e1a23c61cb58,PhoneCall,2025-07-30 16:33:05.306764,2025-07-30 16:33:05.306764,cf183137-7345-45c9-9cea-118d3449a00b,bb05204b-9818-4e53-9036-6b29b936b0fb
2c362c91-c57e-4038-9a4c-7489a4ec7054,85e62bdd-c72b-4d4d-8144-25e2e733a07d,EmailEngagement,2025-07-30 16:33:05.306764,2025-07-30 16:33:05.306764,30d90cd8-d96d-4058-b7ab-62755ac6b6f2,bb05204b-9818-4e53-9036-6b29b936b0fb
89c0cac4-5762-455b-92b8-ca19f698fe94,53d4550d-ea9b-42e4-9117-cd026eec46c0,Event,2025-07-30 16:33:05.306764,2025-07-30 16:33:05.306764,137b3dcd-8902-425d-a84d-9eadb1efdf33,bb05204b-9818-4e53-9036-6b29b936b0fb
a70dfe0d-4e1f-471a-b8b1-aba5e8d28361,ab292ff8-0d0d-4293-9f08-ee0ffca6ef3d,SocialEngagement,2025-07-30 16:33:05.306764,2025-07-30 16:33:05.306764,ad62ccbb-56c7-4975-8667-42743e6462f7,bb05204b-9818-4e53-9036-6b29b936b0fb
f93c098f-71ba-4453-a529-92edfdfbbb16,fcfdab4c-1a7c-46b3-a5b3-15e545baac50,Letter,2025-07-30 16:33:05.306764,2025-07-30 16:33:05.306764,5f0a38f3-f55a-48ee-8da7-df267d89da22,bb05204b-9818-4e53-9036-6b29b936b0fb
7bb46fed-c8ca-4a7f-8f8d-00be847510e5,25aaff1d-00a8-45a7-b138-d0d63153c24a,PhoneCall,2025-07-30 16:33:05.306764,2025-07-30 16:33:05.306764,93bf9701-669d-4924-92ab-929246c92a87,bb05204b-9818-4e53-9036-6b29b936b0fb
b63943c8-67aa-420a-ae5e-702187831d78,aa0f6dfd-cbe1-4864-aa40-5ece89051504,SocialEngagement,2025-07-30 16:33:05.306764,2025-07-30 16:33:05.306764,6b9475ca-c128-4b04-b003-c07e4d689a1b,bb05204b-9818-4e53-9036-6b29b936b0fb
4045fd57-4a03-45d9-9191-0fcbfb122605,1dd475fa-0a91-4bc4-957e-6893dceaf2a9,SocialEngagement,2025-07-30 16:33:05.306764,2025-07-30 16:33:05.306764,e33dece1-5b20-4ff3-ac7e-708121902975,bb05204b-9818-4e53-9036-6b29b936b0fb
007e130c-311f-4bca-9e0d-409c2b1b4659,06965f5b-a1a7-4fbd-9e97-c69f9c71000a,Event,2025-07-30 16:33:05.306764,2025-07-30 16:33:05.306764,481c78ac-89fc-4efe-8490-59b97449452e,bb05204b-9818-4e53-9036-6b29b936b0fb
9e640ecb-094d-482a-b0f9-3a2163ad227e,b7449e1d-1afa-4959-8001-dfa90ae4202d,Event,2025-07-30 16:33:05.306764,2025-07-30 16:33:05.306764,177df32f-e792-442c-9701-3f5cd86c8a88,bb05204b-9818-4e53-9036-6b29b936b0fb
3b67914b-04e4-4857-ab36-9691be5b844a,747f237f-46ec-4d11-bb9f-4880a9a2d5d6,SocialEngagement,2025-07-30 16:33:05.306764,2025-07-30 16:33:05.306764,d9004957-1749-4bc9-844e-9864f4b25475,bb05204b-9818-4e53-9036-6b29b936b0fb
4c9eec7b-2b80-48ab-9a86-39b8b089a862,6bbb053d-e6db-40a8-b63f-c3d07dcb023d,Event,2025-07-30 16:33:05.306764,2025-07-30 16:33:05.306764,4d544926-8847-47f9-bb76-72f4ca46a87b,bb05204b-9818-4e53-9036-6b29b936b0fb
b147421f-98da-46fb-99cc-df4aabaacdea,34bf2ef8-6899-466a-8559-a5e2ee4d211a,EmailEngagement,2025-07-30 16:33:05.306764,2025-07-30 16:33:05.306764,cd2ffc76-fb7f-47bd-bf02-3bd3dfd6255a,bb05204b-9818-4e53-9036-6b29b936b0fb
f2c7d667-5ad5-4faa-8db8-a05387b8f162,d2873ff6-a835-48f4-8338-c7a5c79be3fa,Letter,2025-07-30 16:33:05.306764,2025-07-30 16:33:05.306764,90e92a66-46ae-4bdd-9ce9-377cf922464a,bb05204b-9818-4e53-9036-6b29b936b0fb
19c874fc-98ad-4821-9f54-4d39ad24dbd8,49e2692c-cc0d-4b91-9154-1b8ab178c798,Event,2025-07-30 16:33:05.306764,2025-07-30 16:33:05.306764,2d1299e6-3565-400a-a07d-af1b7b87b692,bb05204b-9818-4e53-9036-6b29b936b0fb
444ab96c-6827-46c0-b0db-08f1d246a0a9,e2b5b588-ee6c-4a4e-9387-387e921186bb,PhoneCall,2025-07-30 16:33:05.306764,2025-07-30 16:33:05.306764,f5c26519-8142-4e49-ac8e-6d53c1fb24ab,bb05204b-9818-4e53-9036-6b29b936b0fb
ba815d2f-4a85-4899-bd7c-4709f5dc7310,bd6338e5-8c80-4ccc-bd2c-17b1bf0e4b7a,SocialEngagement,2025-07-30 16:33:05.306764,2025-07-30 16:33:05.306764,c488d3b6-b3f3-4bb9-9e42-7c7afa79f7f6,bb05204b-9818-4e53-9036-6b29b936b0fb
ad536f75-e4ab-4eb9-964b-6f1180bc46d3,0bb897bd-9638-466e-af6d-fd257bf3f000,EmailEngagement,2025-07-30 16:33:05.306764,2025-07-30 16:33:05.306764,6de2299b-f4b4-4659-a7d7-96c5302aa8f2,bb05204b-9818-4e53-9036-6b29b936b0fb
cd011ca3-2bf3-4a7d-acab-0c5d8c1a1daf,b2070949-8eaf-4f25-a716-b20389b4ab51,PhoneCall,2025-07-30 16:33:05.306764,2025-07-30 16:33:05.306764,fb122322-eb48-4112-8e00-0da949a7db63,bb05204b-9818-4e53-9036-6b29b936b0fb
b9916540-a325-4b31-9524-88bb294a1b47,1e59f944-a064-41cc-b3f2-86eaf8842030,SocialEngagement,2025-07-30 16:33:05.306764,2025-07-30 16:33:05.306764,a13b7c05-9396-4737-b593-968d14448310,bb05204b-9818-4e53-9036-6b29b936b0fb
0ce7a6ee-fc85-464b-beb7-a60cf3423064,407f44b7-8e9b-4928-bad4-3f4131caca59,EmailEngagement,2025-07-30 16:33:05.306764,2025-07-30 16:33:05.306764,6121af76-a427-4a5f-b825-2cd25b80e7fb,bb05204b-9818-4e53-9036-6b29b936b0fb
fd34e3b3-2d85-4115-92e7-fcb9b7503412,3e4c0b0c-9d9d-4027-bd27-d34763d5ecfc,Event,2025-07-30 16:33:05.306764,2025-07-30 16:33:05.306764,61f91b3a-f629-415d-9351-854095bab78d,bb05204b-9818-4e53-9036-6b29b936b0fb
27e4daae-0cea-4f2d-92d2-7e2e82f8e1da,53c176d7-ddab-4632-977d-7469f0f91d8d,Letter,2025-07-30 16:33:05.306764,2025-07-30 16:33:05.306764,aa42d08f-54d9-4fa4-b34d-d94e5b2f02cc,bb05204b-9818-4e53-9036-6b29b936b0fb
50bf6498-4d01-44b2-89a8-7e1247f93afa,3ab1d2b2-45e5-4cf8-a85e-ea7c5a8ee59e,SocialEngagement,2025-07-30 16:33:05.306764,2025-07-30 16:33:05.306764,e156fab4-721f-4b44-b1ff-5821e779215c,bb05204b-9818-4e53-9036-6b29b936b0fb
fbb24744-8cb3-418d-8591-ddeeb8c049c9,4dfbec70-b007-42f2-985f-d704d4692c00,PhoneCall,2025-07-30 16:33:05.306764,2025-07-30 16:33:05.306764,acc348d3-81c9-432e-a7cc-362e6fb3951a,bb05204b-9818-4e53-9036-6b29b936b0fb
180e7248-8414-4eb4-be22-b3a20c3a55d8,1a01a2b0-6d7b-41b2-b258-8f8b1ca5757e,SocialEngagement,2025-07-30 16:33:05.306764,2025-07-30 16:33:05.306764,04360ddb-4905-4ade-a195-011219f9aedd,bb05204b-9818-4e53-9036-6b29b936b0fb
cf9f04b4-dc0f-4e07-a2fc-299e84b6f929,eea0cce2-b116-4c79-87d0-2579586582c3,PhoneCall,2025-07-30 16:33:05.306764,2025-07-30 16:33:05.306764,f8d9e5dc-151a-49b9-87f0-006f9033d18c,bb05204b-9818-4e53-9036-6b29b936b0fb
f2401ae7-0aa8-4cc0-b3cb-40ba3b1bad57,bfe5599c-72d3-46c6-ac47-572d6f681d41,EmailEngagement,2025-07-30 16:33:05.306764,2025-07-30 16:33:05.306764,4eebcbf3-381d-4834-a482-c8367b8ad2bf,bb05204b-9818-4e53-9036-6b29b936b0fb
e62b684a-b43b-4da2-82f0-de0fdff2b53e,3ab6cf7d-6052-445f-9b73-6aa18c7ac833,Event,2025-07-30 16:33:05.306764,2025-07-30 16:33:05.306764,4d632d8c-e245-44e4-a7a9-0c401270a436,bb05204b-9818-4e53-9036-6b29b936b0fb
0966682d-f6ee-490a-a0a8-f6b2f7fb5e14,a9c6d211-1d74-49e3-9ff3-3f51299f1069,EmailEngagement,2025-07-30 16:33:05.306764,2025-07-30 16:33:05.306764,92125e07-3414-4eb8-a031-29fe46a8098c,bb05204b-9818-4e53-9036-6b29b936b0fb
1e43e633-45c4-4b4f-b163-3191db1734c0,a1d95ccb-0176-40c2-95c7-da832b8998cb,Letter,2025-07-30 16:33:05.306764,2025-07-30 16:33:05.306764,0fc6d2a0-ec31-4cbb-b9e4-e8d72ec70577,bb05204b-9818-4e53-9036-6b29b936b0fb
1dc955dc-9612-46fb-a82e-941d922ffd94,e6e0e813-ec76-4ea4-a088-dced4fda4dda,SocialEngagement,2025-07-30 16:33:05.306764,2025-07-30 16:33:05.306764,312005af-136b-48a2-908a-e296e60812a6,bb05204b-9818-4e53-9036-6b29b936b0fb
a43b2563-d90f-4b56-b802-147a6cc69814,75e7243d-4777-434d-9495-c4e5766d850d,PhoneCall,2025-07-30 16:33:05.306764,2025-07-30 16:33:05.306764,74231939-3801-480b-9265-1312726aeeb1,bb05204b-9818-4e53-9036-6b29b936b0fb
49a447e2-d2d9-4e8d-bdb6-761038e376db,31ece0a6-1a66-47f8-9e4f-7d09beae07bc,Letter,2025-07-30 16:33:05.306764,2025-07-30 16:33:05.306764,9f8a6882-6e61-4da5-985e-04121cba912e,bb05204b-9818-4e53-9036-6b29b936b0fb
5be41be3-c610-432c-aa36-dbfa4765ac7e,ae160804-66a1-4633-b36d-ce0dd24ce3f1,SocialEngagement,2025-07-30 16:33:05.306764,2025-07-30 16:33:05.306764,bc9e86d0-41a0-4e1b-8bf7-0f14975921a3,bb05204b-9818-4e53-9036-6b29b936b0fb
3571b0e1-31f3-4139-8c71-ce7246a42cce,3202bd90-c6ce-4daa-9c20-b3aa3118ec4f,Letter,2025-07-30 16:33:05.306764,2025-07-30 16:33:05.306764,dde8614a-3fc2-4845-bbd2-a1893c7722e2,bb05204b-9818-4e53-9036-6b29b936b0fb
0499438d-cc52-4cea-a48a-5f350b58a7ce,7b49f31c-92d5-4d36-b566-5b0408e8a607,EmailEngagement,2025-07-30 16:33:05.306764,2025-07-30 16:33:05.306764,0290b02f-43db-4b1a-a4ef-86ca92a2869d,bb05204b-9818-4e53-9036-6b29b936b0fb
23e6024a-e71a-4cf7-946b-aac4bdfc6732,920e42f8-fc1e-43c7-915b-e888fec5981d,Event,2025-07-30 16:33:05.306764,2025-07-30 16:33:05.306764,178ade79-c6e9-4f22-8ee5-6a642884bc26,bb05204b-9818-4e53-9036-6b29b936b0fb
77af20f7-dda8-490d-b12b-bcc6b19000d7,9132c588-3007-440b-9925-90d2cf423926,EmailEngagement,2025-07-30 16:33:05.306764,2025-07-30 16:33:05.306764,088b6d5b-9b4d-44e4-8e10-0e316a1dd71f,bb05204b-9818-4e53-9036-6b29b936b0fb
c69457fa-6f56-4d16-be21-d9f1af2c22c4,0aa564cb-1343-4f38-9022-2726a8c9ab04,SocialEngagement,2025-07-30 16:33:05.306764,2025-07-30 16:33:05.306764,849fc77a-8777-453f-8419-8f05ff503b22,bb05204b-9818-4e53-9036-6b29b936b0fb
f92758bc-9c55-4b13-9553-372ee539f0c2,22818598-a000-4a3a-be25-c33bee3588a0,PhoneCall,2025-07-30 16:33:05.306764,2025-07-30 16:33:05.306764,ae071cb3-587a-4b95-a22c-5927413a73b3,bb05204b-9818-4e53-9036-6b29b936b0fb
af21b2b1-a175-4f03-9321-45d8dba46c1d,06965f5b-a1a7-4fbd-9e97-c69f9c71000a,Event,2025-07-30 16:33:05.306764,2025-07-30 16:33:05.306764,46df40e6-82b3-4151-b823-b7d510d76e2c,bb05204b-9818-4e53-9036-6b29b936b0fb
598ee3bc-b864-4506-bda9-624b50804453,6640c45a-f48d-41d5-baac-5cae1119c9f1,PhoneCall,2025-07-30 16:33:05.306764,2025-07-30 16:33:05.306764,72306ff4-76c7-478c-9a2f-779e92522879,bb05204b-9818-4e53-9036-6b29b936b0fb
07ea5641-dda5-431a-a133-77fa0fda028b,67cf0d00-1899-40b7-aa19-ba0ea661f1d4,Event,2025-07-30 16:33:05.306764,2025-07-30 16:33:05.306764,af020488-bb14-42a1-93d8-54ae551b2b48,bb05204b-9818-4e53-9036-6b29b936b0fb
3051df84-aae1-4a2b-b5cb-48bc838e40c2,d517885b-cff0-4ac8-9244-09b8024bb18e,PhoneCall,2025-07-30 16:33:05.306764,2025-07-30 16:33:05.306764,104ff69d-f90f-4b43-81d8-d9172abd6289,bb05204b-9818-4e53-9036-6b29b936b0fb
8055ec21-1313-420c-954c-33b5080afb4e,15c40099-9494-4256-b425-930d3f1f1ffd,Event,2025-07-30 16:33:05.306764,2025-07-30 16:33:05.306764,4c075f3f-33c3-427a-8701-303e3fb8d586,bb05204b-9818-4e53-9036-6b29b936b0fb
7211930e-62f1-45b4-91ab-bee73c6d7dde,9c50c82d-d3aa-417c-a2e8-8da7457a09c0,PhoneCall,2025-07-30 16:33:05.306764,2025-07-30 16:33:05.306764,dd2d77eb-840e-47e9-b170-50bfb1e3312c,bb05204b-9818-4e53-9036-6b29b936b0fb
8894c0ad-319e-4411-925b-369360b22f47,8d5efb5b-38dc-422e-a13d-3f8d4b00f88b,Letter,2025-07-30 16:33:05.306764,2025-07-30 16:33:05.306764,01899ba1-1ab1-42d3-9e58-e71fc1b47469,bb05204b-9818-4e53-9036-6b29b936b0fb
f1e6676a-84c6-48ff-a8d2-2be85e2ab192,3f67564e-d3c8-460d-971c-408286fee13c,PhoneCall,2025-07-30 16:33:05.306764,2025-07-30 16:33:05.306764,3ce5bc27-2290-4bf6-9a16-dd218007ba3b,bb05204b-9818-4e53-9036-6b29b936b0fb
38222049-d76e-43ef-af92-03beb43c59a5,b4ca62b0-40a7-451d-91fc-0f3d2f5eea0d,SocialEngagement,2025-07-30 16:33:05.306764,2025-07-30 16:33:05.306764,81026c71-83f7-4157-ab6e-3448cdc4b3ce,bb05204b-9818-4e53-9036-6b29b936b0fb
3ddca34f-467f-4ffc-80ca-d6f4b787482a,879d34ea-008a-4921-a257-b04857e2944c,Letter,2025-07-30 16:33:05.306764,2025-07-30 16:33:05.306764,d93124d1-2dc4-4f3e-99e3-a084bac56ffc,bb05204b-9818-4e53-9036-6b29b936b0fb
b2aa9f0a-be24-4d77-be2a-6f8561bc4d1e,c1d07a7e-8012-4b32-8d20-12afda5eb83c,PhoneCall,2025-07-30 16:33:05.306764,2025-07-30 16:33:05.306764,fc9e2b3c-07e0-4ccc-998f-cb7df6086310,bb05204b-9818-4e53-9036-6b29b936b0fb
6b6831bd-1e06-4969-8143-9a3fa87ac67d,57ec4c08-e8d9-454c-8581-b881a03f3a7c,PhoneCall,2025-07-30 16:33:05.306764,2025-07-30 16:33:05.306764,0091612a-a861-478e-93a3-5a80d0a80fcf,bb05204b-9818-4e53-9036-6b29b936b0fb
c1349388-3aa1-4db5-bdaa-d9891bd8020d,187bffe4-718d-406a-a16c-7bc1edf7e27a,EmailEngagement,2025-07-30 16:33:05.306764,2025-07-30 16:33:05.306764,c8791c88-c669-4077-9e18-f64a79de87c8,bb05204b-9818-4e53-9036-6b29b936b0fb
8f27d060-88a4-460b-bfb1-87fff7ed376a,3e146075-f1eb-4253-85af-5b28b999f3f6,Event,2025-07-30 16:33:05.306764,2025-07-30 16:33:05.306764,e05bbe9c-6390-4537-bcd6-30d39d9180bf,bb05204b-9818-4e53-9036-6b29b936b0fb
d818920a-c7f0-4755-8cf1-468eae497962,3882ccd6-15a1-49ab-a790-9590f4dfb43f,Letter,2025-07-30 16:33:05.306764,2025-07-30 16:33:05.306764,227e1b35-e0d7-4452-a002-a1fab7ffe0a4,bb05204b-9818-4e53-9036-6b29b936b0fb
3e7f6b20-447a-44d3-aa53-a7fef65711a7,e16cf9ee-fef8-4c79-ba9b-cc96cfbb82f9,SocialEngagement,2025-07-30 16:33:05.306764,2025-07-30 16:33:05.306764,ca50beab-bfe7-4af7-aee6-de1a8a8bac33,bb05204b-9818-4e53-9036-6b29b936b0fb
91a0e2be-fda0-4922-8875-0b5783deafc8,be2e535a-df9b-4757-81a3-696c9efae966,PhoneCall,2025-07-30 16:33:05.306764,2025-07-30 16:33:05.306764,38b44ad2-97fc-4502-9ccd-66e67182ae30,bb05204b-9818-4e53-9036-6b29b936b0fb
3c22be53-5fb7-4763-b50b-38b010cd72e6,2bb9a970-1255-4369-a89c-9cf54fd7860f,Letter,2025-07-30 16:33:05.306764,2025-07-30 16:33:05.306764,a880ce0e-63fe-4dab-8c3b-6c89385a61c2,bb05204b-9818-4e53-9036-6b29b936b0fb
b3183ad8-768c-41dd-8661-5aaec2756a73,79e8cb97-faee-4930-bce5-852c4d22330c,PhoneCall,2025-07-30 16:33:05.306764,2025-07-30 16:33:05.306764,58ec330e-8e12-4edb-816a-292d99fac20d,bb05204b-9818-4e53-9036-6b29b936b0fb
6a425be9-4122-4837-a238-f9f563e36682,6850e3c6-6275-427a-9db8-8e8579bf58cd,PhoneCall,2025-07-30 16:33:05.306764,2025-07-30 16:33:05.306764,7353d61a-8b6b-4bf3-9dc3-e68804fd43fe,bb05204b-9818-4e53-9036-6b29b936b0fb
03a42ea9-5841-49a8-9341-51ac71d2ac44,067277c2-03b3-4af7-a9c1-c2d446e8b5b5,PhoneCall,2025-07-30 16:33:05.306764,2025-07-30 16:33:05.306764,ddab0d9c-c229-4e95-835f-67f5bbd37401,bb05204b-9818-4e53-9036-6b29b936b0fb
e54c9b66-5b49-45cf-8c03-0713dc539425,d7848290-c658-455d-b624-d600af4b049d,SocialEngagement,2025-07-30 16:33:05.306764,2025-07-30 16:33:05.306764,f849d1b6-bd43-4081-a886-51dc56682e10,bb05204b-9818-4e53-9036-6b29b936b0fb
0d5bc07d-3e54-4add-ba00-4b81056ee1cd,a3fd5c1d-aaf8-444e-b1a4-6c572b882ceb,Letter,2025-07-30 16:33:05.306764,2025-07-30 16:33:05.306764,3310a6e0-1398-456c-b4e6-d85e78cd7026,bb05204b-9818-4e53-9036-6b29b936b0fb
b516f9f2-e7c2-442e-9c8b-69e13c474b97,6b59f7ca-1461-46d7-bb75-71df37bc0c9a,PhoneCall,2025-07-30 16:33:05.306764,2025-07-30 16:33:05.306764,d2bdedad-756a-4651-8b4a-fd8b7eceeecc,bb05204b-9818-4e53-9036-6b29b936b0fb
